ID,Date_Time,Year,Month,Mdate,Day,Time,Sensor_ID,Sensor_Name,Hourly_Counts,total_count,Month_num,Day_num
2723167,"June 25, 2019 09:00:00 PM",2019,June,25,Tuesday,21,59,Swanston St - RMIT Building 80,23,8774,6,2
2536136,"January 23, 2019 01:00:00 AM",2019,January,23,Wednesday,1,18,Collins Place (North),13,43097,1,3
497892,"August 06, 2012 03:00:00 PM",2012,August,6,Monday,15,6,Flinders Street Station Underpass,1615,159391,8,1
232723,"November 06, 2010 03:00:00 AM",2010,November,6,Saturday,3,17,Collins Place (South),28,65975,11,6
4508646,"September 19, 2022 09:00:00 AM",2022,September,19,Monday,9,70,Errol Street (East),144,1197,9,1
1690001,"November 28, 2016 01:00:00 PM",2016,November,28,Monday,13,9,Southern Cross Station,1275,61139,11,1
2303791,"July 15, 2018 01:00:00 PM",2018,July,15,Sunday,13,46,Pelham St (South),126,1722,7,7
3778968,"July 13, 2021 11:00:00 PM",2021,July,13,Tuesday,23,72,Flinders St-ACMI,42,1717,7,2
460248,"May 11, 2012 11:00:00 AM",2012,May,11,Friday,11,18,Collins Place (North),476,43097,5,5
2094939,"January 14, 2018 02:00:00 PM",2018,January,14,Sunday,14,6,Flinders Street Station Underpass,2246,159391,1,7
4299784,"May 14, 2022 11:00:00 AM",2022,May,14,Saturday,11,40,Lonsdale St-Spring St (West),501,16821,5,6
3519364,"January 23, 2021 09:00:00 PM",2021,January,23,Saturday,21,56,Lonsdale St - Elizabeth St (North),285,8815,1,6
3633507,"April 07, 2021 01:00:00 PM",2021,April,7,Wednesday,13,59,Swanston St - RMIT Building 80,674,8774,4,3
2572089,"February 22, 2019 06:00:00 PM",2019,February,22,Friday,18,35,Southbank,3946,80829,2,5
3780639,"July 15, 2021 12:00:00 AM",2021,July,15,Thursday,0,12,New Quay,23,21888,7,4
750298,"January 07, 2014 01:00:00 AM",2014,January,7,Tuesday,1,28,The Arts Centre,24,63067,1,2
965839,"October 17, 2014 07:00:00 AM",2014,October,17,Friday,7,3,Melbourne Central,640,102631,10,5
1790912,"March 17, 2017 05:00:00 PM",2017,March,17,Friday,17,14,Sandridge Bridge,1438,51255,3,5
1222922,"August 09, 2015 12:00:00 PM",2015,August,9,Sunday,12,22,Flinders St-Elizabeth St (East),2237,82570,8,7
3526824,"January 28, 2021 02:00:00 PM",2021,January,28,Thursday,14,55,Elizabeth St-La Trobe St (East),1009,13085,1,4
1389515,"January 29, 2016 09:00:00 PM",2016,January,29,Friday,21,28,The Arts Centre,1195,63067,1,5
2662662,"May 08, 2019 08:00:00 AM",2019,May,8,Wednesday,8,6,Flinders Street Station Underpass,4184,159391,5,3
3581794,"March 05, 2021 02:00:00 PM",2021,March,5,Friday,14,28,The Arts Centre,1159,63067,3,5
4471347,"September 04, 2022 10:00:00 PM",2022,September,4,Sunday,22,2,Bourke Street Mall (South),107,123190,9,7
2352226,"August 24, 2018 11:00:00 AM",2018,August,24,Friday,11,2,Bourke Street Mall (South),1702,123190,8,5
4164116,"February 13, 2022 07:00:00 PM",2022,February,13,Sunday,19,52,Elizabeth St-Lonsdale St (South),350,7823,2,7
217091,"September 28, 2010 12:00:00 AM",2010,September,28,Tuesday,0,8,Webb Bridge,43,20727,9,2
862984,"June 06, 2014 02:00:00 AM",2014,June,6,Friday,2,2,Bourke Street Mall (South),33,123190,6,5
3294361,"August 25, 2020 07:00:00 PM",2020,August,25,Tuesday,19,46,Pelham St (S),14,430,8,2
1439050,"March 19, 2016 02:00:00 AM",2016,March,19,Saturday,2,30,Lonsdale St (South),332,35433,3,6
4078783,"May 31, 2021 05:00:00 AM",2021,May,31,Monday,5,19,Chinatown-Swanston St (North),0,29316,5,1
1594076,"August 20, 2016 01:00:00 PM",2016,August,20,Saturday,13,4,Town Hall (West),3410,167769,8,6
2493323,"December 18, 2018 03:00:00 AM",2018,December,18,Tuesday,3,4,Town Hall (West),26,167769,12,2
4274252,"April 24, 2022 04:00:00 PM",2022,April,24,Sunday,16,78,Harbour Esplanade (West) - Bike Path,105,625,4,7
1777394,"March 03, 2017 05:00:00 AM",2017,March,3,Friday,5,2,Bourke Street Mall (South),18,123190,3,5
2653372,"April 30, 2019 09:00:00 PM",2019,April,30,Tuesday,21,26,QV Market-Elizabeth St (West),413,46675,4,2
3530227,"January 30, 2021 06:00:00 PM",2021,January,30,Saturday,18,25,Melbourne Convention Exhibition Centre,977,56737,1,6
2228620,"May 11, 2018 03:00:00 PM",2018,May,11,Friday,15,48,QVM-Queen St (East),308,8664,5,5
3807933,"July 31, 2021 08:00:00 AM",2021,July,31,Saturday,8,56,Lonsdale St - Elizabeth St (North),71,8815,7,6
162648,"May 22, 2010 06:00:00 PM",2010,May,22,Saturday,18,12,New Quay,425,21888,5,6
4461413,"August 19, 2022 11:00:00 PM",2022,August,19,Friday,23,71,Westwood Place,7,361,8,5
3364290,"October 13, 2020 03:00:00 AM",2020,October,13,Tuesday,3,28,The Arts Centre,21,63067,10,2
2103191,"January 22, 2018 01:00:00 AM",2018,January,22,Monday,1,27,QV Market-Peel St,5,11985,1,1
914003,"August 11, 2014 10:00:00 PM",2014,August,11,Monday,22,31,Lygon St (West),177,19296,8,1
3816565,"August 05, 2021 03:00:00 PM",2021,August,5,Thursday,15,52,Elizabeth St-Lonsdale St (South),297,7823,8,4
318186,"June 06, 2011 04:00:00 PM",2011,June,6,Monday,16,11,Waterfront City,40,10824,6,1
3353230,"October 05, 2020 05:00:00 AM",2020,October,5,Monday,5,20,Chinatown-Lt Bourke St (South),11,26134,10,1
1065758,"February 20, 2015 10:00:00 AM",2015,February,20,Friday,10,18,Collins Place (North),537,43097,2,5
3805352,"July 29, 2021 06:00:00 PM",2021,July,29,Thursday,18,71,Westwood Place,67,361,7,4
737996,"December 21, 2013 07:00:00 PM",2013,December,21,Saturday,19,9,Southern Cross Station,81,61139,12,6
2253251,"June 02, 2018 06:00:00 AM",2018,June,2,Saturday,6,39,Alfred Place,22,14784,6,6
2987062,"January 15, 2020 09:00:00 PM",2020,January,15,Wednesday,21,47,Melbourne Central-Elizabeth St (East),426,43401,1,3
2820766,"September 09, 2019 11:00:00 PM",2019,September,9,Monday,23,8,Webb Bridge,13,20727,9,1
3102373,"April 09, 2020 03:00:00 AM",2020,April,9,Thursday,3,7,Birrarung Marr,5,35973,4,4
2881245,"October 27, 2019 07:00:00 PM",2019,October,27,Sunday,19,43,Monash Rd-Swanston St (West),151,10897,10,7
2101471,"January 20, 2018 12:00:00 PM",2018,January,20,Saturday,12,6,Flinders Street Station Underpass,1953,159391,1,6
988855,"November 15, 2014 05:00:00 PM",2014,November,15,Saturday,17,10,Victoria Point,96,21016,11,6
3362738,"October 12, 2020 12:00:00 AM",2020,October,12,Monday,0,49,QVM-Therry St (South),55,7337,10,1
2489125,"December 14, 2018 04:00:00 PM",2018,December,14,Friday,16,45,Little Collins St-Swanston St (East),2006,29926,12,5
4439697,"August 12, 2022 03:00:00 AM",2022,August,12,Friday,3,30,Lonsdale St (South),26,35433,8,5
852716,"May 23, 2014 11:00:00 PM",2014,May,23,Friday,23,31,Lygon St (West),533,19296,5,5
2786892,"August 14, 2019 01:00:00 PM",2019,August,14,Wednesday,13,35,Southbank,1996,80829,8,3
738383,"December 22, 2013 07:00:00 AM",2013,December,22,Sunday,7,25,Melbourne Convention Exhibition Centre,73,56737,12,7
747971,"January 04, 2014 01:00:00 AM",2014,January,4,Saturday,1,5,Princes Bridge,105,118831,1,6
1133440,"May 07, 2015 11:00:00 AM",2015,May,7,Thursday,11,10,Victoria Point,247,21016,5,4
1452968,"April 01, 2016 11:00:00 PM",2016,April,1,Friday,23,39,Alfred Place,99,14784,4,5
3305721,"September 02, 2020 08:00:00 PM",2020,September,2,Wednesday,20,57,Bourke St Bridge,4,13558,9,3
475886,"June 16, 2012 04:00:00 PM",2012,June,16,Saturday,16,14,Sandridge Bridge,528,51255,6,6
2895555,"November 07, 2019 08:00:00 PM",2019,November,7,Thursday,20,43,Monash Rd-Swanston St (West),163,10897,11,4
67701,"October 14, 2009 11:00:00 PM",2009,October,14,Wednesday,23,15,State Library,186,95844,10,3
1672685,"November 09, 2016 09:00:00 PM",2016,November,9,Wednesday,21,8,Webb Bridge,68,20727,11,3
2705876,"June 12, 2019 02:00:00 AM",2019,June,12,Wednesday,2,24,Spencer St-Collins St (North),11,98980,6,3
2730715,"July 01, 2019 11:00:00 PM",2019,July,1,Monday,23,39,Alfred Place,43,14784,7,1
3279857,"August 15, 2020 07:00:00 AM",2020,August,15,Saturday,7,41,Flinders La-Swanston St (West),119,68374,8,6
1661669,"October 29, 2016 02:00:00 AM",2016,October,29,Saturday,2,31,Lygon St (West),62,19296,10,6
59297,"September 25, 2009 12:00:00 PM",2009,September,25,Friday,12,17,Collins Place (South),2707,65975,9,5
3580317,"March 04, 2021 03:00:00 PM",2021,March,4,Thursday,15,59,Swanston St - RMIT Building 80,882,8774,3,4
4280091,"May 30, 2022 10:00:00 PM",2022,May,30,Monday,22,53,Collins St (North),48,36660,5,1
3097806,"April 05, 2020 06:00:00 PM",2020,April,5,Sunday,18,53,Collins St (North),54,36660,4,7
2677229,"May 20, 2019 05:00:00 AM",2019,May,20,Monday,5,26,QV Market-Elizabeth St (West),48,46675,5,1
801335,"March 15, 2014 12:00:00 PM",2014,March,15,Saturday,12,14,Sandridge Bridge,474,51255,3,6
1874719,"June 17, 2017 08:00:00 AM",2017,June,17,Saturday,8,30,Lonsdale St (South),106,35433,6,6
2395782,"September 28, 2018 05:00:00 PM",2018,September,28,Friday,17,11,Waterfront City,148,10824,9,5
19396,"June 19, 2009 06:00:00 PM",2009,June,19,Friday,18,11,Waterfront City,228,10824,6,5
1431748,"March 11, 2016 08:00:00 PM",2016,March,11,Friday,20,7,Birrarung Marr,2630,35973,3,5
2734441,"July 04, 2019 10:00:00 PM",2019,July,4,Thursday,22,26,QV Market-Elizabeth St (West),237,46675,7,4
4388047,"July 19, 2022 02:00:00 AM",2022,July,19,Tuesday,2,14,Sandridge Bridge,15,51255,7,2
1482473,"May 01, 2016 06:00:00 PM",2016,May,1,Sunday,18,37,Lygon St (East),396,9906,5,7
1646877,"October 13, 2016 11:00:00 AM",2016,October,13,Thursday,11,53,Collins St (North),1390,36660,10,4
2458395,"November 19, 2018 02:00:00 AM",2018,November,19,Monday,2,2,Bourke Street Mall (South),9,123190,11,1
4256159,"April 18, 2022 07:00:00 PM",2022,April,18,Monday,19,47,Melbourne Central-Elizabeth St (East),971,43401,4,1
4227149,"March 18, 2022 02:00:00 AM",2022,March,18,Friday,2,78,Harbour Esplanade (West) - Bike Path,1,625,3,5
1136760,"May 11, 2015 03:00:00 AM",2015,May,11,Monday,3,25,Melbourne Convention Exhibition Centre,11,56737,5,1
246644,"December 12, 2010 04:00:00 AM",2010,December,12,Sunday,4,5,Princes Bridge,98,118831,12,7
3630577,"April 05, 2021 05:00:00 PM",2021,April,5,Monday,17,65,Swanston St - City Square,513,7491,4,1
3035306,"February 20, 2020 10:00:00 AM",2020,February,20,Thursday,10,54,Lincoln-Swanston(West),318,2647,2,4
2628848,"April 10, 2019 10:00:00 PM",2019,April,10,Wednesday,22,36,Queen St (West),112,17094,4,3
3678789,"May 07, 2021 05:00:00 PM",2021,May,7,Friday,17,49,QVM-Therry St (South),89,7337,5,5
3118266,"April 20, 2020 07:00:00 PM",2020,April,20,Monday,19,22,Flinders St-Elizabeth St (East),523,82570,4,1
3109587,"April 14, 2020 12:00:00 PM",2020,April,14,Tuesday,12,2,Bourke Street Mall (South),393,123190,4,2
4447273,"August 17, 2022 07:00:00 PM",2022,August,17,Wednesday,19,43,Monash Rd-Swanston St (West),123,10897,8,3
1437593,"March 17, 2016 03:00:00 PM",2016,March,17,Thursday,15,39,Alfred Place,343,14784,3,4
3642077,"April 12, 2021 09:00:00 PM",2021,April,12,Monday,21,65,Swanston St - City Square,506,7491,4,1
2185220,"April 03, 2018 08:00:00 PM",2018,April,3,Tuesday,20,51,QVM-Franklin St (North),83,4985,4,2
3057891,"March 07, 2020 10:00:00 PM",2020,March,7,Saturday,22,7,Birrarung Marr,3803,35973,3,6
3789196,"July 20, 2021 03:00:00 AM",2021,July,20,Tuesday,3,3,Melbourne Central,2,102631,7,2
934439,"September 07, 2014 02:00:00 AM",2014,September,7,Sunday,2,8,Webb Bridge,7,20727,9,7
3115695,"April 18, 2020 11:00:00 PM",2020,April,18,Saturday,23,53,Collins St (North),10,36660,4,6
486222,"July 10, 2012 02:00:00 PM",2012,July,10,Tuesday,14,18,Collins Place (North),485,43097,7,2
1021352,"December 28, 2014 11:00:00 AM",2014,December,28,Sunday,11,18,Collins Place (North),117,43097,12,7
2576433,"February 26, 2019 09:00:00 AM",2019,February,26,Tuesday,9,26,QV Market-Elizabeth St (West),816,46675,2,2
2257633,"June 06, 2018 01:00:00 AM",2018,June,6,Wednesday,1,53,Collins St (North),26,36660,6,3
1588141,"August 14, 2016 05:00:00 AM",2016,August,14,Sunday,5,19,Chinatown-Swanston St (North),45,29316,8,7
1724968,"January 04, 2017 11:00:00 AM",2017,January,4,Wednesday,11,11,Waterfront City,110,10824,1,3
2439392,"November 03, 2018 11:00:00 AM",2018,November,3,Saturday,11,53,Collins St (North),965,36660,11,6
812656,"March 31, 2014 02:00:00 AM",2014,March,31,Monday,2,4,Town Hall (West),144,167769,3,1
2267073,"June 14, 2018 06:00:00 AM",2018,June,14,Thursday,6,36,Queen St (West),74,17094,6,4
4479586,"September 18, 2022 05:00:00 AM",2022,September,18,Sunday,5,8,Webb Bridge,3,20727,9,7
2895858,"November 08, 2019 02:00:00 AM",2019,November,8,Friday,2,5,Princes Bridge,37,118831,11,5
464078,"May 20, 2012 08:00:00 AM",2012,May,20,Sunday,8,14,Sandridge Bridge,136,51255,5,7
4430331,"August 24, 2022 09:00:00 PM",2022,August,24,Wednesday,21,11,Waterfront City,53,10824,8,3
78695,"November 09, 2009 10:00:00 AM",2009,November,9,Monday,10,11,Waterfront City,23,10824,11,1
3029747,"February 16, 2020 09:00:00 AM",2020,February,16,Sunday,9,24,Spencer St-Collins St (North),650,98980,2,7
295251,"April 11, 2011 11:00:00 AM",2011,April,11,Monday,11,9,Southern Cross Station,356,61139,4,1
4461512,"August 24, 2022 02:00:00 AM",2022,August,24,Wednesday,2,71,Westwood Place,2,361,8,3
3992684,"November 18, 2021 04:00:00 PM",2021,November,18,Thursday,16,27,QV Market-Peel St,118,11985,11,4
1700018,"December 09, 2016 04:00:00 AM",2016,December,9,Friday,4,15,State Library,31,95844,12,5
2504798,"December 27, 2018 03:00:00 PM",2018,December,27,Thursday,15,34,Flinders St-Spark La,76,9063,12,4
3934935,"October 15, 2021 06:00:00 AM",2021,October,15,Friday,6,22,Flinders St-Elizabeth St (East),205,82570,10,5
3786275,"July 18, 2021 09:00:00 AM",2021,July,18,Sunday,9,10,Victoria Point,21,21016,7,7
2143053,"February 25, 2018 11:00:00 PM",2018,February,25,Sunday,23,49,QVM-Therry St (South),58,7337,2,7
1993671,"October 15, 2017 05:00:00 PM",2017,October,15,Sunday,17,20,Chinatown-Lt Bourke St (South),670,26134,10,7
2820844,"September 10, 2019 12:00:00 AM",2019,September,10,Tuesday,0,43,Monash Rd-Swanston St (West),13,10897,9,2
2892780,"November 05, 2019 05:00:00 PM",2019,November,5,Tuesday,17,5,Princes Bridge,2083,118831,11,2
3490297,"January 05, 2021 02:00:00 PM",2021,January,5,Tuesday,14,43,Monash Rd-Swanston St (West),25,10897,1,2
3859735,"August 31, 2021 03:00:00 PM",2021,August,31,Tuesday,15,36,Queen St (West),73,17094,8,2
3893196,"September 20, 2021 12:00:00 PM",2021,September,20,Monday,12,77,Harbour Esplanade (West) - Ped Path,112,2905,9,1
736465,"December 19, 2013 04:00:00 PM",2013,December,19,Thursday,16,20,Chinatown-Lt Bourke St (South),399,26134,12,4
680819,"October 01, 2013 01:00:00 AM",2013,October,1,Tuesday,1,7,Birrarung Marr,3,35973,10,2
2097289,"January 16, 2018 05:00:00 PM",2018,January,16,Tuesday,17,10,Victoria Point,829,21016,1,2
4411067,"July 12, 2022 05:00:00 AM",2022,July,12,Tuesday,5,67,Flinders Ln - Degraves St (South),8,1887,7,2
838602,"May 04, 2014 07:00:00 PM",2014,May,4,Sunday,19,2,Bourke Street Mall (South),282,123190,5,7
458996,"May 08, 2012 02:00:00 PM",2012,May,8,Tuesday,14,8,Webb Bridge,210,20727,5,2
3645280,"April 14, 2021 11:00:00 PM",2021,April,14,Wednesday,23,1,Bourke Street Mall (North),108,96649,4,3
3572983,"February 27, 2021 10:00:00 PM",2021,February,27,Saturday,22,4,Town Hall (West),1223,167769,2,6
937126,"September 10, 2014 01:00:00 PM",2014,September,10,Wednesday,13,18,Collins Place (North),604,43097,9,3
3893586,"September 20, 2021 06:00:00 PM",2021,September,20,Monday,18,40,Lonsdale St-Spring St (West),65,16821,9,1
396328,"December 15, 2011 06:00:00 AM",2011,December,15,Thursday,6,11,Waterfront City,25,10824,12,4
1848118,"May 19, 2017 01:00:00 AM",2017,May,19,Friday,1,42,Grattan St-Swanston St (West),21,13800,5,5
4092708,"January 22, 2022 11:00:00 AM",2022,January,22,Saturday,11,9,Southern Cross Station,81,61139,1,6
4139037,"February 04, 2022 08:00:00 PM",2022,February,4,Friday,20,2,Bourke Street Mall (South),482,123190,2,5
3033060,"February 18, 2020 07:00:00 PM",2020,February,18,Tuesday,19,27,QV Market-Peel St,0,11985,2,2
2338756,"August 13, 2018 09:00:00 AM",2018,August,13,Monday,9,54,Lincoln-Swanston (West),339,3732,8,1
3668057,"April 29, 2021 03:00:00 AM",2021,April,29,Thursday,3,42,Grattan St-Swanston St (West),1,13800,4,4
738829,"December 22, 2013 10:00:00 PM",2013,December,22,Sunday,22,5,Princes Bridge,803,118831,12,7
1402478,"February 11, 2016 06:00:00 PM",2016,February,11,Thursday,18,12,New Quay,688,21888,2,4
2790282,"August 17, 2019 04:00:00 AM",2019,August,17,Saturday,4,31,Lygon St (West),21,19296,8,6
2712599,"June 17, 2019 10:00:00 AM",2019,June,17,Monday,10,7,Birrarung Marr,145,35973,6,1
625161,"May 30, 2013 01:00:00 PM",2013,May,30,Thursday,13,14,Sandridge Bridge,427,51255,5,4
33150,"July 23, 2009 11:00:00 AM",2009,July,23,Thursday,11,12,New Quay,117,21888,7,4
2355934,"August 27, 2018 11:00:00 AM",2018,August,27,Monday,11,43,Monash Rd-Swanston St (West),562,10897,8,1
321972,"June 15, 2011 11:00:00 PM",2011,June,15,Wednesday,23,6,Flinders Street Station Underpass,336,159391,6,3
448835,"April 15, 2012 01:00:00 AM",2012,April,15,Sunday,1,17,Collins Place (South),101,65975,4,7
4160730,"February 12, 2022 05:00:00 PM",2022,February,12,Saturday,17,44,Tin Alley-Swanston St (West),33,5257,2,6
2441721,"November 05, 2018 09:00:00 AM",2018,November,5,Monday,9,34,Flinders St-Spark La,191,9063,11,1
3193511,"June 13, 2020 06:00:00 AM",2020,June,13,Saturday,6,4,Town Hall (West),72,167769,6,6
2095810,"January 15, 2018 09:00:00 AM",2018,January,15,Monday,9,3,Melbourne Central,631,102631,1,1
2029149,"November 17, 2017 01:00:00 AM",2017,November,17,Friday,1,53,Collins St (North),77,36660,11,5
4327464,"June 01, 2022 07:00:00 PM",2022,June,1,Wednesday,19,53,Collins St (North),249,36660,6,3
553539,"December 14, 2012 08:00:00 AM",2012,December,14,Friday,8,2,Bourke Street Mall (South),727,123190,12,5
4179133,"February 02, 2022 12:00:00 PM",2022,February,2,Wednesday,12,79,Flinders St (South),500,4256,2,3
3042121,"February 25, 2020 10:00:00 AM",2020,February,25,Tuesday,10,19,Chinatown-Swanston St (North),273,29316,2,2
3023811,"February 12, 2020 01:00:00 AM",2020,February,12,Wednesday,1,12,New Quay,2,21888,2,3
580406,"February 15, 2013 11:00:00 PM",2013,February,15,Friday,23,7,Birrarung Marr,131,35973,2,5
786064,"February 22, 2014 08:00:00 PM",2014,February,22,Saturday,20,18,Collins Place (North),428,43097,2,6
731753,"December 12, 2013 08:00:00 PM",2013,December,12,Thursday,20,16,Australia on Collins,424,34427,12,4
3439993,"December 04, 2020 06:00:00 AM",2020,December,4,Friday,6,52,Elizabeth St-Lonsdale St (South),34,7823,12,5
2926334,"December 01, 2019 11:00:00 AM",2019,December,1,Sunday,11,61,Swanston St - RMIT Building 14,484,6523,12,7
1712223,"December 21, 2016 11:00:00 PM",2016,December,21,Wednesday,23,38,Flinders St-Swanston St (West),1591,44579,12,3
3938846,"October 17, 2021 02:00:00 PM",2021,October,17,Sunday,14,5,Princes Bridge,661,118831,10,7
2205643,"April 21, 2018 12:00:00 PM",2018,April,21,Saturday,12,6,Flinders Street Station Underpass,1874,159391,4,6
2571886,"February 22, 2019 02:00:00 PM",2019,February,22,Friday,14,31,Lygon St (West),336,19296,2,5
1832232,"May 01, 2017 02:00:00 PM",2017,May,1,Monday,14,53,Collins St (North),1660,36660,5,1
751003,"January 07, 2014 11:00:00 PM",2014,January,7,Tuesday,23,29,St Kilda Rd-Alexandra Gardens,42,30690,1,2
1082715,"March 11, 2015 05:00:00 PM",2015,March,11,Wednesday,17,10,Victoria Point,555,21016,3,3
554959,"December 17, 2012 02:00:00 PM",2012,December,17,Monday,14,18,Collins Place (North),541,43097,12,1
2544584,"January 30, 2019 06:00:00 AM",2019,January,30,Wednesday,6,42,Grattan St-Swanston St (West),55,13800,1,3
1950099,"September 04, 2017 01:00:00 AM",2017,September,4,Monday,1,18,Collins Place (North),2,43097,9,1
383879,"November 14, 2011 06:00:00 PM",2011,November,14,Monday,18,6,Flinders Street Station Underpass,2339,159391,11,1
3957360,"October 28, 2021 05:00:00 PM",2021,October,28,Thursday,17,62,La Trobe St (North),115,2084,10,4
1087150,"March 16, 2015 05:00:00 PM",2015,March,16,Monday,17,5,Princes Bridge,3352,118831,3,1
6213,"May 18, 2009 06:00:00 AM",2009,May,18,Monday,6,4,Town Hall (West),181,167769,5,1
4222956,"March 29, 2022 09:00:00 AM",2022,March,29,Tuesday,9,67,Flinders Ln - Degraves St (South),476,1887,3,2
2547859,"February 02, 2019 02:00:00 AM",2019,February,2,Saturday,2,34,Flinders St-Spark La,12,9063,2,6
4354397,"June 08, 2022 10:00:00 PM",2022,June,8,Wednesday,22,46,Pelham St (South),40,1722,6,3
3074197,"March 19, 2020 04:00:00 PM",2020,March,19,Thursday,16,5,Princes Bridge,1099,118831,3,4
2143246,"February 26, 2018 03:00:00 AM",2018,February,26,Monday,3,50,Faraday St-Lygon St (West),3,10094,2,1
4090007,"January 02, 2022 10:00:00 PM",2022,January,2,Sunday,22,26,QV Market-Elizabeth St (West),150,46675,1,7
3401848,"November 08, 2020 04:00:00 AM",2020,November,8,Sunday,4,70,Errol Street (East),0,1197,11,7
118894,"February 10, 2010 11:00:00 AM",2010,February,10,Wednesday,11,16,Australia on Collins,1320,34427,2,3
4248547,"April 01, 2022 03:00:00 PM",2022,April,1,Friday,15,28,The Arts Centre,933,63067,4,5
3089441,"March 30, 2020 03:00:00 PM",2020,March,30,Monday,15,53,Collins St (North),336,36660,3,1
1292482,"October 21, 2015 07:00:00 PM",2015,October,21,Wednesday,19,27,QV Market-Peel St,108,11985,10,3
1133520,"May 07, 2015 01:00:00 PM",2015,May,7,Thursday,13,18,Collins Place (North),644,43097,5,4
3603129,"March 19, 2021 08:00:00 AM",2021,March,19,Friday,8,69,Flinders Ln -Degraves St (Crossing),416,1297,3,5
3459241,"December 16, 2020 06:00:00 PM",2020,December,16,Wednesday,18,50,Faraday St-Lygon St (West),501,10094,12,3
404618,"January 03, 2012 05:00:00 PM",2012,January,3,Tuesday,17,8,Webb Bridge,417,20727,1,2
2774467,"August 04, 2019 09:00:00 PM",2019,August,4,Sunday,21,22,Flinders St-Elizabeth St (East),1260,82570,8,7
1197645,"July 13, 2015 02:00:00 PM",2015,July,13,Monday,14,21,Bourke St-Russell St (West),741,44224,7,1
967651,"October 19, 2014 01:00:00 PM",2014,October,19,Sunday,13,39,Alfred Place,93,14784,10,7
1812961,"April 10, 2017 03:00:00 PM",2017,April,10,Monday,15,1,Bourke Street Mall (North),2970,96649,4,1
1253442,"September 10, 2015 08:00:00 PM",2015,September,10,Thursday,20,4,Town Hall (West),1409,167769,9,4
4160135,"February 15, 2022 10:00:00 PM",2022,February,15,Tuesday,22,42,Grattan St-Swanston St (West),56,13800,2,2
2811589,"September 02, 2019 09:00:00 PM",2019,September,2,Monday,21,6,Flinders Street Station Underpass,886,159391,9,1
3687608,"May 15, 2021 05:00:00 AM",2021,May,15,Saturday,5,48,QVM-Queen St (East),23,8664,5,6
4116799,"January 14, 2022 06:00:00 AM",2022,January,14,Friday,6,51,QVM-Franklin St (North),49,4985,1,5
3643474,"April 13, 2021 07:00:00 PM",2021,April,13,Tuesday,19,23,Spencer St-Collins St (South),174,20438,4,2
3507635,"January 16, 2021 12:00:00 PM",2021,January,16,Saturday,12,8,Webb Bridge,234,20727,1,6
3838712,"August 18, 2021 11:00:00 PM",2021,August,18,Wednesday,23,18,Collins Place (North),1,43097,8,3
3713857,"June 04, 2021 10:00:00 PM",2021,June,4,Friday,22,6,Flinders Street Station Underpass,139,159391,6,5
1984079,"October 06, 2017 08:00:00 PM",2017,October,6,Friday,20,11,Waterfront City,8,10824,10,5
3378060,"October 22, 2020 05:00:00 PM",2020,October,22,Thursday,17,61,Swanston St - RMIT Building 14,202,6523,10,4
2283771,"June 28, 2018 06:00:00 PM",2018,June,28,Thursday,18,29,St Kilda Rd-Alexandra Gardens,378,30690,6,4
1411196,"February 20, 2016 09:00:00 AM",2016,February,20,Saturday,9,38,Flinders St-Swanston St (West),1546,44579,2,6
235291,"November 12, 2010 02:00:00 PM",2010,November,12,Friday,14,13,Flagstaff Station,847,56644,11,5
3497099,"January 09, 2021 09:00:00 PM",2021,January,9,Saturday,21,10,Victoria Point,45,21016,1,6
647252,"July 23, 2013 03:00:00 PM",2013,July,23,Tuesday,15,4,Town Hall (West),3087,167769,7,2
91240,"December 08, 2009 11:00:00 AM",2009,December,8,Tuesday,11,10,Victoria Point,131,21016,12,2
3505695,"January 15, 2021 06:00:00 AM",2021,January,15,Friday,6,20,Chinatown-Lt Bourke St (South),21,26134,1,5
1222938,"August 09, 2015 12:00:00 PM",2015,August,9,Sunday,12,39,Alfred Place,116,14784,8,7
1152186,"May 27, 2015 04:00:00 PM",2015,May,27,Wednesday,16,38,Flinders St-Swanston St (West),5052,44579,5,3
914614,"August 12, 2014 05:00:00 PM",2014,August,12,Tuesday,17,34,Flinders St-Spark La,303,9063,8,2
4221076,"March 13, 2022 01:00:00 AM",2022,March,13,Sunday,1,69,Flinders Ln - Degraves St (Crossing),4,1398,3,7
3637917,"April 10, 2021 07:00:00 AM",2021,April,10,Saturday,7,58,Bourke St - Spencer St (North),114,9540,4,6
2005271,"October 26, 2017 09:00:00 AM",2017,October,26,Thursday,9,29,St Kilda Rd-Alexandra Gardens,388,30690,10,4
2317272,"July 26, 2018 08:00:00 PM",2018,July,26,Thursday,20,35,Southbank,1586,80829,7,4
1827196,"April 26, 2017 02:00:00 AM",2017,April,26,Wednesday,2,27,QV Market-Peel St,7,11985,4,3
2868972,"October 18, 2019 08:00:00 AM",2019,October,18,Friday,8,20,Chinatown-Lt Bourke St (South),241,26134,10,5
3235734,"July 13, 2020 01:00:00 PM",2020,July,13,Monday,13,66,State Library-New,380,7171,7,1
1085715,"March 15, 2015 02:00:00 AM",2015,March,15,Sunday,2,13,Flagstaff Station,32,56644,3,7
3815900,"August 05, 2021 05:00:00 AM",2021,August,5,Thursday,5,69,Flinders Ln -Degraves St (Crossing),2,1297,8,4
2350551,"August 23, 2018 01:00:00 AM",2018,August,23,Thursday,1,43,Monash Rd-Swanston St (West),75,10897,8,4
252301,"December 26, 2010 03:00:00 AM",2010,December,26,Sunday,3,11,Waterfront City,0,10824,12,7
1388687,"January 29, 2016 01:00:00 AM",2016,January,29,Friday,1,42,Grattan St-Swanston St (West),8,13800,1,5
4032285,"December 02, 2021 06:00:00 PM",2021,December,2,Thursday,18,14,Sandridge Bridge,354,51255,12,4
3928641,"October 11, 2021 12:00:00 PM",2021,October,11,Monday,12,39,Alfred Place,48,14784,10,1
2775751,"August 05, 2019 08:00:00 PM",2019,August,5,Monday,20,48,QVM-Queen St (East),145,8664,8,1
1955387,"September 09, 2017 01:00:00 PM",2017,September,9,Saturday,13,11,Waterfront City,34,10824,9,6
1670837,"November 07, 2016 09:00:00 PM",2016,November,7,Monday,21,34,Flinders St-Spark La,81,9063,11,1
620963,"May 20, 2013 08:00:00 PM",2013,May,20,Monday,20,10,Victoria Point,62,21016,5,1
675532,"September 22, 2013 04:00:00 PM",2013,September,22,Sunday,16,20,Chinatown-Lt Bourke St (South),434,26134,9,7
4287780,"May 10, 2022 07:00:00 AM",2022,May,10,Tuesday,7,11,Waterfront City,86,10824,5,2
641254,"July 08, 2013 10:00:00 PM",2013,July,8,Monday,22,7,Birrarung Marr,173,35973,7,1
2024178,"November 12, 2017 01:00:00 PM",2017,November,12,Sunday,13,48,QVM-Queen St (East),740,8664,11,7
2937761,"December 10, 2019 04:00:00 AM",2019,December,10,Tuesday,4,28,The Arts Centre,52,63067,12,2
3682726,"May 11, 2021 01:00:00 AM",2021,May,11,Tuesday,1,68,Flinders Ln -Degraves St (North),0,1507,5,2
841360,"May 08, 2014 05:00:00 PM",2014,May,8,Thursday,17,5,Princes Bridge,2508,118831,5,4
1779539,"March 05, 2017 12:00:00 PM",2017,March,5,Sunday,12,2,Bourke Street Mall (South),1888,123190,3,7
1170817,"June 15, 2015 08:00:00 PM",2015,June,15,Monday,20,13,Flagstaff Station,223,56644,6,1
3394881,"November 03, 2020 07:00:00 AM",2020,November,3,Tuesday,7,70,Errol Street (East),0,1197,11,2
1051248,"February 03, 2015 05:00:00 PM",2015,February,3,Tuesday,17,27,QV Market-Peel St,219,11985,2,2
2738871,"July 08, 2019 08:00:00 AM",2019,July,8,Monday,8,28,The Arts Centre,3584,63067,7,1
3111492,"April 15, 2020 09:00:00 PM",2020,April,15,Wednesday,21,48,QVM-Queen St (East),31,8664,4,3
3975299,"November 08, 2021 07:00:00 AM",2021,November,8,Monday,7,79,Flinders St (South),217,4256,11,1
3650012,"April 17, 2021 10:00:00 PM",2021,April,17,Saturday,22,3,Melbourne Central,826,102631,4,6
3502417,"January 13, 2021 04:00:00 AM",2021,January,13,Wednesday,4,29,St Kilda Rd-Alexandra Gardens,1,30690,1,3
1586675,"August 12, 2016 04:00:00 PM",2016,August,12,Friday,16,34,Flinders St-Spark La,253,9063,8,5
1663900,"October 31, 2016 11:00:00 AM",2016,October,31,Monday,11,39,Alfred Place,302,14784,10,1
3677938,"May 07, 2021 12:00:00 AM",2021,May,7,Friday,0,8,Webb Bridge,8,20727,5,5
473826,"June 11, 2012 10:00:00 PM",2012,June,11,Monday,22,6,Flinders Street Station Underpass,343,159391,6,1
957998,"October 07, 2014 09:00:00 AM",2014,October,7,Tuesday,9,18,Collins Place (North),654,43097,10,2
4169701,"February 13, 2022 11:00:00 AM",2022,February,13,Sunday,11,62,La Trobe St (North),200,2084,2,7
2257582,"June 06, 2018 12:00:00 AM",2018,June,6,Wednesday,0,50,Faraday St-Lygon St (West),37,10094,6,3
1542668,"June 29, 2016 05:00:00 PM",2016,June,29,Wednesday,17,39,Alfred Place,463,14784,6,3
1229614,"August 16, 2015 04:00:00 PM",2015,August,16,Sunday,16,37,Lygon St (East),393,9906,8,7
1426055,"March 06, 2016 03:00:00 AM",2016,March,6,Sunday,3,44,Tin Alley-Swanston St (West),5,5257,3,7
3950739,"October 24, 2021 06:00:00 PM",2021,October,24,Sunday,18,55,Elizabeth St-La Trobe St (East),965,13085,10,7
3222663,"July 04, 2020 01:00:00 AM",2020,July,4,Saturday,1,25,Melbourne Convention Exhibition Centre,34,56737,7,6
3054056,"March 05, 2020 03:00:00 AM",2020,March,5,Thursday,3,47,Melbourne Central-Elizabeth St (East),17,43401,3,4
4317896,"May 04, 2022 03:00:00 AM",2022,May,4,Wednesday,3,70,Errol Street (East),0,1197,5,3
1439103,"March 19, 2016 03:00:00 AM",2016,March,19,Saturday,3,44,Tin Alley-Swanston St (West),10,5257,3,6
4440889,"August 30, 2022 07:00:00 PM",2022,August,30,Tuesday,19,39,Alfred Place,100,14784,8,2
2430887,"October 27, 2018 11:00:00 AM",2018,October,27,Saturday,11,2,Bourke Street Mall (South),2079,123190,10,6
1039246,"January 20, 2015 12:00:00 PM",2015,January,20,Tuesday,12,11,Waterfront City,206,10824,1,2
3749421,"June 26, 2021 06:00:00 AM",2021,June,26,Saturday,6,58,Bourke St - Spencer St (North),59,9540,6,6
3819657,"August 07, 2021 12:00:00 PM",2021,August,7,Saturday,12,75,Spring St- Flinders St (West),33,281,8,6
2561270,"February 13, 2019 05:00:00 PM",2019,February,13,Wednesday,17,36,Queen St (West),892,17094,2,3
1674220,"November 11, 2016 12:00:00 PM",2016,November,11,Friday,12,24,Spencer St-Collins St (North),2487,98980,11,5
306889,"May 10, 2011 12:00:00 AM",2011,May,10,Tuesday,0,2,Bourke Street Mall (South),28,123190,5,2
663704,"September 02, 2013 11:00:00 PM",2013,September,2,Monday,23,7,Birrarung Marr,10,35973,9,1
2397027,"September 29, 2018 05:00:00 PM",2018,September,29,Saturday,17,8,Webb Bridge,149,20727,9,6
407414,"January 10, 2012 04:00:00 AM",2012,January,10,Tuesday,4,14,Sandridge Bridge,33,51255,1,2
3646040,"April 15, 2021 10:00:00 AM",2021,April,15,Thursday,10,46,Pelham St (S),66,430,4,4
719477,"November 25, 2013 02:00:00 AM",2013,November,25,Monday,2,22,Flinders St-Elizabeth St (East),47,82570,11,1
1351860,"December 22, 2015 03:00:00 PM",2015,December,22,Tuesday,15,33,Flinders St-Spring St (West),213,7030,12,2
1941588,"August 26, 2017 02:00:00 PM",2017,August,26,Saturday,14,15,State Library,3330,95844,8,6
4034400,"December 01, 2021 09:00:00 PM",2021,December,1,Wednesday,21,31,Lygon St (West),379,19296,12,3
768266,"January 30, 2014 01:00:00 PM",2014,January,30,Thursday,13,20,Chinatown-Lt Bourke St (South),525,26134,1,4
42993,"August 16, 2009 02:00:00 PM",2009,August,16,Sunday,14,12,New Quay,643,21888,8,7
1307125,"November 06, 2015 03:00:00 PM",2015,November,6,Friday,15,5,Princes Bridge,1791,118831,11,5
3052951,"March 04, 2020 08:00:00 AM",2020,March,4,Wednesday,8,19,Chinatown-Swanston St (North),168,29316,3,3
3869837,"September 06, 2021 03:00:00 PM",2021,September,6,Monday,15,62,La Trobe St (North),72,2084,9,1
1297003,"October 26, 2015 03:00:00 PM",2015,October,26,Monday,15,24,Spencer St-Collins St (North),1976,98980,10,1
1190698,"July 06, 2015 04:00:00 AM",2015,July,6,Monday,4,14,Sandridge Bridge,29,51255,7,1
3913036,"October 02, 2021 05:00:00 AM",2021,October,2,Saturday,5,42,Grattan St-Swanston St (West),5,13800,10,6
1745796,"January 27, 2017 01:00:00 PM",2017,January,27,Friday,13,29,St Kilda Rd-Alexandra Gardens,1116,30690,1,5
4109488,"January 15, 2022 03:00:00 PM",2022,January,15,Saturday,15,48,QVM-Queen St (East),369,8664,1,6
258688,"January 10, 2011 07:00:00 PM",2011,January,10,Monday,19,6,Flinders Street Station Underpass,860,159391,1,1
1656740,"October 23, 2016 10:00:00 PM",2016,October,23,Sunday,22,34,Flinders St-Spark La,33,9063,10,7
679146,"September 28, 2013 11:00:00 AM",2013,September,28,Saturday,11,8,Webb Bridge,138,20727,9,6
2049684,"December 05, 2017 04:00:00 PM",2017,December,5,Tuesday,16,3,Melbourne Central,2186,102631,12,2
1568890,"July 25, 2016 07:00:00 PM",2016,July,25,Monday,19,42,Grattan St-Swanston St (West),262,13800,7,1
2244742,"May 25, 2018 09:00:00 PM",2018,May,25,Friday,21,24,Spencer St-Collins St (North),1098,98980,5,5
2241854,"May 23, 2018 08:00:00 AM",2018,May,23,Wednesday,8,51,QVM-Franklin St (North),98,4985,5,3
2813040,"September 04, 2019 12:00:00 AM",2019,September,4,Wednesday,0,9,Southern Cross Station,15,61139,9,3
3611400,"March 24, 2021 03:00:00 PM",2021,March,24,Wednesday,15,69,Flinders Ln -Degraves St (Crossing),212,1297,3,3
203591,"August 26, 2010 06:00:00 PM",2010,August,26,Thursday,18,5,Princes Bridge,1397,118831,8,4
1138042,"May 12, 2015 01:00:00 PM",2015,May,12,Tuesday,13,29,St Kilda Rd-Alexandra Gardens,513,30690,5,2
1545517,"July 02, 2016 01:00:00 PM",2016,July,2,Saturday,13,32,City Square,2108,24004,7,6
3823945,"August 10, 2021 03:00:00 AM",2021,August,10,Tuesday,3,3,Melbourne Central,12,102631,8,2
1354026,"December 24, 2015 08:00:00 PM",2015,December,24,Thursday,20,26,QV Market-Elizabeth St (West),276,46675,12,4
1258014,"September 15, 2015 02:00:00 PM",2015,September,15,Tuesday,14,18,Collins Place (North),384,43097,9,2
1473939,"April 23, 2016 04:00:00 AM",2016,April,23,Saturday,4,40,Lonsdale St-Spring St (West),21,16821,4,6
704126,"November 03, 2013 01:00:00 PM",2013,November,3,Sunday,13,10,Victoria Point,48,21016,11,7
2382026,"September 17, 2018 04:00:00 PM",2018,September,17,Monday,16,39,Alfred Place,380,14784,9,1
4290080,"May 13, 2022 03:00:00 AM",2022,May,13,Friday,3,6,Flinders Street Station Underpass,22,159391,5,5
3352451,"October 04, 2020 03:00:00 PM",2020,October,4,Sunday,15,43,Monash Rd-Swanston St (West),77,10897,10,7
285857,"March 19, 2011 10:00:00 AM",2011,March,19,Saturday,10,16,Australia on Collins,901,34427,3,6
2232490,"May 15, 2018 02:00:00 AM",2018,May,15,Tuesday,2,11,Waterfront City,3,10824,5,2
3419129,"November 20, 2020 02:00:00 AM",2020,November,20,Friday,2,56,Lonsdale St - Elizabeth St (North),9,8815,11,5
1357918,"December 28, 2015 09:00:00 PM",2015,December,28,Monday,21,8,Webb Bridge,80,20727,12,1
3489551,"January 05, 2021 03:00:00 AM",2021,January,5,Tuesday,3,31,Lygon St (West),16,19296,1,2
885160,"July 04, 2014 05:00:00 AM",2014,July,4,Friday,5,28,The Arts Centre,106,63067,7,5
836308,"May 01, 2014 01:00:00 PM",2014,May,1,Thursday,13,26,QV Market-Elizabeth St (West),1737,46675,5,4
4340804,"June 09, 2022 02:00:00 PM",2022,June,9,Thursday,14,27,QV Market-Peel St,156,11985,6,4
4140878,"February 25, 2022 01:00:00 PM",2022,February,25,Friday,13,3,Melbourne Central,1428,102631,2,5
1039259,"January 20, 2015 12:00:00 PM",2015,January,20,Tuesday,12,26,QV Market-Elizabeth St (West),1883,46675,1,2
2559939,"February 12, 2019 02:00:00 PM",2019,February,12,Tuesday,14,15,State Library,1259,95844,2,2
2707549,"June 13, 2019 10:00:00 AM",2019,June,13,Thursday,10,35,Southbank,883,80829,6,4
510496,"September 04, 2012 08:00:00 PM",2012,September,4,Tuesday,20,12,New Quay,91,21888,9,2
4095266,"January 05, 2022 01:00:00 AM",2022,January,5,Wednesday,1,8,Webb Bridge,6,20727,1,3
1600198,"August 27, 2016 01:00:00 AM",2016,August,27,Saturday,1,20,Chinatown-Lt Bourke St (South),400,26134,8,6
82919,"November 19, 2009 05:00:00 AM",2009,November,19,Thursday,5,5,Princes Bridge,116,118831,11,4
713074,"November 16, 2013 01:00:00 AM",2013,November,16,Saturday,1,7,Birrarung Marr,140,35973,11,6
979716,"November 04, 2014 04:00:00 AM",2014,November,4,Tuesday,4,12,New Quay,14,21888,11,2
1573328,"July 30, 2016 05:00:00 AM",2016,July,30,Saturday,5,27,QV Market-Peel St,15,11985,7,6
1116288,"April 18, 2015 04:00:00 PM",2015,April,18,Saturday,16,42,Grattan St-Swanston St (West),227,13800,4,6
1198674,"July 14, 2015 04:00:00 PM",2015,July,14,Tuesday,16,37,Lygon St (East),164,9906,7,2
72255,"October 25, 2009 12:00:00 PM",2009,October,25,Sunday,12,15,State Library,1000,95844,10,7
635039,"June 23, 2013 04:00:00 PM",2013,June,23,Sunday,16,14,Sandridge Bridge,638,51255,6,7
772680,"February 05, 2014 07:00:00 AM",2014,February,5,Wednesday,7,18,Collins Place (North),915,43097,2,3
4258241,"April 15, 2022 01:00:00 PM",2022,April,15,Friday,13,35,Southbank,2925,80829,4,5
2741571,"July 10, 2019 10:00:00 AM",2019,July,10,Wednesday,10,40,Lonsdale St-Spring St (West),605,16821,7,3
1601485,"August 28, 2016 09:00:00 AM",2016,August,28,Sunday,9,28,The Arts Centre,704,63067,8,7
3610500,"March 24, 2021 02:00:00 AM",2021,March,24,Wednesday,2,23,Spencer St-Collins St (South),3,20438,3,3
1813200,"April 10, 2017 09:00:00 PM",2017,April,10,Monday,21,21,Bourke St-Russell St (West),570,44224,4,1
4215125,"March 21, 2022 03:00:00 AM",2022,March,21,Monday,3,50,Faraday St-Lygon St (West),10,10094,3,1
2291594,"July 05, 2018 09:00:00 AM",2018,July,5,Thursday,9,7,Birrarung Marr,265,35973,7,4
123212,"February 20, 2010 11:00:00 AM",2010,February,20,Saturday,11,14,Sandridge Bridge,270,51255,2,6
1840829,"May 11, 2017 02:00:00 AM",2017,May,11,Thursday,2,5,Princes Bridge,36,118831,5,4
910420,"August 07, 2014 04:00:00 AM",2014,August,7,Thursday,4,34,Flinders St-Spark La,7,9063,8,4
276778,"February 24, 2011 06:00:00 PM",2011,February,24,Thursday,18,12,New Quay,519,21888,2,4
247907,"December 15, 2010 09:00:00 AM",2010,December,15,Wednesday,9,3,Melbourne Central,788,102631,12,3
535826,"November 03, 2012 08:00:00 AM",2012,November,3,Saturday,8,1,Bourke Street Mall (North),282,96649,11,6
3895402,"September 21, 2021 08:00:00 PM",2021,September,21,Tuesday,20,18,Collins Place (North),11,43097,9,2
1131678,"May 05, 2015 12:00:00 PM",2015,May,5,Tuesday,12,25,Melbourne Convention Exhibition Centre,455,56737,5,2
3028072,"February 15, 2020 03:00:00 AM",2020,February,15,Saturday,3,59,Swanston St - RMIT Building 80,2,8774,2,6
2951548,"December 20, 2019 02:00:00 PM",2019,December,20,Friday,14,49,QVM-Therry St (South),155,7337,12,5
1733116,"January 13, 2017 03:00:00 PM",2017,January,13,Friday,15,17,Collins Place (South),528,65975,1,5
3083822,"March 26, 2020 02:00:00 PM",2020,March,26,Thursday,14,11,Waterfront City,44,10824,3,4
4471641,"September 17, 2022 04:00:00 AM",2022,September,17,Saturday,4,2,Bourke Street Mall (South),16,123190,9,6
3105718,"April 11, 2020 02:00:00 PM",2020,April,11,Saturday,14,63,231 Bourke St,112,6707,4,6
3707712,"June 01, 2021 05:00:00 AM",2021,June,1,Tuesday,5,34,Flinders St-Spark La,21,9063,6,2
3000188,"January 25, 2020 01:00:00 PM",2020,January,25,Saturday,13,34,Flinders St-Spark La,223,9063,1,6
715529,"November 19, 2013 11:00:00 AM",2013,November,19,Tuesday,11,26,QV Market-Elizabeth St (West),1141,46675,11,2
4464813,"August 06, 2022 03:00:00 PM",2022,August,6,Saturday,15,77,Harbour Esplanade (West) - Ped Path,738,2905,8,6
2613806,"March 29, 2019 09:00:00 AM",2019,March,29,Friday,9,47,Melbourne Central-Elizabeth St (East),1018,43401,3,5
1048906,"February 01, 2015 12:00:00 AM",2015,February,1,Sunday,0,25,Melbourne Convention Exhibition Centre,143,56737,2,7
3964632,"November 02, 2021 01:00:00 AM",2021,November,2,Tuesday,1,21,Bourke St-Russell St (West),134,44224,11,2
4176821,"February 18, 2022 04:00:00 AM",2022,February,18,Friday,4,75,Spring St - Flinders St (West),0,275,2,5
613176,"May 02, 2013 07:00:00 PM",2013,May,2,Thursday,19,17,Collins Place (South),379,65975,5,4
1428807,"March 08, 2016 09:00:00 PM",2016,March,8,Tuesday,21,34,Flinders St-Spark La,113,9063,3,2
3304514,"September 02, 2020 01:00:00 AM",2020,September,2,Wednesday,1,18,Collins Place (North),1,43097,9,3
1668574,"November 05, 2016 11:00:00 AM",2016,November,5,Saturday,11,33,Flinders St-Spring St (West),82,7030,11,6
196583,"August 09, 2010 02:00:00 PM",2010,August,9,Monday,14,1,Bourke Street Mall (North),2194,96649,8,1
4109061,"January 28, 2022 08:00:00 PM",2022,January,28,Friday,20,29,St Kilda Rd-Alexandra Gardens,95,30690,1,5
304477,"May 04, 2011 02:00:00 AM",2011,May,4,Wednesday,2,4,Town Hall (West),42,167769,5,3
492618,"July 25, 2012 10:00:00 AM",2012,July,25,Wednesday,10,6,Flinders Street Station Underpass,1093,159391,7,3
2262014,"June 09, 2018 09:00:00 PM",2018,June,9,Saturday,21,15,State Library,1092,95844,6,6
3381808,"October 25, 2020 07:00:00 AM",2020,October,25,Sunday,7,12,New Quay,75,21888,10,7
503026,"August 18, 2012 12:00:00 PM",2012,August,18,Saturday,12,10,Victoria Point,149,21016,8,6
480755,"June 27, 2012 11:00:00 PM",2012,June,27,Wednesday,23,5,Princes Bridge,424,118831,6,3
3793941,"July 22, 2021 11:00:00 PM",2021,July,22,Thursday,23,35,Southbank,57,80829,7,4
3805855,"July 30, 2021 02:00:00 AM",2021,July,30,Friday,2,8,Webb Bridge,1,20727,7,5
1648667,"October 15, 2016 08:00:00 AM",2016,October,15,Saturday,8,34,Flinders St-Spark La,75,9063,10,6
2692496,"June 01, 2019 10:00:00 AM",2019,June,1,Saturday,10,45,Little Collins St-Swanston St (East),703,29926,6,6
4422791,"August 20, 2022 05:00:00 PM",2022,August,20,Saturday,17,2,Bourke Street Mall (South),1574,123190,8,6
426893,"February 24, 2012 06:00:00 AM",2012,February,24,Friday,6,17,Collins Place (South),202,65975,2,5
835203,"April 30, 2014 01:00:00 AM",2014,April,30,Wednesday,1,24,Spencer St-Collins St (North),10,98980,4,3
705161,"November 04, 2013 11:00:00 PM",2013,November,4,Monday,23,26,QV Market-Elizabeth St (West),213,46675,11,1
3729599,"June 14, 2021 11:00:00 AM",2021,June,14,Monday,11,41,Flinders La-Swanston St (West),1318,68374,6,1
1673306,"November 10, 2016 01:00:00 PM",2016,November,10,Thursday,13,2,Bourke Street Mall (South),3614,123190,11,4
3980295,"November 11, 2021 07:00:00 AM",2021,November,11,Thursday,7,28,The Arts Centre,384,63067,11,4
346224,"August 14, 2011 09:00:00 AM",2011,August,14,Sunday,9,16,Australia on Collins,412,34427,8,7
2372878,"September 10, 2018 07:00:00 AM",2018,September,10,Monday,7,56,Lonsdale St - Elizabeth St (North),172,8815,9,1
2388094,"September 22, 2018 01:00:00 PM",2018,September,22,Saturday,13,21,Bourke St-Russell St (West),1123,44224,9,6
2957057,"December 24, 2019 05:00:00 PM",2019,December,24,Tuesday,17,24,Spencer St-Collins St (North),1836,98980,12,2
3332814,"September 21, 2020 04:00:00 AM",2020,September,21,Monday,4,11,Waterfront City,2,10824,9,1
97981,"December 24, 2009 02:00:00 AM",2009,December,24,Thursday,2,1,Bourke Street Mall (North),29,96649,12,4
1943691,"August 28, 2017 03:00:00 PM",2017,August,28,Monday,15,10,Victoria Point,282,21016,8,1
1277081,"October 05, 2015 09:00:00 AM",2015,October,5,Monday,9,3,Melbourne Central,927,102631,10,1
3456834,"December 15, 2020 05:00:00 AM",2020,December,15,Tuesday,5,27,QV Market-Peel St,9,11985,12,2
3573446,"February 28, 2021 05:00:00 AM",2021,February,28,Sunday,5,37,Lygon St (East),12,9906,2,7
1725155,"January 04, 2017 04:00:00 PM",2017,January,4,Wednesday,16,8,Webb Bridge,285,20727,1,3
3025140,"February 13, 2020 12:00:00 AM",2020,February,13,Thursday,0,30,Lonsdale St (South),205,35433,2,4
2595605,"March 14, 2019 04:00:00 AM",2019,March,14,Thursday,4,24,Spencer St-Collins St (North),32,98980,3,4
3430629,"November 27, 2020 10:00:00 PM",2020,November,27,Friday,22,45,Little Collins St-Swanston St (East),772,29926,11,5
3568854,"February 25, 2021 03:00:00 AM",2021,February,25,Thursday,3,31,Lygon St (West),1,19296,2,4
69636,"October 19, 2009 11:00:00 AM",2009,October,19,Monday,11,6,Flinders Street Station Underpass,1944,159391,10,1
3295565,"August 26, 2020 04:00:00 PM",2020,August,26,Wednesday,16,31,Lygon St (West),138,19296,8,3
334293,"July 16, 2011 04:00:00 AM",2011,July,16,Saturday,4,2,Bourke Street Mall (South),26,123190,7,6
940501,"September 14, 2014 10:00:00 PM",2014,September,14,Sunday,22,34,Flinders St-Spark La,56,9063,9,7
657056,"August 17, 2013 03:00:00 PM",2013,August,17,Saturday,15,7,Birrarung Marr,307,35973,8,6
4488293,"September 26, 2022 10:00:00 PM",2022,September,26,Monday,22,30,Lonsdale St (South),307,35433,9,1
4455270,"August 15, 2022 12:00:00 AM",2022,August,15,Monday,0,61,Swanston St - RMIT Building 14,42,6523,8,1
180502,"July 03, 2010 03:00:00 AM",2010,July,3,Saturday,3,16,Australia on Collins,34,34427,7,6
3742883,"June 22, 2021 09:00:00 AM",2021,June,22,Tuesday,9,22,Flinders St-Elizabeth St (East),875,82570,6,2
4232454,"April 30, 2022 03:00:00 AM",2022,April,30,Saturday,3,4,Town Hall (West),145,167769,4,6
1459288,"April 08, 2016 09:00:00 AM",2016,April,8,Friday,9,3,Melbourne Central,889,102631,4,5
1817434,"April 15, 2017 01:00:00 PM",2017,April,15,Saturday,13,26,QV Market-Elizabeth St (West),1935,46675,4,6
668400,"September 10, 2013 10:00:00 PM",2013,September,10,Tuesday,22,1,Bourke Street Mall (North),259,96649,9,2
2193936,"April 11, 2018 06:00:00 AM",2018,April,11,Wednesday,6,41,Flinders La-Swanston St (West),589,68374,4,3
3472498,"December 25, 2020 06:00:00 AM",2020,December,25,Friday,6,54,Lincoln-Swanston(West),3,2647,12,5
2414540,"October 13, 2018 10:00:00 PM",2018,October,13,Saturday,22,30,Lonsdale St (South),1007,35433,10,6
2066549,"December 20, 2017 09:00:00 AM",2017,December,20,Wednesday,9,4,Town Hall (West),1293,167769,12,3
768911,"January 31, 2014 09:00:00 AM",2014,January,31,Friday,9,25,Melbourne Convention Exhibition Centre,371,56737,1,5
343285,"August 07, 2011 04:00:00 AM",2011,August,7,Sunday,4,18,Collins Place (North),12,43097,8,7
4242463,"April 18, 2022 03:00:00 AM",2022,April,18,Monday,3,8,Webb Bridge,6,20727,4,1
2406435,"October 07, 2018 07:00:00 AM",2018,October,7,Sunday,7,35,Southbank,351,80829,10,7
2232379,"May 14, 2018 11:00:00 PM",2018,May,14,Monday,23,47,Melbourne Central-Elizabeth St (East),225,43401,5,1
1678060,"November 15, 2016 03:00:00 PM",2016,November,15,Tuesday,15,44,Tin Alley-Swanston St (West),173,5257,11,2
2226735,"May 10, 2018 12:00:00 AM",2018,May,10,Thursday,0,17,Collins Place (South),29,65975,5,4
3008055,"January 31, 2020 12:00:00 PM",2020,January,31,Friday,12,25,Melbourne Convention Exhibition Centre,1213,56737,1,5
3185411,"June 07, 2020 10:00:00 AM",2020,June,7,Sunday,10,25,Melbourne Convention Exhibition Centre,710,56737,6,7
2878157,"October 25, 2019 10:00:00 AM",2019,October,25,Friday,10,28,The Arts Centre,1053,63067,10,5
571498,"January 26, 2013 08:00:00 AM",2013,January,26,Saturday,8,9,Southern Cross Station,59,61139,1,6
2535704,"January 22, 2019 04:00:00 PM",2019,January,22,Tuesday,16,28,The Arts Centre,1801,63067,1,2
4181165,"February 03, 2022 04:00:00 AM",2022,February,3,Thursday,4,86,Queensberry St - Errol St (South),4,359,2,4
427549,"February 25, 2012 07:00:00 PM",2012,February,25,Saturday,19,7,Birrarung Marr,153,35973,2,6
4488054,"September 16, 2022 11:00:00 PM",2022,September,16,Friday,23,30,Lonsdale St (South),739,35433,9,5
1719054,"December 29, 2016 02:00:00 AM",2016,December,29,Thursday,2,29,St Kilda Rd-Alexandra Gardens,32,30690,12,4
1415115,"February 24, 2016 07:00:00 AM",2016,February,24,Wednesday,7,7,Birrarung Marr,524,35973,2,3
460461,"May 11, 2012 11:00:00 PM",2012,May,11,Friday,23,15,State Library,711,95844,5,5
2606106,"March 23, 2019 12:00:00 AM",2019,March,23,Saturday,0,42,Grattan St-Swanston St (West),28,13800,3,6
1359731,"December 30, 2015 08:00:00 PM",2015,December,30,Wednesday,20,30,Lonsdale St (South),875,35433,12,3
4103696,"January 19, 2022 07:00:00 AM",2022,January,19,Wednesday,7,57,Bourke St Bridge,170,13558,1,3
1539276,"June 26, 2016 09:00:00 AM",2016,June,26,Sunday,9,5,Princes Bridge,605,118831,6,7
43220,"August 17, 2009 03:00:00 AM",2009,August,17,Monday,3,18,Collins Place (North),1,43097,8,1
1265322,"September 23, 2015 05:00:00 AM",2015,September,23,Wednesday,5,4,Town Hall (West),90,167769,9,3
1909044,"July 24, 2017 03:00:00 AM",2017,July,24,Monday,3,14,Sandridge Bridge,2,51255,7,1
3584665,"March 07, 2021 11:00:00 AM",2021,March,7,Sunday,11,23,Spencer St-Collins St (South),180,20438,3,7
852416,"May 23, 2014 02:00:00 PM",2014,May,23,Friday,14,18,Collins Place (North),491,43097,5,5
2202562,"April 18, 2018 06:00:00 PM",2018,April,18,Wednesday,18,31,Lygon St (West),490,19296,4,3
551022,"December 08, 2012 12:00:00 PM",2012,December,8,Saturday,12,5,Princes Bridge,1581,118831,12,6
4281217,"May 15, 2022 08:00:00 PM",2022,May,15,Sunday,20,1,Bourke Street Mall (North),391,96649,5,7
1526598,"June 13, 2016 06:00:00 PM",2016,June,13,Monday,18,31,Lygon St (West),442,19296,6,1
2582330,"March 03, 2019 05:00:00 AM",2019,March,3,Sunday,5,4,Town Hall (West),141,167769,3,7
108566,"January 17, 2010 02:00:00 PM",2010,January,17,Sunday,14,2,Bourke Street Mall (South),2622,123190,1,7
63653,"October 05, 2009 02:00:00 PM",2009,October,5,Monday,14,17,Collins Place (South),952,65975,10,1
1725139,"January 04, 2017 03:00:00 PM",2017,January,4,Wednesday,15,34,Flinders St-Spark La,201,9063,1,3
1955665,"September 09, 2017 07:00:00 PM",2017,September,9,Saturday,19,52,Elizabeth St-Lonsdale St (South),535,7823,9,6
4050057,"December 03, 2021 06:00:00 AM",2021,December,3,Friday,6,56,Lonsdale St - Elizabeth St (North),38,8815,12,5
3190495,"June 11, 2020 02:00:00 AM",2020,June,11,Thursday,2,4,Town Hall (West),16,167769,6,4
1882870,"June 26, 2017 02:00:00 PM",2017,June,26,Monday,14,1,Bourke Street Mall (North),2974,96649,6,1
1510965,"May 29, 2016 12:00:00 PM",2016,May,29,Sunday,12,21,Bourke St-Russell St (West),725,44224,5,7
4207690,"March 11, 2022 08:00:00 AM",2022,March,11,Friday,8,47,Melbourne Central-Elizabeth St (East),569,43401,3,5
2593264,"March 12, 2019 05:00:00 AM",2019,March,12,Tuesday,5,27,QV Market-Peel St,10,11985,3,2
1712161,"December 21, 2016 10:00:00 PM",2016,December,21,Wednesday,22,14,Sandridge Bridge,429,51255,12,3
2940525,"December 12, 2019 06:00:00 AM",2019,December,12,Thursday,6,21,Bourke St-Russell St (West),76,44224,12,4
3954240,"October 26, 2021 09:00:00 PM",2021,October,26,Tuesday,21,5,Princes Bridge,253,118831,10,2
3900527,"September 24, 2021 08:00:00 PM",2021,September,24,Friday,20,42,Grattan St-Swanston St (West),22,13800,9,5
2989428,"January 17, 2020 02:00:00 PM",2020,January,17,Friday,14,64,Royal Pde-Grattan St,270,1249,1,5
4012558,"November 30, 2021 05:00:00 PM",2021,November,30,Tuesday,17,72,Flinders St-ACMI,504,1717,11,2
2492097,"December 17, 2018 03:00:00 AM",2018,December,17,Monday,3,2,Bourke Street Mall (South),18,123190,12,1
4466649,"August 21, 2022 03:00:00 AM",2022,August,21,Sunday,3,84,Elizabeth St - Flinders St (East) - New footpath,354,4624,8,7
2984503,"January 14, 2020 12:00:00 AM",2020,January,14,Tuesday,0,54,Lincoln-Swanston(West),15,2647,1,2
939613,"September 13, 2014 07:00:00 PM",2014,September,13,Saturday,19,8,Webb Bridge,76,20727,9,6
47656,"August 28, 2009 12:00:00 AM",2009,August,28,Friday,0,17,Collins Place (South),38,65975,8,5
478262,"June 22, 2012 04:00:00 AM",2012,June,22,Friday,4,14,Sandridge Bridge,61,51255,6,5
4030809,"December 03, 2021 06:00:00 AM",2021,December,3,Friday,6,5,Princes Bridge,205,118831,12,5
3177715,"June 01, 2020 10:00:00 PM",2020,June,1,Monday,22,61,Swanston St - RMIT Building 14,54,6523,6,1
4354281,"June 04, 2022 02:00:00 AM",2022,June,4,Saturday,2,46,Pelham St (South),4,1722,6,6
1600002,"August 26, 2016 08:00:00 PM",2016,August,26,Friday,20,20,Chinatown-Lt Bourke St (South),1087,26134,8,5
3731747,"June 15, 2021 06:00:00 PM",2021,June,15,Tuesday,18,24,Spencer St-Collins St (North),681,98980,6,2
15919,"June 11, 2009 06:00:00 AM",2009,June,11,Thursday,6,1,Bourke Street Mall (North),89,96649,6,4
4092641,"January 19, 2022 04:00:00 PM",2022,January,19,Wednesday,16,9,Southern Cross Station,240,61139,1,3
3871192,"September 07, 2021 11:00:00 AM",2021,September,7,Tuesday,11,12,New Quay,161,21888,9,2
3503840,"January 14, 2021 01:00:00 AM",2021,January,14,Thursday,1,58,Bourke St - Spencer St (North),36,9540,1,4
4157583,"February 21, 2022 02:00:00 PM",2022,February,21,Monday,14,36,Queen St (West),258,17094,2,1
2474984,"December 03, 2018 02:00:00 AM",2018,December,3,Monday,2,30,Lonsdale St (South),116,35433,12,1
4381636,"July 15, 2022 09:00:00 PM",2022,July,15,Friday,21,11,Waterfront City,150,10824,7,5
4099549,"January 01, 2022 12:00:00 PM",2022,January,1,Saturday,12,21,Bourke St-Russell St (West),329,44224,1,6
2211629,"April 26, 2018 07:00:00 PM",2018,April,26,Thursday,19,27,QV Market-Peel St,101,11985,4,4
935303,"September 08, 2014 04:00:00 AM",2014,September,8,Monday,4,19,Chinatown-Swanston St (North),2,29316,9,1
4415896,"July 03, 2022 10:00:00 AM",2022,July,3,Sunday,10,77,Harbour Esplanade (West) - Ped Path,322,2905,7,7
1582880,"August 08, 2016 06:00:00 PM",2016,August,8,Monday,18,7,Birrarung Marr,460,35973,8,1
894509,"July 16, 2014 09:00:00 AM",2014,July,16,Wednesday,9,33,Flinders St-Spring St (West),217,7030,7,3
1436632,"March 16, 2016 04:00:00 PM",2016,March,16,Wednesday,16,37,Lygon St (East),202,9906,3,3
3671650,"May 01, 2021 02:00:00 PM",2021,May,1,Saturday,14,56,Lonsdale St - Elizabeth St (North),449,8815,5,6
201109,"August 20, 2010 04:00:00 PM",2010,August,20,Friday,16,5,Princes Bridge,1471,118831,8,5
2960234,"December 27, 2019 02:00:00 AM",2019,December,27,Friday,2,53,Collins St (North),19,36660,12,5
4491066,"September 22, 2022 11:00:00 AM",2022,September,22,Thursday,11,36,Queen St (West),274,17094,9,4
2081497,"January 02, 2018 09:00:00 AM",2018,January,2,Tuesday,9,49,QVM-Therry St (South),151,7337,1,2
2345724,"August 19, 2018 02:00:00 AM",2018,August,19,Sunday,2,34,Flinders St-Spark La,13,9063,8,7
322440,"June 17, 2011 02:00:00 AM",2011,June,17,Friday,2,15,State Library,60,95844,6,5
1042874,"January 24, 2015 08:00:00 PM",2015,January,24,Saturday,20,11,Waterfront City,447,10824,1,6
3542874,"February 07, 2021 06:00:00 PM",2021,February,7,Sunday,18,58,Bourke St - Spencer St (North),308,9540,2,7
3042831,"February 25, 2020 10:00:00 PM",2020,February,25,Tuesday,22,55,Elizabeth St-La Trobe St (East),687,13085,2,2
2340697,"August 15, 2018 12:00:00 AM",2018,August,15,Wednesday,0,1,Bourke Street Mall (North),78,96649,8,3
3375644,"October 21, 2020 02:00:00 AM",2020,October,21,Wednesday,2,63,231 Bourke St,68,6707,10,3
437130,"March 18, 2012 11:00:00 PM",2012,March,18,Sunday,23,12,New Quay,61,21888,3,7
3266743,"August 05, 2020 09:00:00 AM",2020,August,5,Wednesday,9,52,Elizabeth St-Lonsdale St (South),34,7823,8,3
2581594,"March 02, 2019 02:00:00 PM",2019,March,2,Saturday,14,37,Lygon St (East),179,9906,3,6
552232,"December 11, 2012 07:00:00 AM",2012,December,11,Tuesday,7,9,Southern Cross Station,1233,61139,12,2
4251515,"April 05, 2022 07:00:00 AM",2022,April,5,Tuesday,7,39,Alfred Place,191,14784,4,2
3428924,"November 26, 2020 06:00:00 PM",2020,November,26,Thursday,18,44,Tin Alley-Swanston St (West),58,5257,11,4
4499741,"September 23, 2022 10:00:00 PM",2022,September,23,Friday,22,51,QVM-Franklin St (North),60,4985,9,5
3742217,"June 21, 2021 11:00:00 PM",2021,June,21,Monday,23,65,Swanston St - City Square,51,7491,6,1
1496495,"May 15, 2016 10:00:00 AM",2016,May,15,Sunday,10,12,New Quay,524,21888,5,7
1084897,"March 14, 2015 04:00:00 AM",2015,March,14,Saturday,4,9,Southern Cross Station,11,61139,3,6
2971542,"January 04, 2020 11:00:00 AM",2020,January,4,Saturday,11,62,La Trobe St (North),165,2084,1,6
238314,"November 20, 2010 11:00:00 AM",2010,November,20,Saturday,11,12,New Quay,384,21888,11,6
2670234,"May 14, 2019 11:00:00 AM",2019,May,14,Tuesday,11,48,QVM-Queen St (East),455,8664,5,2
1208231,"July 24, 2015 09:00:00 PM",2015,July,24,Friday,21,39,Alfred Place,97,14784,7,5
2216000,"April 30, 2018 04:00:00 PM",2018,April,30,Monday,16,27,QV Market-Peel St,176,11985,4,1
1527324,"June 14, 2016 11:00:00 AM",2016,June,14,Tuesday,11,44,Tin Alley-Swanston St (West),224,5257,6,2
684927,"October 07, 2013 10:00:00 AM",2013,October,7,Monday,10,11,Waterfront City,72,10824,10,1
915171,"August 13, 2014 11:00:00 AM",2014,August,13,Wednesday,11,14,Sandridge Bridge,568,51255,8,3
3767690,"July 07, 2021 05:00:00 AM",2021,July,7,Wednesday,5,15,State Library,28,95844,7,3
2097736,"January 17, 2018 02:00:00 AM",2018,January,17,Wednesday,2,50,Faraday St-Lygon St (West),4,10094,1,3
3088843,"March 30, 2020 04:00:00 AM",2020,March,30,Monday,4,49,QVM-Therry St (South),9,7337,3,1
1001303,"December 02, 2014 01:00:00 AM",2014,December,2,Tuesday,1,4,Town Hall (West),60,167769,12,2
85265,"November 24, 2009 03:00:00 PM",2009,November,24,Tuesday,15,11,Waterfront City,121,10824,11,2
2404469,"October 05, 2018 05:00:00 PM",2018,October,5,Friday,17,4,Town Hall (West),4217,167769,10,5
4425122,"August 24, 2022 08:00:00 PM",2022,August,24,Wednesday,20,66,State Library - New,877,12207,8,3
3328243,"September 18, 2020 02:00:00 AM",2020,September,18,Friday,2,30,Lonsdale St (South),4,35433,9,5
1482808,"May 02, 2016 02:00:00 AM",2016,May,2,Monday,2,42,Grattan St-Swanston St (West),11,13800,5,1
3166771,"May 25, 2020 05:00:00 AM",2020,May,25,Monday,5,49,QVM-Therry St (South),19,7337,5,1
3596417,"March 15, 2021 02:00:00 AM",2021,March,15,Monday,2,18,Collins Place (North),3,43097,3,1
1120344,"April 23, 2015 02:00:00 AM",2015,April,23,Thursday,2,12,New Quay,6,21888,4,4
3334568,"September 22, 2020 08:00:00 AM",2020,September,22,Tuesday,8,34,Flinders St-Spark La,54,9063,9,2
2201374,"April 17, 2018 05:00:00 PM",2018,April,17,Tuesday,17,24,Spencer St-Collins St (North),4986,98980,4,2
3560015,"February 19, 2021 06:00:00 AM",2021,February,19,Friday,6,58,Bourke St - Spencer St (North),157,9540,2,5
3294842,"August 26, 2020 03:00:00 AM",2020,August,26,Wednesday,3,66,State Library-New,1,7171,8,3
728389,"December 07, 2013 10:00:00 PM",2013,December,7,Saturday,22,25,Melbourne Convention Exhibition Centre,609,56737,12,6
2140833,"February 24, 2018 01:00:00 AM",2018,February,24,Saturday,1,35,Southbank,624,80829,2,6
2908020,"November 17, 2019 09:00:00 AM",2019,November,17,Sunday,9,61,Swanston St - RMIT Building 14,219,6523,11,7
3147290,"May 11, 2020 01:00:00 PM",2020,May,11,Monday,13,14,Sandridge Bridge,137,51255,5,1
3183834,"June 06, 2020 07:00:00 AM",2020,June,6,Saturday,7,10,Victoria Point,12,21016,6,6
3728646,"June 13, 2021 09:00:00 PM",2021,June,13,Sunday,21,76,Macaulay Rd-Bellair St,24,378,6,7
3095277,"April 03, 2020 08:00:00 PM",2020,April,3,Friday,20,59,Swanston St - RMIT Building 80,0,8774,4,5
42986,"August 16, 2009 02:00:00 PM",2009,August,16,Sunday,14,4,Town Hall (West),2547,167769,8,7
2670481,"May 14, 2019 04:00:00 PM",2019,May,14,Tuesday,16,37,Lygon St (East),144,9906,5,2
648408,"July 26, 2013 11:00:00 AM",2013,July,26,Friday,11,4,Town Hall (West),2309,167769,7,5
3464119,"December 19, 2020 09:00:00 PM",2020,December,19,Saturday,21,54,Lincoln-Swanston(West),21,2647,12,6
3376922,"October 21, 2020 11:00:00 PM",2020,October,21,Wednesday,23,37,Lygon St (East),3,9906,10,3
261292,"January 17, 2011 04:00:00 AM",2011,January,17,Monday,4,9,Southern Cross Station,0,61139,1,1
4401415,"July 18, 2022 02:00:00 AM",2022,July,18,Monday,2,46,Pelham St (South),2,1722,7,1
3247898,"July 22, 2020 11:00:00 AM",2020,July,22,Wednesday,11,8,Webb Bridge,196,20727,7,3
2043329,"November 30, 2017 12:00:00 AM",2017,November,30,Thursday,0,41,Flinders La-Swanston St (West),408,68374,11,4
2914216,"November 22, 2019 02:00:00 AM",2019,November,22,Friday,2,35,Southbank,56,80829,11,5
1575029,"July 31, 2016 10:00:00 PM",2016,July,31,Sunday,22,4,Town Hall (West),524,167769,7,7
2264248,"June 11, 2018 07:00:00 PM",2018,June,11,Monday,19,45,Little Collins St-Swanston St (East),945,29926,6,1
2943969,"December 14, 2019 08:00:00 PM",2019,December,14,Saturday,20,62,La Trobe St (North),250,2084,12,6
3512239,"January 19, 2021 11:00:00 AM",2021,January,19,Tuesday,11,17,Collins Place (South),294,65975,1,2
1130604,"May 04, 2015 08:00:00 AM",2015,May,4,Monday,8,12,New Quay,333,21888,5,1
2109614,"January 27, 2018 07:00:00 PM",2018,January,27,Saturday,19,36,Queen St (West),242,17094,1,6
3075372,"March 20, 2020 12:00:00 PM",2020,March,20,Friday,12,34,Flinders St-Spark La,175,9063,3,5
3196975,"June 15, 2020 05:00:00 PM",2020,June,15,Monday,17,17,Collins Place (South),262,65975,6,1
901582,"July 25, 2014 09:00:00 PM",2014,July,25,Friday,21,21,Bourke St-Russell St (West),968,44224,7,5
4336540,"June 07, 2022 11:00:00 PM",2022,June,7,Tuesday,23,25,Melbourne Convention Exhibition Centre,98,56737,6,2
3574810,"March 01, 2021 03:00:00 AM",2021,March,1,Monday,3,31,Lygon St (West),7,19296,3,1
9001,"May 25, 2009 07:00:00 AM",2009,May,25,Monday,7,2,Bourke Street Mall (South),190,123190,5,1
733689,"December 15, 2013 03:00:00 PM",2013,December,15,Sunday,15,25,Melbourne Convention Exhibition Centre,1178,56737,12,7
1909194,"July 24, 2017 06:00:00 AM",2017,July,24,Monday,6,41,Flinders La-Swanston St (West),417,68374,7,1
4312192,"May 28, 2022 11:00:00 AM",2022,May,28,Saturday,11,56,Lonsdale St - Elizabeth St (North),443,8815,5,6
1721659,"December 31, 2016 08:00:00 PM",2016,December,31,Saturday,20,12,New Quay,2558,21888,12,6
1401351,"February 10, 2016 03:00:00 PM",2016,February,10,Wednesday,15,20,Chinatown-Lt Bourke St (South),468,26134,2,3
95784,"December 18, 2009 11:00:00 PM",2009,December,18,Friday,23,18,Collins Place (North),229,43097,12,5
2501973,"December 25, 2018 06:00:00 AM",2018,December,25,Tuesday,6,47,Melbourne Central-Elizabeth St (East),89,43401,12,2
3439708,"December 04, 2020 02:00:00 AM",2020,December,4,Friday,2,8,Webb Bridge,5,20727,12,5
3843074,"August 21, 2021 02:00:00 PM",2021,August,21,Saturday,14,14,Sandridge Bridge,157,51255,8,6
3486244,"January 03, 2021 01:00:00 AM",2021,January,3,Sunday,1,19,Chinatown-Swanston St (North),89,29316,1,7
2669884,"May 14, 2019 04:00:00 AM",2019,May,14,Tuesday,4,56,Lonsdale St - Elizabeth St (North),6,8815,5,2
3519338,"January 23, 2021 09:00:00 PM",2021,January,23,Saturday,21,22,Flinders St-Elizabeth St (East),1167,82570,1,6
589198,"March 08, 2013 07:00:00 AM",2013,March,8,Friday,7,15,State Library,265,95844,3,5
771448,"February 03, 2014 05:00:00 PM",2014,February,3,Monday,17,2,Bourke Street Mall (South),1812,123190,2,1
1211783,"July 28, 2015 04:00:00 PM",2015,July,28,Tuesday,16,44,Tin Alley-Swanston St (West),344,5257,7,2
1958711,"September 12, 2017 08:00:00 PM",2017,September,12,Tuesday,20,31,Lygon St (West),362,19296,9,2
2720793,"June 23, 2019 11:00:00 PM",2019,June,23,Sunday,23,26,QV Market-Elizabeth St (West),149,46675,6,7
154924,"May 04, 2010 09:00:00 PM",2010,May,4,Tuesday,21,10,Victoria Point,80,21016,5,2
2266229,"June 13, 2018 01:00:00 PM",2018,June,13,Wednesday,13,4,Town Hall (West),3064,167769,6,3
3295701,"August 26, 2020 06:00:00 PM",2020,August,26,Wednesday,18,52,Elizabeth St-Lonsdale St (South),73,7823,8,3
225770,"October 20, 2010 02:00:00 AM",2010,October,20,Wednesday,2,17,Collins Place (South),14,65975,10,3
120370,"February 13, 2010 09:00:00 PM",2010,February,13,Saturday,21,16,Australia on Collins,186,34427,2,6
3642441,"April 13, 2021 03:00:00 AM",2021,April,13,Tuesday,3,31,Lygon St (West),6,19296,4,2
3313172,"September 07, 2020 10:00:00 PM",2020,September,7,Monday,22,68,Flinders Ln -Degraves St (North),0,1507,9,1
798646,"March 11, 2014 09:00:00 PM",2014,March,11,Tuesday,21,22,Flinders St-Elizabeth St (East),962,82570,3,2
2177207,"March 27, 2018 08:00:00 PM",2018,March,27,Tuesday,20,51,QVM-Franklin St (North),133,4985,3,2
2184680,"April 03, 2018 09:00:00 AM",2018,April,3,Tuesday,9,50,Faraday St-Lygon St (West),138,10094,4,2
377107,"October 29, 2011 03:00:00 AM",2011,October,29,Saturday,3,17,Collins Place (South),22,65975,10,6
1436219,"March 16, 2016 06:00:00 AM",2016,March,16,Wednesday,6,53,Collins St (North),158,36660,3,3
4463462,"August 12, 2022 08:00:00 AM",2022,August,12,Friday,8,76,Macaulay Rd - Bellair St,133,523,8,5
1034890,"January 14, 2015 07:00:00 PM",2015,January,14,Wednesday,19,17,Collins Place (South),319,65975,1,3
3747073,"June 24, 2021 09:00:00 PM",2021,June,24,Thursday,21,5,Princes Bridge,411,118831,6,4
4449333,"August 10, 2022 03:00:00 PM",2022,August,10,Wednesday,15,41,Flinders La-Swanston St (West),2953,68374,8,3
2323987,"August 01, 2018 10:00:00 AM",2018,August,1,Wednesday,10,29,St Kilda Rd-Alexandra Gardens,378,30690,8,3
2108789,"January 27, 2018 02:00:00 AM",2018,January,27,Saturday,2,6,Flinders Street Station Underpass,238,159391,1,6
678806,"September 27, 2013 10:00:00 PM",2013,September,27,Friday,22,18,Collins Place (North),99,43097,9,5
2380340,"September 16, 2018 08:00:00 AM",2018,September,16,Sunday,8,14,Sandridge Bridge,185,51255,9,7
2648379,"April 26, 2019 09:00:00 PM",2019,April,26,Friday,21,25,Melbourne Convention Exhibition Centre,458,56737,4,5
3946982,"October 22, 2021 11:00:00 AM",2021,October,22,Friday,11,37,Lygon St (East),143,9906,10,5
796127,"March 08, 2014 12:00:00 PM",2014,March,8,Saturday,12,14,Sandridge Bridge,460,51255,3,6
2088087,"January 08, 2018 09:00:00 AM",2018,January,8,Monday,9,8,Webb Bridge,220,20727,1,1
4058191,"December 10, 2021 04:00:00 AM",2021,December,10,Friday,4,71,Westwood Place,7,361,12,5
434846,"March 13, 2012 04:00:00 PM",2012,March,13,Tuesday,16,14,Sandridge Bridge,571,51255,3,2
2920681,"November 27, 2019 02:00:00 AM",2019,November,27,Wednesday,2,20,Chinatown-Lt Bourke St (South),26,26134,11,3
869145,"June 13, 2014 07:00:00 PM",2014,June,13,Friday,19,13,Flagstaff Station,426,56644,6,5
484994,"July 07, 2012 06:00:00 PM",2012,July,7,Saturday,18,14,Sandridge Bridge,515,51255,7,6
3921912,"October 07, 2021 12:00:00 PM",2021,October,7,Thursday,12,21,Bourke St-Russell St (West),255,44224,10,4
36651,"August 01, 2009 01:00:00 AM",2009,August,1,Saturday,1,11,Waterfront City,7,10824,8,6
1604631,"August 31, 2016 05:00:00 PM",2016,August,31,Wednesday,17,21,Bourke St-Russell St (West),1095,44224,8,3
3714738,"June 05, 2021 11:00:00 AM",2021,June,5,Saturday,11,12,New Quay,285,21888,6,6
2804848,"August 28, 2019 01:00:00 PM",2019,August,28,Wednesday,13,20,Chinatown-Lt Bourke St (South),688,26134,8,3
3018829,"February 08, 2020 09:00:00 AM",2020,February,8,Saturday,9,49,QVM-Therry St (South),264,7337,2,6
370822,"October 13, 2011 06:00:00 PM",2011,October,13,Thursday,18,5,Princes Bridge,1642,118831,10,4
3174792,"May 30, 2020 08:00:00 PM",2020,May,30,Saturday,20,34,Flinders St-Spark La,12,9063,5,6
3398309,"November 05, 2020 05:00:00 PM",2020,November,5,Thursday,17,3,Melbourne Central,981,102631,11,4
2158069,"March 11, 2018 01:00:00 AM",2018,March,11,Sunday,1,42,Grattan St-Swanston St (West),10,13800,3,7
2266329,"June 13, 2018 03:00:00 PM",2018,June,13,Wednesday,15,8,Webb Bridge,244,20727,6,3
1070869,"February 26, 2015 05:00:00 AM",2015,February,26,Thursday,5,34,Flinders St-Spark La,22,9063,2,4
1530461,"June 17, 2016 02:00:00 PM",2016,June,17,Friday,14,30,Lonsdale St (South),636,35433,6,5
1682281,"November 20, 2016 05:00:00 AM",2016,November,20,Sunday,5,30,Lonsdale St (South),93,35433,11,7
3831087,"August 14, 2021 09:00:00 AM",2021,August,14,Saturday,9,34,Flinders St-Spark La,77,9063,8,6
103285,"January 05, 2010 08:00:00 AM",2010,January,5,Tuesday,8,13,Flagstaff Station,3370,56644,1,2
3202767,"June 19, 2020 08:00:00 PM",2020,June,19,Friday,20,22,Flinders St-Elizabeth St (East),1090,82570,6,5
4001464,"November 23, 2021 10:00:00 PM",2021,November,23,Tuesday,22,63,231 Bourke St,264,6707,11,2
1250761,"September 08, 2015 01:00:00 AM",2015,September,8,Tuesday,1,3,Melbourne Central,81,102631,9,2
2276622,"June 22, 2018 01:00:00 PM",2018,June,22,Friday,13,33,Flinders St-Spring St (West),349,7030,6,5
1185294,"June 30, 2015 01:00:00 PM",2015,June,30,Tuesday,13,18,Collins Place (North),676,43097,6,2
2511049,"January 01, 2019 09:00:00 PM",2019,January,1,Tuesday,21,12,New Quay,502,21888,1,2
905586,"July 31, 2014 11:00:00 AM",2014,July,31,Thursday,11,2,Bourke Street Mall (South),1865,123190,7,4
1788707,"March 15, 2017 07:00:00 AM",2017,March,15,Wednesday,7,13,Flagstaff Station,2392,56644,3,3
257906,"January 08, 2011 09:00:00 PM",2011,January,8,Saturday,21,6,Flinders Street Station Underpass,673,159391,1,6
3252851,"July 26, 2020 03:00:00 AM",2020,July,26,Sunday,3,22,Flinders St-Elizabeth St (East),37,82570,7,7
2686775,"May 27, 2019 10:00:00 PM",2019,May,27,Monday,22,48,QVM-Queen St (East),57,8664,5,1
4509635,"September 30, 2022 02:00:00 PM",2022,September,30,Friday,14,71,Westwood Place,30,361,9,5
1964454,"September 18, 2017 11:00:00 AM",2017,September,18,Monday,11,6,Flinders Street Station Underpass,1283,159391,9,1
1945676,"August 30, 2017 02:00:00 PM",2017,August,30,Wednesday,14,14,Sandridge Bridge,468,51255,8,3
2121804,"February 07, 2018 11:00:00 AM",2018,February,7,Wednesday,11,39,Alfred Place,418,14784,2,3
858345,"May 31, 2014 04:00:00 AM",2014,May,31,Saturday,4,23,Spencer St-Collins St (South),14,20438,5,6
1976397,"September 29, 2017 02:00:00 PM",2017,September,29,Friday,14,37,Lygon St (East),266,9906,9,5
796169,"March 08, 2014 01:00:00 PM",2014,March,8,Saturday,13,25,Melbourne Convention Exhibition Centre,1533,56737,3,6
2363224,"September 02, 2018 10:00:00 AM",2018,September,2,Sunday,10,39,Alfred Place,155,14784,9,7
3156862,"May 18, 2020 07:00:00 AM",2020,May,18,Monday,7,61,Swanston St - RMIT Building 14,44,6523,5,1
2693253,"June 02, 2019 01:00:00 AM",2019,June,2,Sunday,1,2,Bourke Street Mall (South),139,123190,6,7
604727,"April 13, 2013 06:00:00 AM",2013,April,13,Saturday,6,10,Victoria Point,29,21016,4,6
2759680,"July 24, 2019 03:00:00 PM",2019,July,24,Wednesday,15,7,Birrarung Marr,186,35973,7,3
1537922,"June 25, 2016 12:00:00 AM",2016,June,25,Saturday,0,39,Alfred Place,41,14784,6,6
2422203,"October 20, 2018 04:00:00 AM",2018,October,20,Saturday,4,46,Pelham St (South),9,1722,10,6
3622158,"March 31, 2021 10:00:00 AM",2021,March,31,Wednesday,10,69,Flinders Ln -Degraves St (Crossing),230,1297,3,3
2537822,"January 24, 2019 11:00:00 AM",2019,January,24,Thursday,11,56,Lonsdale St - Elizabeth St (North),508,8815,1,4
957706,"October 07, 2014 12:00:00 AM",2014,October,7,Tuesday,0,23,Spencer St-Collins St (South),10,20438,10,2
708455,"November 09, 2013 01:00:00 PM",2013,November,9,Saturday,13,20,Chinatown-Lt Bourke St (South),623,26134,11,6
2762484,"July 26, 2019 07:00:00 PM",2019,July,26,Friday,19,3,Melbourne Central,1725,102631,7,5
4353574,"June 04, 2022 03:00:00 PM",2022,June,4,Saturday,15,41,Flinders La-Swanston St (West),3255,68374,6,6
1768173,"February 21, 2017 08:00:00 AM",2017,February,21,Tuesday,8,27,QV Market-Peel St,194,11985,2,2
2161321,"March 13, 2018 10:00:00 PM",2018,March,13,Tuesday,22,26,QV Market-Elizabeth St (West),297,46675,3,2
299120,"April 20, 2011 11:00:00 PM",2011,April,20,Wednesday,23,2,Bourke Street Mall (South),218,123190,4,3
3962353,"October 31, 2021 05:00:00 PM",2021,October,31,Sunday,17,15,State Library,1482,95844,10,7
1157141,"June 01, 2015 10:00:00 PM",2015,June,1,Monday,22,32,City Square,213,24004,6,1
2599936,"March 17, 2019 08:00:00 PM",2019,March,17,Sunday,20,47,Melbourne Central-Elizabeth St (East),873,43401,3,7
3053332,"March 04, 2020 03:00:00 PM",2020,March,4,Wednesday,15,1,Bourke Street Mall (North),2382,96649,3,3
561801,"January 03, 2013 04:00:00 AM",2013,January,3,Thursday,4,12,New Quay,2,21888,1,4
1420565,"February 29, 2016 04:00:00 PM",2016,February,29,Monday,16,42,Grattan St-Swanston St (West),1844,13800,2,1
972245,"October 25, 2014 12:00:00 PM",2014,October,25,Saturday,12,30,Lonsdale St (South),864,35433,10,6
3922446,"October 07, 2021 07:00:00 PM",2021,October,7,Thursday,19,72,Flinders St-ACMI,128,1717,10,4
3810432,"August 01, 2021 09:00:00 PM",2021,August,1,Sunday,21,36,Queen St (West),22,17094,8,7
2371280,"September 09, 2018 12:00:00 AM",2018,September,9,Sunday,0,36,Queen St (West),382,17094,9,7
3153253,"May 15, 2020 06:00:00 PM",2020,May,15,Friday,18,45,Little Collins St-Swanston St (East),254,29926,5,5
3318389,"September 11, 2020 11:00:00 AM",2020,September,11,Friday,11,40,Lonsdale St-Spring St (West),62,16821,9,5
1331201,"December 01, 2015 01:00:00 PM",2015,December,1,Tuesday,13,39,Alfred Place,923,14784,12,2
1746741,"January 28, 2017 02:00:00 PM",2017,January,28,Saturday,14,24,Spencer St-Collins St (North),991,98980,1,6
2993623,"January 20, 2020 04:00:00 PM",2020,January,20,Monday,16,27,QV Market-Peel St,170,11985,1,1
2326105,"August 03, 2018 03:00:00 AM",2018,August,3,Friday,3,14,Sandridge Bridge,9,51255,8,5
1597576,"August 24, 2016 06:00:00 AM",2016,August,24,Wednesday,6,9,Southern Cross Station,478,61139,8,3
2186330,"April 04, 2018 07:00:00 PM",2018,April,4,Wednesday,19,33,Flinders St-Spring St (West),161,7030,4,3
1780644,"March 06, 2017 04:00:00 PM",2017,March,6,Monday,16,17,Collins Place (South),780,65975,3,1
2791239,"August 17, 2019 10:00:00 PM",2019,August,17,Saturday,22,11,Waterfront City,35,10824,8,6
4397792,"July 22, 2022 03:00:00 AM",2022,July,22,Friday,3,44,Tin Alley-Swanston St (West),5,5257,7,5
835558,"April 30, 2014 01:00:00 PM",2014,April,30,Wednesday,13,5,Princes Bridge,1343,118831,4,3
2069963,"December 23, 2017 08:00:00 AM",2017,December,23,Saturday,8,10,Victoria Point,30,21016,12,6
1299082,"October 28, 2015 09:00:00 PM",2015,October,28,Wednesday,21,15,State Library,937,95844,10,3
1769129,"February 22, 2017 09:00:00 AM",2017,February,22,Wednesday,9,6,Flinders Street Station Underpass,2182,159391,2,3
3110308,"April 15, 2020 12:00:00 AM",2020,April,15,Wednesday,0,62,La Trobe St (North),15,2084,4,3
965590,"October 16, 2014 11:00:00 PM",2014,October,16,Thursday,23,20,Chinatown-Lt Bourke St (South),180,26134,10,4
79017,"November 10, 2009 04:00:00 AM",2009,November,10,Tuesday,4,9,Southern Cross Station,0,61139,11,2
1467798,"April 16, 2016 11:00:00 PM",2016,April,16,Saturday,23,12,New Quay,94,21888,4,6
4144197,"February 23, 2022 08:00:00 PM",2022,February,23,Wednesday,20,9,Southern Cross Station,84,61139,2,3
2757699,"July 23, 2019 02:00:00 AM",2019,July,23,Tuesday,2,27,QV Market-Peel St,3,11985,7,2
3692367,"May 19, 2021 06:00:00 AM",2021,May,19,Wednesday,6,55,Elizabeth St-La Trobe St (East),321,13085,5,3
2900114,"November 11, 2019 09:00:00 AM",2019,November,11,Monday,9,2,Bourke Street Mall (South),683,123190,11,1
1215542,"August 01, 2015 05:00:00 PM",2015,August,1,Saturday,17,15,State Library,1959,95844,8,6
390837,"December 01, 2011 07:00:00 PM",2011,December,1,Thursday,19,11,Waterfront City,91,10824,12,4
2794702,"August 20, 2019 02:00:00 PM",2019,August,20,Tuesday,14,24,Spencer St-Collins St (North),2148,98980,8,2
1704093,"December 13, 2016 10:00:00 AM",2016,December,13,Tuesday,10,21,Bourke St-Russell St (West),448,44224,12,2
2383697,"September 19, 2018 12:00:00 AM",2018,September,19,Wednesday,0,46,Pelham St (South),12,1722,9,3
610723,"April 27, 2013 03:00:00 AM",2013,April,27,Saturday,3,12,New Quay,3,21888,4,6
832974,"April 27, 2014 01:00:00 AM",2014,April,27,Sunday,1,2,Bourke Street Mall (South),151,123190,4,7
726460,"December 05, 2013 03:00:00 AM",2013,December,5,Thursday,3,16,Australia on Collins,7,34427,12,4
4303253,"May 04, 2022 12:00:00 AM",2022,May,4,Wednesday,0,42,Grattan St-Swanston St (West),31,13800,5,3
1860467,"June 01, 2017 03:00:00 PM",2017,June,1,Thursday,15,43,Monash Rd-Swanston St (West),323,10897,6,4
1864995,"June 06, 2017 03:00:00 PM",2017,June,6,Tuesday,15,12,New Quay,97,21888,6,2
2872516,"October 21, 2019 02:00:00 AM",2019,October,21,Monday,2,4,Town Hall (West),33,167769,10,1
843275,"May 11, 2014 08:00:00 AM",2014,May,11,Sunday,8,5,Princes Bridge,1135,118831,5,7
2117716,"February 03, 2018 10:00:00 PM",2018,February,3,Saturday,22,29,St Kilda Rd-Alexandra Gardens,334,30690,2,6
3134248,"May 02, 2020 08:00:00 AM",2020,May,2,Saturday,8,7,Birrarung Marr,96,35973,5,6
2321885,"July 30, 2018 04:00:00 PM",2018,July,30,Monday,16,49,QVM-Therry St (South),115,7337,7,1
2946490,"December 16, 2019 06:00:00 PM",2019,December,16,Monday,18,51,QVM-Franklin St (North),173,4985,12,1
4407588,"July 27, 2022 07:00:00 AM",2022,July,27,Wednesday,7,62,La Trobe St (North),67,2084,7,3
2448299,"November 10, 2018 08:00:00 PM",2018,November,10,Saturday,20,50,Faraday St-Lygon St (West),634,10094,11,6
1727601,"January 07, 2017 08:00:00 AM",2017,January,7,Saturday,8,34,Flinders St-Spark La,58,9063,1,6
4083497,"January 10, 2022 04:00:00 PM",2022,January,10,Monday,16,18,Collins Place (North),156,43097,1,1
2117791,"February 04, 2018 12:00:00 AM",2018,February,4,Sunday,0,6,Flinders Street Station Underpass,1127,159391,2,7
655949,"August 14, 2013 06:00:00 PM",2013,August,14,Wednesday,18,4,Town Hall (West),2326,167769,8,3
1027435,"January 05, 2015 08:00:00 AM",2015,January,5,Monday,8,34,Flinders St-Spark La,186,9063,1,1
1960954,"September 15, 2017 02:00:00 AM",2017,September,15,Friday,2,1,Bourke Street Mall (North),55,96649,9,5
3997188,"November 21, 2021 08:00:00 AM",2021,November,21,Sunday,8,65,Swanston St - City Square,93,7491,11,7
1924838,"August 09, 2017 05:00:00 PM",2017,August,9,Wednesday,17,10,Victoria Point,689,21016,8,3
1235728,"August 23, 2015 07:00:00 AM",2015,August,23,Sunday,7,1,Bourke Street Mall (North),86,96649,8,7
2817883,"September 07, 2019 05:00:00 PM",2019,September,7,Saturday,17,51,QVM-Franklin St (North),155,4985,9,6
2719432,"June 22, 2019 08:00:00 PM",2019,June,22,Saturday,20,49,QVM-Therry St (South),95,7337,6,6
842438,"May 10, 2014 05:00:00 AM",2014,May,10,Saturday,5,5,Princes Bridge,45,118831,5,6
327754,"June 30, 2011 03:00:00 AM",2011,June,30,Thursday,3,8,Webb Bridge,1,20727,6,4
2842357,"September 27, 2019 06:00:00 AM",2019,September,27,Friday,6,42,Grattan St-Swanston St (West),6,13800,9,5
30857,"July 17, 2009 08:00:00 PM",2009,July,17,Friday,20,14,Sandridge Bridge,427,51255,7,5
4235317,"April 29, 2022 10:00:00 AM",2022,April,29,Friday,10,2,Bourke Street Mall (South),749,123190,4,5
47720,"August 28, 2009 04:00:00 AM",2009,August,28,Friday,4,13,Flagstaff Station,10,56644,8,5
2153646,"March 07, 2018 03:00:00 AM",2018,March,7,Wednesday,3,37,Lygon St (East),4,9906,3,3
1671941,"November 09, 2016 02:00:00 AM",2016,November,9,Wednesday,2,2,Bourke Street Mall (South),17,123190,11,3
2212394,"April 27, 2018 11:00:00 AM",2018,April,27,Friday,11,43,Monash Rd-Swanston St (West),747,10897,4,5
2600747,"March 18, 2019 01:00:00 PM",2019,March,18,Monday,13,21,Bourke St-Russell St (West),1302,44224,3,1
4072122,"May 01, 2021 04:00:00 PM",2021,May,1,Saturday,16,10,Victoria Point,143,21016,5,6
4322491,"May 09, 2022 02:00:00 PM",2022,May,9,Monday,14,77,Harbour Esplanade (West) - Ped Path,180,2905,5,1
2295320,"July 08, 2018 11:00:00 AM",2018,July,8,Sunday,11,36,Queen St (West),173,17094,7,7
2217545,"May 02, 2018 12:00:00 AM",2018,May,2,Wednesday,0,41,Flinders La-Swanston St (West),255,68374,5,3
791243,"March 01, 2014 10:00:00 PM",2014,March,1,Saturday,22,28,The Arts Centre,1463,63067,3,6
2446037,"November 08, 2018 11:00:00 PM",2018,November,8,Thursday,23,35,Southbank,1318,80829,11,4
1357728,"December 28, 2015 04:00:00 PM",2015,December,28,Monday,16,20,Chinatown-Lt Bourke St (South),516,26134,12,1
4422025,"August 19, 2022 07:00:00 PM",2022,August,19,Friday,19,53,Collins St (North),599,36660,8,5
2512982,"January 03, 2019 12:00:00 PM",2019,January,3,Thursday,12,39,Alfred Place,598,14784,1,4
2334666,"August 10, 2018 01:00:00 AM",2018,August,10,Friday,1,45,Little Collins St-Swanston St (East),84,29926,8,5
3093131,"April 02, 2020 07:00:00 AM",2020,April,2,Thursday,7,14,Sandridge Bridge,84,51255,4,4
1317571,"November 17, 2015 11:00:00 AM",2015,November,17,Tuesday,11,10,Victoria Point,236,21016,11,2
4210001,"March 14, 2022 03:00:00 PM",2022,March,14,Monday,15,35,Southbank,4361,80829,3,1
2500600,"December 24, 2018 02:00:00 AM",2018,December,24,Monday,2,52,Elizabeth St-Lonsdale St (South),44,7823,12,1
1748281,"January 30, 2017 07:00:00 AM",2017,January,30,Monday,7,2,Bourke Street Mall (South),253,123190,1,1
2214665,"April 29, 2018 12:00:00 PM",2018,April,29,Sunday,12,4,Town Hall (West),2304,167769,4,7
5079,"May 15, 2009 02:00:00 AM",2009,May,15,Friday,2,12,New Quay,3,21888,5,5
3409887,"November 13, 2020 07:00:00 PM",2020,November,13,Friday,19,23,Spencer St-Collins St (South),137,20438,11,5
1832768,"May 02, 2017 05:00:00 AM",2017,May,2,Tuesday,5,22,Flinders St-Elizabeth St (East),168,82570,5,2
334408,"July 16, 2011 10:00:00 AM",2011,July,16,Saturday,10,15,State Library,420,95844,7,6
4150098,"February 17, 2022 05:00:00 PM",2022,February,17,Thursday,17,21,Bourke St-Russell St (West),627,44224,2,4
3285769,"August 19, 2020 03:00:00 PM",2020,August,19,Wednesday,15,22,Flinders St-Elizabeth St (East),649,82570,8,3
1094847,"March 25, 2015 09:00:00 AM",2015,March,25,Wednesday,9,6,Flinders Street Station Underpass,2470,159391,3,3
2336182,"August 11, 2018 07:00:00 AM",2018,August,11,Saturday,7,28,The Arts Centre,88,63067,8,6
1548060,"July 05, 2016 02:00:00 AM",2016,July,5,Tuesday,2,13,Flagstaff Station,19,56644,7,2
2585171,"March 05, 2019 12:00:00 PM",2019,March,5,Tuesday,12,47,Melbourne Central-Elizabeth St (East),2144,43401,3,2
4151037,"February 28, 2022 08:00:00 PM",2022,February,28,Monday,20,5,Princes Bridge,1121,118831,2,1
3033339,"February 19, 2020 12:00:00 AM",2020,February,19,Wednesday,0,23,Spencer St-Collins St (South),170,20438,2,3
1288043,"October 17, 2015 01:00:00 AM",2015,October,17,Saturday,1,34,Flinders St-Spark La,19,9063,10,6
605136,"April 14, 2013 05:00:00 AM",2013,April,14,Sunday,5,5,Princes Bridge,61,118831,4,7
3595935,"March 14, 2021 06:00:00 PM",2021,March,14,Sunday,18,46,Pelham St (S),37,430,3,7
1433520,"March 13, 2016 02:00:00 PM",2016,March,13,Sunday,14,15,State Library,1882,95844,3,7
2986280,"January 15, 2020 08:00:00 AM",2020,January,15,Wednesday,8,17,Collins Place (South),1824,65975,1,3
2715574,"June 19, 2019 06:00:00 PM",2019,June,19,Wednesday,18,36,Queen St (West),505,17094,6,3
2620188,"April 03, 2019 05:00:00 PM",2019,April,3,Wednesday,17,24,Spencer St-Collins St (North),5155,98980,4,3
1800760,"March 28, 2017 02:00:00 PM",2017,March,28,Tuesday,14,6,Flinders Street Station Underpass,2191,159391,3,2
3944092,"October 20, 2021 05:00:00 PM",2021,October,20,Wednesday,17,30,Lonsdale St (South),132,35433,10,3
2844753,"September 29, 2019 06:00:00 AM",2019,September,29,Sunday,6,37,Lygon St (East),6,9906,9,7
3053479,"March 04, 2020 05:00:00 PM",2020,March,4,Wednesday,17,45,Little Collins St-Swanston St (East),2111,29926,3,3
2222045,"May 05, 2018 10:00:00 PM",2018,May,5,Saturday,22,31,Lygon St (West),737,19296,5,6
557625,"December 23, 2012 11:00:00 PM",2012,December,23,Sunday,23,1,Bourke Street Mall (North),615,96649,12,7
1107826,"April 09, 2015 05:00:00 AM",2015,April,9,Thursday,5,10,Victoria Point,21,21016,4,4
880694,"June 28, 2014 10:00:00 AM",2014,June,28,Saturday,10,9,Southern Cross Station,140,61139,6,6
2646729,"April 25, 2019 01:00:00 PM",2019,April,25,Thursday,13,43,Monash Rd-Swanston St (West),160,10897,4,4
1489870,"May 09, 2016 12:00:00 AM",2016,May,9,Monday,0,9,Southern Cross Station,9,61139,5,1
1534531,"June 21, 2016 03:00:00 PM",2016,June,21,Tuesday,15,26,QV Market-Elizabeth St (West),696,46675,6,2
3566492,"February 23, 2021 01:00:00 PM",2021,February,23,Tuesday,13,65,Swanston St - City Square,471,7491,2,2
1791582,"March 18, 2017 10:00:00 AM",2017,March,18,Saturday,10,44,Tin Alley-Swanston St (West),147,5257,3,6
4219111,"March 16, 2022 04:00:00 AM",2022,March,16,Wednesday,4,63,231 Bourke St,1017,6707,3,3
1054236,"February 07, 2015 04:00:00 AM",2015,February,7,Saturday,4,27,QV Market-Peel St,8,11985,2,6
2583442,"March 04, 2019 02:00:00 AM",2019,March,4,Monday,2,52,Elizabeth St-Lonsdale St (South),28,7823,3,1
4372215,"June 01, 2022 08:00:00 AM",2022,June,1,Wednesday,8,86,Queensberry St - Errol St (South),15,359,6,3
2655947,"May 02, 2019 10:00:00 PM",2019,May,2,Thursday,22,59,Swanston St - RMIT Building 80,26,8774,5,4
3170646,"May 27, 2020 10:00:00 PM",2020,May,27,Wednesday,22,23,Spencer St-Collins St (South),41,20438,5,3
361806,"September 21, 2011 02:00:00 PM",2011,September,21,Wednesday,14,9,Southern Cross Station,423,61139,9,3
3909966,"September 30, 2021 09:00:00 AM",2021,September,30,Thursday,9,66,State Library-New,152,7171,9,4
712897,"November 15, 2013 07:00:00 PM",2013,November,15,Friday,19,4,Town Hall (West),2775,167769,11,5
58911,"September 24, 2009 02:00:00 PM",2009,September,24,Thursday,14,18,Collins Place (North),578,43097,9,4
2494063,"December 18, 2018 05:00:00 PM",2018,December,18,Tuesday,17,34,Flinders St-Spark La,239,9063,12,2
1612349,"September 08, 2016 11:00:00 AM",2016,September,8,Thursday,11,36,Queen St (West),521,17094,9,4
708737,"November 09, 2013 11:00:00 PM",2013,November,9,Saturday,23,1,Bourke Street Mall (North),364,96649,11,6
2225159,"May 08, 2018 03:00:00 PM",2018,May,8,Tuesday,15,25,Melbourne Convention Exhibition Centre,878,56737,5,2
98875,"December 26, 2009 03:00:00 AM",2009,December,26,Saturday,3,13,Flagstaff Station,3,56644,12,6
4378004,"July 19, 2022 01:00:00 PM",2022,July,19,Tuesday,13,24,Spencer St-Collins St (North),1146,98980,7,2
1904760,"July 19, 2017 06:00:00 PM",2017,July,19,Wednesday,18,39,Alfred Place,361,14784,7,3
2390377,"September 24, 2018 09:00:00 AM",2018,September,24,Monday,9,15,State Library,801,95844,9,1
777393,"February 11, 2014 10:00:00 AM",2014,February,11,Tuesday,10,27,QV Market-Peel St,186,11985,2,2
3429315,"November 27, 2020 01:00:00 AM",2020,November,27,Friday,1,53,Collins St (North),8,36660,11,5
1245828,"September 02, 2015 09:00:00 PM",2015,September,2,Wednesday,21,32,City Square,136,24004,9,3
1571312,"July 28, 2016 05:00:00 AM",2016,July,28,Thursday,5,27,QV Market-Peel St,11,11985,7,4
1962790,"September 16, 2017 09:00:00 PM",2017,September,16,Saturday,21,11,Waterfront City,14,10824,9,6
1448927,"March 28, 2016 10:00:00 PM",2016,March,28,Monday,22,53,Collins St (North),118,36660,3,1
708892,"November 10, 2013 04:00:00 AM",2013,November,10,Sunday,4,6,Flinders Street Station Underpass,52,159391,11,7
171818,"June 13, 2010 01:00:00 AM",2010,June,13,Sunday,1,8,Webb Bridge,4,20727,6,7
4420249,"July 29, 2022 07:00:00 PM",2022,July,29,Friday,19,87,Errol St (West),164,1143,7,5
1034109,"January 13, 2015 07:00:00 PM",2015,January,13,Tuesday,19,7,Birrarung Marr,319,35973,1,2
2067089,"December 20, 2017 08:00:00 PM",2017,December,20,Wednesday,20,18,Collins Place (North),179,43097,12,3
2444447,"November 07, 2018 03:00:00 PM",2018,November,7,Wednesday,15,48,QVM-Queen St (East),309,8664,11,3
475692,"June 16, 2012 05:00:00 AM",2012,June,16,Saturday,5,18,Collins Place (North),11,43097,6,6
1502454,"May 21, 2016 05:00:00 AM",2016,May,21,Saturday,5,44,Tin Alley-Swanston St (West),2,5257,5,6
4267517,"April 12, 2022 01:00:00 AM",2022,April,12,Tuesday,1,65,Swanston St - City Square,21,7491,4,2
1108715,"April 10, 2015 05:00:00 AM",2015,April,10,Friday,5,39,Alfred Place,7,14784,4,5
3394071,"November 02, 2020 06:00:00 PM",2020,November,2,Monday,18,37,Lygon St (East),225,9906,11,1
705059,"November 04, 2013 08:00:00 PM",2013,November,4,Monday,20,14,Sandridge Bridge,308,51255,11,1
929977,"September 01, 2014 10:00:00 AM",2014,September,1,Monday,10,39,Alfred Place,247,14784,9,1
3318615,"September 11, 2020 03:00:00 PM",2020,September,11,Friday,15,12,New Quay,191,21888,9,5
1723210,"January 02, 2017 12:00:00 PM",2017,January,2,Monday,12,44,Tin Alley-Swanston St (West),32,5257,1,1
3545558,"February 09, 2021 01:00:00 PM",2021,February,9,Tuesday,13,41,Flinders La-Swanston St (West),2056,68374,2,2
2800885,"August 25, 2019 09:00:00 AM",2019,August,25,Sunday,9,57,Bourke St Bridge,188,13558,8,7
956278,"October 05, 2014 05:00:00 AM",2014,October,5,Sunday,5,13,Flagstaff Station,15,56644,10,7
3930196,"October 12, 2021 10:00:00 AM",2021,October,12,Tuesday,10,50,Faraday St-Lygon St (West),206,10094,10,2
850198,"May 20, 2014 04:00:00 PM",2014,May,20,Tuesday,16,8,Webb Bridge,374,20727,5,2
674335,"September 20, 2013 06:00:00 PM",2013,September,20,Friday,18,19,Chinatown-Swanston St (North),1207,29316,9,5
1437612,"March 17, 2016 04:00:00 PM",2016,March,17,Thursday,16,14,Sandridge Bridge,822,51255,3,4
1226936,"August 13, 2015 07:00:00 PM",2015,August,13,Thursday,19,5,Princes Bridge,1127,118831,8,4
3744729,"June 23, 2021 11:00:00 AM",2021,June,23,Wednesday,11,56,Lonsdale St - Elizabeth St (North),185,8815,6,3
1563289,"July 20, 2016 06:00:00 AM",2016,July,20,Wednesday,6,26,QV Market-Elizabeth St (West),198,46675,7,3
869708,"June 14, 2014 11:00:00 AM",2014,June,14,Saturday,11,32,City Square,1187,24004,6,6
1009429,"December 12, 2014 03:00:00 PM",2014,December,12,Friday,15,2,Bourke Street Mall (South),3270,123190,12,5
2547800,"February 02, 2019 01:00:00 AM",2019,February,2,Saturday,1,21,Bourke St-Russell St (West),464,44224,2,6
2929990,"December 04, 2019 07:00:00 AM",2019,December,4,Wednesday,7,35,Southbank,1111,80829,12,3
1176811,"June 21, 2015 10:00:00 PM",2015,June,21,Sunday,22,22,Flinders St-Elizabeth St (East),645,82570,6,7
2112894,"January 30, 2018 05:00:00 PM",2018,January,30,Tuesday,17,25,Melbourne Convention Exhibition Centre,1224,56737,1,2
2135548,"February 19, 2018 11:00:00 AM",2018,February,19,Monday,11,29,St Kilda Rd-Alexandra Gardens,604,30690,2,1
2168589,"March 20, 2018 08:00:00 AM",2018,March,20,Tuesday,8,49,QVM-Therry St (South),211,7337,3,2
2779762,"August 08, 2019 10:00:00 PM",2019,August,8,Thursday,22,34,Flinders St-Spark La,32,9063,8,4
3970408,"November 05, 2021 10:00:00 AM",2021,November,5,Friday,10,51,QVM-Franklin St (North),97,4985,11,5
4165274,"February 06, 2022 01:00:00 AM",2022,February,6,Sunday,1,51,QVM-Franklin St (North),33,4985,2,7
2865099,"October 15, 2019 08:00:00 AM",2019,October,15,Tuesday,8,44,Tin Alley-Swanston St (West),135,5257,10,2
4325917,"May 28, 2022 08:00:00 AM",2022,May,28,Saturday,8,86,Queensberry St - Errol St (South),42,359,5,6
3960301,"October 30, 2021 11:00:00 AM",2021,October,30,Saturday,11,63,231 Bourke St,492,6707,10,6
2336334,"August 11, 2018 10:00:00 AM",2018,August,11,Saturday,10,27,QV Market-Peel St,310,11985,8,6
773399,"February 06, 2014 06:00:00 AM",2014,February,6,Thursday,6,1,Bourke Street Mall (North),82,96649,2,4
2046798,"December 03, 2017 02:00:00 AM",2017,December,3,Sunday,2,35,Southbank,119,80829,12,7
310254,"May 18, 2011 05:00:00 AM",2011,May,18,Wednesday,5,18,Collins Place (North),25,43097,5,3
4486423,"September 09, 2022 12:00:00 AM",2022,September,9,Friday,0,57,Bourke St Bridge,7,13558,9,5
3104794,"April 10, 2020 10:00:00 PM",2020,April,10,Friday,22,30,Lonsdale St (South),29,35433,4,5
1189045,"July 04, 2015 10:00:00 AM",2015,July,4,Saturday,10,13,Flagstaff Station,101,56644,7,6
1476230,"April 25, 2016 12:00:00 PM",2016,April,25,Monday,12,14,Sandridge Bridge,699,51255,4,1
1381743,"January 22, 2016 04:00:00 AM",2016,January,22,Friday,4,5,Princes Bridge,69,118831,1,5
1883014,"June 26, 2017 06:00:00 PM",2017,June,26,Monday,18,1,Bourke Street Mall (North),2266,96649,6,1
3415399,"November 17, 2020 02:00:00 PM",2020,November,17,Tuesday,14,65,Swanston St - City Square,339,7491,11,2
33931,"July 25, 2009 09:00:00 AM",2009,July,25,Saturday,9,11,Waterfront City,39,10824,7,6
1385311,"January 25, 2016 05:00:00 PM",2016,January,25,Monday,17,24,Spencer St-Collins St (North),3314,98980,1,1
4148174,"February 21, 2022 01:00:00 PM",2022,February,21,Monday,13,6,Flinders Street Station Underpass,772,159391,2,1
2518091,"January 07, 2019 08:00:00 PM",2019,January,7,Monday,20,50,Faraday St-Lygon St (West),523,10094,1,1
2853723,"October 06, 2019 12:00:00 PM",2019,October,6,Sunday,12,27,QV Market-Peel St,483,11985,10,7
4255587,"April 24, 2022 11:00:00 PM",2022,April,24,Sunday,23,48,QVM-Queen St (East),90,8664,4,7
3014582,"February 05, 2020 07:00:00 AM",2020,February,5,Wednesday,7,6,Flinders Street Station Underpass,2038,159391,2,3
3856614,"August 29, 2021 06:00:00 PM",2021,August,29,Sunday,18,69,Flinders Ln -Degraves St (Crossing),10,1297,8,7
3628664,"April 04, 2021 01:00:00 PM",2021,April,4,Sunday,13,10,Victoria Point,131,21016,4,7
3922545,"October 07, 2021 09:00:00 PM",2021,October,7,Thursday,21,22,Flinders St-Elizabeth St (East),225,82570,10,4
165160,"May 28, 2010 02:00:00 PM",2010,May,28,Friday,14,4,Town Hall (West),3271,167769,5,5
2352603,"August 24, 2018 06:00:00 PM",2018,August,24,Friday,18,24,Spencer St-Collins St (North),2797,98980,8,5
2428523,"October 25, 2018 11:00:00 AM",2018,October,25,Thursday,11,29,St Kilda Rd-Alexandra Gardens,568,30690,10,4
3329485,"September 18, 2020 10:00:00 PM",2020,September,18,Friday,22,39,Alfred Place,2,14784,9,5
3873634,"September 08, 2021 10:00:00 PM",2021,September,8,Wednesday,22,18,Collins Place (North),13,43097,9,3
4193921,"March 14, 2022 03:00:00 PM",2022,March,14,Monday,15,8,Webb Bridge,297,20727,3,1
3358233,"October 08, 2020 08:00:00 PM",2020,October,8,Thursday,20,25,Melbourne Convention Exhibition Centre,162,56737,10,4
4452605,"August 22, 2022 11:00:00 PM",2022,August,22,Monday,23,50,Faraday St-Lygon St (West),11,10094,8,1
1622802,"September 18, 2016 08:00:00 PM",2016,September,18,Sunday,20,31,Lygon St (West),609,19296,9,7
2728086,"June 29, 2019 09:00:00 PM",2019,June,29,Saturday,21,4,Town Hall (West),1239,167769,6,6
891489,"July 12, 2014 11:00:00 AM",2014,July,12,Saturday,11,21,Bourke St-Russell St (West),512,44224,7,6
741415,"December 26, 2013 09:00:00 AM",2013,December,26,Thursday,9,18,Collins Place (North),212,43097,12,4
3503397,"January 13, 2021 07:00:00 PM",2021,January,13,Wednesday,19,10,Victoria Point,28,21016,1,3
2284765,"June 29, 2018 03:00:00 PM",2018,June,29,Friday,15,12,New Quay,416,21888,6,5
1375954,"January 16, 2016 10:00:00 AM",2016,January,16,Saturday,10,8,Webb Bridge,178,20727,1,6
3472606,"December 25, 2020 08:00:00 AM",2020,December,25,Friday,8,30,Lonsdale St (South),26,35433,12,5
3195441,"June 14, 2020 03:00:00 PM",2020,June,14,Sunday,15,17,Collins Place (South),119,65975,6,7
233996,"November 09, 2010 06:00:00 AM",2010,November,9,Tuesday,6,15,State Library,98,95844,11,2
2640408,"April 20, 2019 12:00:00 PM",2019,April,20,Saturday,12,8,Webb Bridge,337,20727,4,6
3108097,"April 13, 2020 09:00:00 AM",2020,April,13,Monday,9,34,Flinders St-Spark La,33,9063,4,1
3396942,"November 04, 2020 06:00:00 PM",2020,November,4,Wednesday,18,20,Chinatown-Lt Bourke St (South),124,26134,11,3
178961,"June 29, 2010 02:00:00 PM",2010,June,29,Tuesday,14,5,Princes Bridge,1195,118831,6,2
4269939,"April 24, 2022 11:00:00 PM",2022,April,24,Sunday,23,67,Flinders Ln - Degraves St (South),85,1887,4,7
2955805,"December 23, 2019 06:00:00 PM",2019,December,23,Monday,18,61,Swanston St - RMIT Building 14,561,6523,12,1
680731,"September 30, 2013 09:00:00 PM",2013,September,30,Monday,21,28,The Arts Centre,321,63067,9,1
536850,"November 05, 2012 04:00:00 PM",2012,November,5,Monday,16,17,Collins Place (South),684,65975,11,1
3604674,"March 20, 2021 08:00:00 AM",2021,March,20,Saturday,8,51,QVM-Franklin St (North),138,4985,3,6
4377670,"July 05, 2022 03:00:00 PM",2022,July,5,Tuesday,15,24,Spencer St-Collins St (North),1277,98980,7,2
3389118,"October 30, 2020 07:00:00 AM",2020,October,30,Friday,7,47,Melbourne Central-Elizabeth St (East),157,43401,10,5
960262,"October 10, 2014 06:00:00 AM",2014,October,10,Friday,6,3,Melbourne Central,231,102631,10,5
4300511,"May 13, 2022 06:00:00 PM",2022,May,13,Friday,18,36,Queen St (West),424,17094,5,5
1289625,"October 18, 2015 06:00:00 PM",2015,October,18,Sunday,18,14,Sandridge Bridge,531,51255,10,7
676288,"September 23, 2013 09:00:00 PM",2013,September,23,Monday,21,22,Flinders St-Elizabeth St (East),1028,82570,9,1
1496026,"May 14, 2016 11:00:00 PM",2016,May,14,Saturday,23,17,Collins Place (South),147,65975,5,6
1933343,"August 18, 2017 10:00:00 AM",2017,August,18,Friday,10,41,Flinders La-Swanston St (West),2562,68374,8,5
3455359,"December 14, 2020 06:00:00 AM",2020,December,14,Monday,6,20,Chinatown-Lt Bourke St (South),16,26134,12,1
3082247,"March 25, 2020 11:00:00 AM",2020,March,25,Wednesday,11,17,Collins Place (South),242,65975,3,3
2430987,"October 27, 2018 01:00:00 PM",2018,October,27,Saturday,13,2,Bourke Street Mall (South),2645,123190,10,6
294886,"April 10, 2011 01:00:00 PM",2011,April,10,Sunday,13,18,Collins Place (North),132,43097,4,7
3060690,"March 09, 2020 11:00:00 PM",2020,March,9,Monday,23,49,QVM-Therry St (South),106,7337,3,1
3757902,"July 01, 2021 09:00:00 AM",2021,July,1,Thursday,9,23,Spencer St-Collins St (South),343,20438,7,4
3678982,"May 07, 2021 09:00:00 PM",2021,May,7,Friday,21,46,Pelham St (S),23,430,5,5
73077,"October 27, 2009 10:00:00 AM",2009,October,27,Tuesday,10,9,Southern Cross Station,323,61139,10,2
2123448,"February 08, 2018 10:00:00 PM",2018,February,8,Thursday,22,24,Spencer St-Collins St (North),584,98980,2,4
2251552,"May 31, 2018 07:00:00 PM",2018,May,31,Thursday,19,18,Collins Place (North),295,43097,5,4
4094191,"January 22, 2022 06:00:00 AM",2022,January,22,Saturday,6,12,New Quay,51,21888,1,6
920481,"August 20, 2014 09:00:00 AM",2014,August,20,Wednesday,9,12,New Quay,138,21888,8,3
3277561,"August 13, 2020 02:00:00 PM",2020,August,13,Thursday,14,7,Birrarung Marr,94,35973,8,4
2748971,"July 16, 2019 06:00:00 AM",2019,July,16,Tuesday,6,17,Collins Place (South),245,65975,7,2
3586038,"March 08, 2021 08:00:00 AM",2021,March,8,Monday,8,69,Flinders Ln -Degraves St (Crossing),62,1297,3,1
498247,"August 07, 2012 11:00:00 AM",2012,August,7,Tuesday,11,1,Bourke Street Mall (North),1492,96649,8,2
2086219,"January 06, 2018 04:00:00 PM",2018,January,6,Saturday,16,29,St Kilda Rd-Alexandra Gardens,212,30690,1,6
2068479,"December 22, 2017 01:00:00 AM",2017,December,22,Friday,1,15,State Library,104,95844,12,5
1660976,"October 28, 2016 09:00:00 AM",2016,October,28,Friday,9,13,Flagstaff Station,2357,56644,10,5
1500642,"May 19, 2016 11:00:00 AM",2016,May,19,Thursday,11,24,Spencer St-Collins St (North),1436,98980,5,4
4183411,"March 10, 2022 05:00:00 PM",2022,March,10,Thursday,17,59,Swanston St - RMIT Building 80,1764,8774,3,4
2592658,"March 11, 2019 05:00:00 PM",2019,March,11,Monday,17,21,Bourke St-Russell St (West),1155,44224,3,1
3516840,"January 22, 2021 08:00:00 AM",2021,January,22,Friday,8,1,Bourke Street Mall (North),257,96649,1,5
1783861,"March 10, 2017 02:00:00 AM",2017,March,10,Friday,2,39,Alfred Place,9,14784,3,5
2711683,"June 16, 2019 04:00:00 PM",2019,June,16,Sunday,16,51,QVM-Franklin St (North),296,4985,6,7
3342556,"September 27, 2020 05:00:00 PM",2020,September,27,Sunday,17,23,Spencer St-Collins St (South),69,20438,9,7
3734682,"June 17, 2021 12:00:00 PM",2021,June,17,Thursday,12,7,Birrarung Marr,107,35973,6,4
2952630,"December 21, 2019 10:00:00 AM",2019,December,21,Saturday,10,6,Flinders Street Station Underpass,1245,159391,12,6
137623,"March 25, 2010 08:00:00 PM",2010,March,25,Thursday,20,7,Birrarung Marr,207,35973,3,4
2396393,"September 29, 2018 04:00:00 AM",2018,September,29,Saturday,4,54,Lincoln-Swanston (West),6,3732,9,6
3851521,"August 26, 2021 06:00:00 PM",2021,August,26,Thursday,18,53,Collins St (North),152,36660,8,4
1827654,"April 26, 2017 02:00:00 PM",2017,April,26,Wednesday,14,17,Collins Place (South),815,65975,4,3
626793,"June 03, 2013 11:00:00 AM",2013,June,3,Monday,11,13,Flagstaff Station,858,56644,6,1
781489,"February 16, 2014 08:00:00 PM",2014,February,16,Sunday,20,11,Waterfront City,148,10824,2,7
1983585,"October 06, 2017 09:00:00 AM",2017,October,6,Friday,9,12,New Quay,133,21888,10,5
2882654,"October 28, 2019 09:00:00 PM",2019,October,28,Monday,21,47,Melbourne Central-Elizabeth St (East),686,43401,10,1
4234960,"April 14, 2022 01:00:00 PM",2022,April,14,Thursday,13,2,Bourke Street Mall (South),1981,123190,4,4
4117040,"January 24, 2022 07:00:00 AM",2022,January,24,Monday,7,51,QVM-Franklin St (North),23,4985,1,1
2228580,"May 11, 2018 03:00:00 PM",2018,May,11,Friday,15,2,Bourke Street Mall (South),1808,123190,5,5
1229300,"August 16, 2015 08:00:00 AM",2015,August,16,Sunday,8,25,Melbourne Convention Exhibition Centre,471,56737,8,7
2423270,"October 21, 2018 01:00:00 AM",2018,October,21,Sunday,1,44,Tin Alley-Swanston St (West),15,5257,10,7
407135,"January 09, 2012 01:00:00 PM",2012,January,9,Monday,13,5,Princes Bridge,1455,118831,1,1
3837039,"August 17, 2021 11:00:00 PM",2021,August,17,Tuesday,23,10,Victoria Point,4,21016,8,2
3293137,"August 24, 2020 10:00:00 PM",2020,August,24,Monday,22,42,Grattan St-Swanston St (West),3,13800,8,1
1130904,"May 04, 2015 04:00:00 PM",2015,May,4,Monday,16,8,Webb Bridge,279,20727,5,1
3044965,"February 27, 2020 12:00:00 PM",2020,February,27,Thursday,12,26,QV Market-Elizabeth St (West),1630,46675,2,4
3034621,"February 19, 2020 10:00:00 PM",2020,February,19,Wednesday,22,52,Elizabeth St-Lonsdale St (South),183,7823,2,3
2903388,"November 13, 2019 09:00:00 PM",2019,November,13,Wednesday,21,45,Little Collins St-Swanston St (East),975,29926,11,3
597783,"March 28, 2013 04:00:00 AM",2013,March,28,Thursday,4,14,Sandridge Bridge,21,51255,3,4
3622058,"March 31, 2021 09:00:00 AM",2021,March,31,Wednesday,9,31,Lygon St (West),79,19296,3,3
4309586,"May 12, 2022 09:00:00 PM",2022,May,12,Thursday,21,51,QVM-Franklin St (North),58,4985,5,4
1799641,"March 27, 2017 07:00:00 AM",2017,March,27,Monday,7,40,Lonsdale St-Spring St (West),226,16821,3,1
4225228,"March 31, 2022 01:00:00 AM",2022,March,31,Thursday,1,72,Flinders St - ACMI,75,964,3,4
3072405,"March 18, 2020 09:00:00 AM",2020,March,18,Wednesday,9,29,St Kilda Rd-Alexandra Gardens,124,30690,3,3
1076801,"March 05, 2015 01:00:00 AM",2015,March,5,Thursday,1,18,Collins Place (North),7,43097,3,4
42576,"August 15, 2009 02:00:00 PM",2009,August,15,Saturday,14,2,Bourke Street Mall (South),3564,123190,8,6
521904,"October 02, 2012 02:00:00 AM",2012,October,2,Tuesday,2,11,Waterfront City,0,10824,10,2
448441,"April 14, 2012 04:00:00 AM",2012,April,14,Saturday,4,1,Bourke Street Mall (North),38,96649,4,6
2495493,"December 19, 2018 09:00:00 PM",2018,December,19,Wednesday,21,36,Queen St (West),191,17094,12,3
1401277,"February 10, 2016 01:00:00 PM",2016,February,10,Wednesday,13,30,Lonsdale St (South),1024,35433,2,3
1180917,"June 26, 2015 02:00:00 AM",2015,June,26,Friday,2,28,The Arts Centre,20,63067,6,5
438110,"March 21, 2012 06:00:00 AM",2012,March,21,Wednesday,6,2,Bourke Street Mall (South),112,123190,3,3
1063024,"February 17, 2015 08:00:00 AM",2015,February,17,Tuesday,8,22,Flinders St-Elizabeth St (East),2607,82570,2,2
2045524,"December 01, 2017 11:00:00 PM",2017,December,1,Friday,23,28,The Arts Centre,343,63067,12,5
2110050,"January 28, 2018 04:00:00 AM",2018,January,28,Sunday,4,51,QVM-Franklin St (North),10,4985,1,7
4352631,"June 25, 2022 08:00:00 AM",2022,June,25,Saturday,8,35,Southbank,622,80829,6,6
503320,"August 19, 2012 04:00:00 AM",2012,August,19,Sunday,4,16,Australia on Collins,87,34427,8,7
85094,"November 24, 2009 06:00:00 AM",2009,November,24,Tuesday,6,2,Bourke Street Mall (South),102,123190,11,2
3847872,"August 24, 2021 12:00:00 PM",2021,August,24,Tuesday,12,50,Faraday St-Lygon St (West),144,10094,8,2
2565248,"February 17, 2019 01:00:00 AM",2019,February,17,Sunday,1,47,Melbourne Central-Elizabeth St (East),267,43401,2,7
4477145,"September 06, 2022 12:00:00 PM",2022,September,6,Tuesday,12,10,Victoria Point,170,21016,9,2
1977178,"September 30, 2017 08:00:00 AM",2017,September,30,Saturday,8,25,Melbourne Convention Exhibition Centre,353,56737,9,6
3064244,"March 12, 2020 02:00:00 PM",2020,March,12,Thursday,14,37,Lygon St (East),170,9906,3,4
523042,"October 04, 2012 05:00:00 PM",2012,October,4,Thursday,17,15,State Library,2353,95844,10,4
1207864,"July 24, 2015 12:00:00 PM",2015,July,24,Friday,12,22,Flinders St-Elizabeth St (East),3093,82570,7,5
3277594,"August 13, 2020 02:00:00 PM",2020,August,13,Thursday,14,55,Elizabeth St-La Trobe St (East),557,13085,8,4
2141847,"February 24, 2018 10:00:00 PM",2018,February,24,Saturday,22,43,Monash Rd-Swanston St (West),44,10897,2,6
1029392,"January 07, 2015 08:00:00 PM",2015,January,7,Wednesday,20,9,Southern Cross Station,117,61139,1,3
3465616,"December 20, 2020 08:00:00 PM",2020,December,20,Sunday,20,56,Lonsdale St - Elizabeth St (North),255,8815,12,7
973887,"October 27, 2014 02:00:00 PM",2014,October,27,Monday,14,22,Flinders St-Elizabeth St (East),2206,82570,10,1
2520969,"January 10, 2019 08:00:00 AM",2019,January,10,Thursday,8,29,St Kilda Rd-Alexandra Gardens,514,30690,1,4
982733,"November 07, 2014 11:00:00 PM",2014,November,7,Friday,23,27,QV Market-Peel St,53,11985,11,5
1249122,"September 06, 2015 08:00:00 AM",2015,September,6,Sunday,8,4,Town Hall (West),360,167769,9,7
2906144,"November 15, 2019 11:00:00 PM",2019,November,15,Friday,23,54,Lincoln-Swanston(West),76,2647,11,5
477233,"June 19, 2012 07:00:00 PM",2012,June,19,Tuesday,19,11,Waterfront City,65,10824,6,2
4153917,"February 08, 2022 08:00:00 PM",2022,February,8,Tuesday,20,31,Lygon St (West),402,19296,2,2
1134907,"May 09, 2015 02:00:00 AM",2015,May,9,Saturday,2,34,Flinders St-Spark La,16,9063,5,6
4229326,"March 21, 2022 07:00:00 PM",2022,March,21,Monday,19,84,Elizabeth St - Flinders St (East) - New footpath,1041,4624,3,1
2658073,"May 04, 2019 03:00:00 PM",2019,May,4,Saturday,15,52,Elizabeth St-Lonsdale St (South),758,7823,5,6
3586327,"March 08, 2021 01:00:00 PM",2021,March,8,Monday,13,34,Flinders St-Spark La,68,9063,3,1
1482328,"May 01, 2016 03:00:00 PM",2016,May,1,Sunday,15,13,Flagstaff Station,203,56644,5,7
4042248,"December 18, 2021 09:00:00 PM",2021,December,18,Saturday,21,44,Tin Alley-Swanston St (West),6,5257,12,6
4184964,"March 13, 2022 10:00:00 AM",2022,March,13,Sunday,10,53,Collins St (North),679,36660,3,7
1354202,"December 25, 2015 12:00:00 AM",2015,December,25,Friday,0,39,Alfred Place,32,14784,12,5
2478084,"December 05, 2018 03:00:00 PM",2018,December,5,Wednesday,15,19,Chinatown-Swanston St (North),854,29316,12,3
956785,"October 05, 2014 08:00:00 PM",2014,October,5,Sunday,20,26,QV Market-Elizabeth St (West),301,46675,10,7
3551537,"February 13, 2021 01:00:00 PM",2021,February,13,Saturday,13,48,QVM-Queen St (East),231,8664,2,6
2489656,"December 15, 2018 03:00:00 AM",2018,December,15,Saturday,3,9,Southern Cross Station,10,61139,12,6
3839449,"August 19, 2021 09:00:00 AM",2021,August,19,Thursday,9,54,Lincoln-Swanston(West),25,2647,8,4
4087218,"January 10, 2022 05:00:00 PM",2022,January,10,Monday,17,2,Bourke Street Mall (South),582,123190,1,1
3611120,"March 24, 2021 11:00:00 AM",2021,March,24,Wednesday,11,51,QVM-Franklin St (North),152,4985,3,3
4204475,"March 20, 2022 09:00:00 AM",2022,March,20,Sunday,9,37,Lygon St (East),71,9906,3,7
3062935,"March 11, 2020 03:00:00 PM",2020,March,11,Wednesday,15,36,Queen St (West),631,17094,3,3
502010,"August 16, 2012 04:00:00 AM",2012,August,16,Thursday,4,2,Bourke Street Mall (South),8,123190,8,4
426759,"February 23, 2012 11:00:00 PM",2012,February,23,Thursday,23,9,Southern Cross Station,44,61139,2,4
3494898,"January 08, 2021 12:00:00 PM",2021,January,8,Friday,12,15,State Library,689,95844,1,5
1679348,"November 17, 2016 01:00:00 AM",2016,November,17,Thursday,1,39,Alfred Place,11,14784,11,4
3025598,"February 13, 2020 08:00:00 AM",2020,February,13,Thursday,8,39,Alfred Place,706,14784,2,4
896721,"July 19, 2014 08:00:00 AM",2014,July,19,Saturday,8,30,Lonsdale St (South),180,35433,7,6
2925661,"November 30, 2019 11:00:00 PM",2019,November,30,Saturday,23,30,Lonsdale St (South),1025,35433,11,6
3451897,"December 12, 2020 12:00:00 AM",2020,December,12,Saturday,0,14,Sandridge Bridge,206,51255,12,6
3295229,"August 26, 2020 10:00:00 AM",2020,August,26,Wednesday,10,45,Little Collins St-Swanston St (East),102,29926,8,3
2248643,"May 29, 2018 06:00:00 AM",2018,May,29,Tuesday,6,39,Alfred Place,66,14784,5,2
4447537,"August 28, 2022 07:00:00 PM",2022,August,28,Sunday,19,43,Monash Rd-Swanston St (West),91,10897,8,7
4113455,"January 29, 2022 10:00:00 PM",2022,January,29,Saturday,22,35,Southbank,2306,80829,1,6
3094878,"April 03, 2020 01:00:00 PM",2020,April,3,Friday,13,59,Swanston St - RMIT Building 80,95,8774,4,5
4449487,"August 17, 2022 01:00:00 AM",2022,August,17,Wednesday,1,41,Flinders La-Swanston St (West),95,68374,8,3
3268447,"August 06, 2020 04:00:00 PM",2020,August,6,Thursday,16,39,Alfred Place,20,14784,8,4
1113271,"April 15, 2015 11:00:00 AM",2015,April,15,Wednesday,11,25,Melbourne Convention Exhibition Centre,489,56737,4,3
356451,"September 08, 2011 11:00:00 AM",2011,September,8,Thursday,11,9,Southern Cross Station,343,61139,9,4
3119504,"April 21, 2020 04:00:00 PM",2020,April,21,Tuesday,16,50,Faraday St-Lygon St (West),113,10094,4,2
1391969,"February 01, 2016 08:00:00 AM",2016,February,1,Monday,8,3,Melbourne Central,793,102631,2,1
850411,"May 20, 2014 11:00:00 PM",2014,May,20,Tuesday,23,4,Town Hall (West),305,167769,5,2
3769967,"July 08, 2021 01:00:00 PM",2021,July,8,Thursday,13,49,QVM-Therry St (South),308,7337,7,4
4245004,"April 04, 2022 12:00:00 AM",2022,April,4,Monday,0,19,Chinatown-Swanston St (North),91,29316,4,1
793113,"March 04, 2014 11:00:00 AM",2014,March,4,Tuesday,11,6,Flinders Street Station Underpass,1059,159391,3,2
1723098,"January 02, 2017 10:00:00 AM",2017,January,2,Monday,10,1,Bourke Street Mall (North),1065,96649,1,1
1537494,"June 24, 2016 02:00:00 PM",2016,June,24,Friday,14,31,Lygon St (West),261,19296,6,5
3805456,"July 29, 2021 08:00:00 PM",2021,July,29,Thursday,20,30,Lonsdale St (South),278,35433,7,4
1858661,"May 30, 2017 03:00:00 PM",2017,May,30,Tuesday,15,18,Collins Place (North),612,43097,5,2
1360805,"January 01, 2016 02:00:00 AM",2016,January,1,Friday,2,7,Birrarung Marr,614,35973,1,5
1488832,"May 08, 2016 12:00:00 AM",2016,May,8,Sunday,0,3,Melbourne Central,982,102631,5,7
2899175,"November 10, 2019 03:00:00 PM",2019,November,10,Sunday,15,35,Southbank,1726,80829,11,7
534783,"October 31, 2012 10:00:00 PM",2012,October,31,Wednesday,22,2,Bourke Street Mall (South),228,123190,10,3
1724529,"January 03, 2017 11:00:00 PM",2017,January,3,Tuesday,23,32,City Square,346,24004,1,2
3661132,"April 24, 2021 08:00:00 PM",2021,April,24,Saturday,20,2,Bourke Street Mall (South),322,123190,4,6
3494433,"January 08, 2021 05:00:00 AM",2021,January,8,Friday,5,2,Bourke Street Mall (South),11,123190,1,5
2791634,"August 18, 2019 05:00:00 AM",2019,August,18,Sunday,5,33,Flinders St-Spring St (West),8,7030,8,7
1912235,"July 27, 2017 09:00:00 AM",2017,July,27,Thursday,9,6,Flinders Street Station Underpass,2315,159391,7,4
3277188,"August 13, 2020 07:00:00 AM",2020,August,13,Thursday,7,28,The Arts Centre,94,63067,8,4
3331813,"September 20, 2020 12:00:00 PM",2020,September,20,Sunday,12,18,Collins Place (North),20,43097,9,7
4031940,"December 19, 2021 09:00:00 AM",2021,December,19,Sunday,9,27,QV Market-Peel St,155,11985,12,7
156798,"May 09, 2010 05:00:00 AM",2010,May,9,Sunday,5,12,New Quay,8,21888,5,7
981507,"November 06, 2014 10:00:00 AM",2014,November,6,Thursday,10,22,Flinders St-Elizabeth St (East),1987,82570,11,4
3122521,"April 23, 2020 08:00:00 PM",2020,April,23,Thursday,20,54,Lincoln-Swanston(West),32,2647,4,4
2671109,"May 15, 2019 04:00:00 AM",2019,May,15,Wednesday,4,57,Bourke St Bridge,5,13558,5,3
4056159,"December 18, 2021 12:00:00 PM",2021,December,18,Saturday,12,68,Flinders Ln - Degraves St (North),353,1825,12,6
2515491,"January 05, 2019 03:00:00 PM",2019,January,5,Saturday,15,31,Lygon St (West),447,19296,1,6
2736132,"July 06, 2019 05:00:00 AM",2019,July,6,Saturday,5,46,Pelham St (South),0,1722,7,6
3310570,"September 06, 2020 04:00:00 AM",2020,September,6,Sunday,4,23,Spencer St-Collins St (South),10,20438,9,7
4091816,"January 16, 2022 07:00:00 AM",2022,January,16,Sunday,7,23,Spencer St-Collins St (South),24,20438,1,7
2924013,"November 29, 2019 04:00:00 PM",2019,November,29,Friday,16,20,Chinatown-Lt Bourke St (South),538,26134,11,5
1726439,"January 06, 2017 01:00:00 AM",2017,January,6,Friday,1,17,Collins Place (South),17,65975,1,5
907779,"August 03, 2014 12:00:00 PM",2014,August,3,Sunday,12,6,Flinders Street Station Underpass,1200,159391,8,7
3300704,"August 30, 2020 09:00:00 AM",2020,August,30,Sunday,9,53,Collins St (North),26,36660,8,7
2065333,"December 19, 2017 07:00:00 AM",2017,December,19,Tuesday,7,42,Grattan St-Swanston St (West),124,13800,12,2
418286,"February 04, 2012 08:00:00 AM",2012,February,4,Saturday,8,14,Sandridge Bridge,138,51255,2,6
1389460,"January 29, 2016 08:00:00 PM",2016,January,29,Friday,20,14,Sandridge Bridge,377,51255,1,5
1698762,"December 07, 2016 08:00:00 PM",2016,December,7,Wednesday,20,42,Grattan St-Swanston St (West),130,13800,12,3
1562921,"July 19, 2016 09:00:00 PM",2016,July,19,Tuesday,21,36,Queen St (West),132,17094,7,2
4229272,"March 19, 2022 01:00:00 PM",2022,March,19,Saturday,13,84,Elizabeth St - Flinders St (East) - New footpath,1866,4624,3,6
1694484,"December 03, 2016 08:00:00 AM",2016,December,3,Saturday,8,18,Collins Place (North),96,43097,12,6
3930224,"October 12, 2021 11:00:00 AM",2021,October,12,Tuesday,11,18,Collins Place (North),148,43097,10,2
628029,"June 06, 2013 12:00:00 PM",2013,June,6,Thursday,12,8,Webb Bridge,661,20727,6,4
2122929,"February 08, 2018 11:00:00 AM",2018,February,8,Thursday,11,22,Flinders St-Elizabeth St (East),1612,82570,2,4
3981577,"November 12, 2021 01:00:00 AM",2021,November,12,Friday,1,54,Lincoln-Swanston(West),22,2647,11,5
1051451,"February 03, 2015 11:00:00 PM",2015,February,3,Tuesday,23,12,New Quay,38,21888,2,2
4197640,"March 14, 2022 02:00:00 PM",2022,March,14,Monday,14,21,Bourke St-Russell St (West),946,44224,3,1
3397230,"November 04, 2020 11:00:00 PM",2020,November,4,Wednesday,23,9,Southern Cross Station,6,61139,11,3
2960875,"December 27, 2019 01:00:00 PM",2019,December,27,Friday,13,30,Lonsdale St (South),820,35433,12,5
3216276,"June 29, 2020 10:00:00 AM",2020,June,29,Monday,10,20,Chinatown-Lt Bourke St (South),84,26134,6,1
4506418,"September 16, 2022 01:00:00 PM",2022,September,16,Friday,13,69,Flinders Ln - Degraves St (Crossing),370,1398,9,5
944361,"September 19, 2014 11:00:00 PM",2014,September,19,Friday,23,21,Bourke St-Russell St (West),749,44224,9,5
943486,"September 18, 2014 08:00:00 PM",2014,September,18,Thursday,20,9,Southern Cross Station,139,61139,9,4
1423522,"March 03, 2016 03:00:00 PM",2016,March,3,Thursday,15,26,QV Market-Elizabeth St (West),828,46675,3,4
2040874,"November 27, 2017 07:00:00 PM",2017,November,27,Monday,19,25,Melbourne Convention Exhibition Centre,642,56737,11,1
2235880,"May 18, 2018 01:00:00 AM",2018,May,18,Friday,1,46,Pelham St (South),11,1722,5,5
3240938,"July 17, 2020 09:00:00 AM",2020,July,17,Friday,9,3,Melbourne Central,197,102631,7,5
274894,"February 19, 2011 08:00:00 PM",2011,February,19,Saturday,20,16,Australia on Collins,269,34427,2,6
2430610,"October 27, 2018 05:00:00 AM",2018,October,27,Saturday,5,29,St Kilda Rd-Alexandra Gardens,16,30690,10,6
3043602,"February 26, 2020 12:00:00 PM",2020,February,26,Wednesday,12,20,Chinatown-Lt Bourke St (South),799,26134,2,3
2978371,"January 09, 2020 01:00:00 PM",2020,January,9,Thursday,13,6,Flinders Street Station Underpass,2605,159391,1,4
3797148,"July 24, 2021 09:00:00 PM",2021,July,24,Saturday,21,56,Lonsdale St - Elizabeth St (North),43,8815,7,6
678641,"September 27, 2013 04:00:00 PM",2013,September,27,Friday,16,8,Webb Bridge,448,20727,9,5
755226,"January 13, 2014 01:00:00 PM",2014,January,13,Monday,13,26,QV Market-Elizabeth St (West),770,46675,1,1
1929858,"August 14, 2017 10:00:00 PM",2017,August,14,Monday,22,35,Southbank,609,80829,8,1
929325,"August 31, 2014 03:00:00 PM",2014,August,31,Sunday,15,9,Southern Cross Station,123,61139,8,7
1127006,"April 30, 2015 09:00:00 AM",2015,April,30,Thursday,9,27,QV Market-Peel St,188,11985,4,4
4054606,"December 15, 2021 07:00:00 PM",2021,December,15,Wednesday,19,65,Swanston St - City Square,768,7491,12,3
1179073,"June 24, 2015 05:00:00 AM",2015,June,24,Wednesday,5,29,St Kilda Rd-Alexandra Gardens,27,30690,6,3
1380494,"January 20, 2016 10:00:00 PM",2016,January,20,Wednesday,22,12,New Quay,220,21888,1,3
762136,"January 22, 2014 02:00:00 PM",2014,January,22,Wednesday,14,2,Bourke Street Mall (South),3053,123190,1,3
37871,"August 04, 2009 01:00:00 AM",2009,August,4,Tuesday,1,6,Flinders Street Station Underpass,33,159391,8,2
623328,"May 26, 2013 07:00:00 AM",2013,May,26,Sunday,7,17,Collins Place (South),47,65975,5,7
3485630,"January 02, 2021 04:00:00 PM",2021,January,2,Saturday,16,11,Waterfront City,80,10824,1,6
1601424,"August 28, 2016 08:00:00 AM",2016,August,28,Sunday,8,3,Melbourne Central,332,102631,8,7
2762045,"July 26, 2019 10:00:00 AM",2019,July,26,Friday,10,57,Bourke St Bridge,1164,13558,7,5
4282584,"May 10, 2022 07:00:00 PM",2022,May,10,Tuesday,19,66,State Library - New,1295,12207,5,2
921071,"August 21, 2014 03:00:00 AM",2014,August,21,Thursday,3,27,QV Market-Peel St,2,11985,8,4
1069466,"February 24, 2015 03:00:00 PM",2015,February,24,Tuesday,15,38,Flinders St-Swanston St (West),4514,44579,2,2
3149587,"May 13, 2020 04:00:00 AM",2020,May,13,Wednesday,4,8,Webb Bridge,2,20727,5,3
929127,"August 31, 2014 09:00:00 AM",2014,August,31,Sunday,9,9,Southern Cross Station,72,61139,8,7
99446,"December 27, 2009 11:00:00 AM",2009,December,27,Sunday,11,8,Webb Bridge,115,20727,12,7
13791,"June 06, 2009 12:00:00 AM",2009,June,6,Saturday,0,16,Australia on Collins,112,34427,6,6
1196624,"July 12, 2015 12:00:00 PM",2015,July,12,Sunday,12,12,New Quay,75,21888,7,7
2412048,"October 11, 2018 09:00:00 PM",2018,October,11,Thursday,21,39,Alfred Place,155,14784,10,4
3462174,"December 18, 2020 03:00:00 PM",2020,December,18,Friday,15,59,Swanston St - RMIT Building 80,576,8774,12,5
2348497,"August 21, 2018 08:00:00 AM",2018,August,21,Tuesday,8,54,Lincoln-Swanston (West),440,3732,8,2
3302068,"August 31, 2020 08:00:00 AM",2020,August,31,Monday,8,29,St Kilda Rd-Alexandra Gardens,62,30690,8,1
417075,"February 01, 2012 01:00:00 PM",2012,February,1,Wednesday,13,9,Southern Cross Station,881,61139,2,3
2062326,"December 16, 2017 05:00:00 PM",2017,December,16,Saturday,17,5,Princes Bridge,3663,118831,12,6
2588626,"March 08, 2019 08:00:00 AM",2019,March,8,Friday,8,42,Grattan St-Swanston St (West),761,13800,3,5
3322098,"September 13, 2020 11:00:00 PM",2020,September,13,Sunday,23,21,Bourke St-Russell St (West),11,44224,9,7
124544,"February 23, 2010 01:00:00 PM",2010,February,23,Tuesday,13,14,Sandridge Bridge,452,51255,2,2
2908600,"November 17, 2019 08:00:00 PM",2019,November,17,Sunday,20,30,Lonsdale St (South),667,35433,11,7
4107015,"January 05, 2022 02:00:00 PM",2022,January,5,Wednesday,14,40,Lonsdale St-Spring St (West),141,16821,1,3
2438545,"November 02, 2018 07:00:00 PM",2018,November,2,Friday,19,19,Chinatown-Swanston St (North),1565,29316,11,5
3300020,"August 29, 2020 09:00:00 PM",2020,August,29,Saturday,21,14,Sandridge Bridge,9,51255,8,6
2056946,"December 12, 2017 01:00:00 AM",2017,December,12,Tuesday,1,1,Bourke Street Mall (North),83,96649,12,2
1838553,"May 08, 2017 02:00:00 PM",2017,May,8,Monday,14,9,Southern Cross Station,736,61139,5,1
2160454,"March 13, 2018 04:00:00 AM",2018,March,13,Tuesday,4,1,Bourke Street Mall (North),22,96649,3,2
573910,"January 31, 2013 10:00:00 PM",2013,January,31,Thursday,22,9,Southern Cross Station,53,61139,1,4
1204536,"July 20, 2015 11:00:00 PM",2015,July,20,Monday,23,7,Birrarung Marr,10,35973,7,1
115446,"February 02, 2010 12:00:00 PM",2010,February,2,Tuesday,12,6,Flinders Street Station Underpass,1731,159391,2,2
17575,"June 15, 2009 07:00:00 AM",2009,June,15,Monday,7,9,Southern Cross Station,496,61139,6,1
4205349,"March 28, 2022 07:00:00 PM",2022,March,28,Monday,19,40,Lonsdale St-Spring St (West),145,16821,3,1
2542660,"January 28, 2019 03:00:00 PM",2019,January,28,Monday,15,26,QV Market-Elizabeth St (West),426,46675,1,1
3327151,"September 17, 2020 08:00:00 AM",2020,September,17,Thursday,8,59,Swanston St - RMIT Building 80,19,8774,9,4
4468481,"August 04, 2022 11:00:00 AM",2022,August,4,Thursday,11,87,Errol St (West),188,1143,8,4
1709841,"December 19, 2016 12:00:00 PM",2016,December,19,Monday,12,14,Sandridge Bridge,689,51255,12,1
4473860,"September 19, 2022 03:00:00 PM",2022,September,19,Monday,15,66,State Library - New,1828,12207,9,1
822405,"April 12, 2014 10:00:00 PM",2014,April,12,Saturday,22,15,State Library,962,95844,4,6
1317301,"November 17, 2015 04:00:00 AM",2015,November,17,Tuesday,4,29,St Kilda Rd-Alexandra Gardens,6,30690,11,2
1852077,"May 23, 2017 10:00:00 AM",2017,May,23,Tuesday,10,5,Princes Bridge,1239,118831,5,2
1044207,"January 26, 2015 10:00:00 AM",2015,January,26,Monday,10,14,Sandridge Bridge,441,51255,1,1
4222656,"March 16, 2022 09:00:00 PM",2022,March,16,Wednesday,21,67,Flinders Ln - Degraves St (South),176,1887,3,3
131374,"March 11, 2010 09:00:00 AM",2010,March,11,Thursday,9,4,Town Hall (West),1400,167769,3,4
3667336,"April 28, 2021 04:00:00 PM",2021,April,28,Wednesday,16,49,QVM-Therry St (South),79,7337,4,3
3656829,"April 22, 2021 03:00:00 AM",2021,April,22,Thursday,3,63,231 Bourke St,6,6707,4,4
2383629,"September 18, 2018 11:00:00 PM",2018,September,18,Tuesday,23,28,The Arts Centre,136,63067,9,2
2347251,"August 20, 2018 08:00:00 AM",2018,August,20,Monday,8,30,Lonsdale St (South),365,35433,8,1
809134,"March 26, 2014 05:00:00 AM",2014,March,26,Wednesday,5,19,Chinatown-Swanston St (North),14,29316,3,3
2631398,"April 13, 2019 01:00:00 AM",2019,April,13,Saturday,1,36,Queen St (West),301,17094,4,6
148954,"April 21, 2010 01:00:00 AM",2010,April,21,Wednesday,1,16,Australia on Collins,18,34427,4,3
2511575,"January 02, 2019 07:00:00 AM",2019,January,2,Wednesday,7,54,Lincoln-Swanston (West),37,3732,1,3
3742706,"June 22, 2021 06:00:00 AM",2021,June,22,Tuesday,6,64,Royal Pde-Grattan St,48,1249,6,2
846368,"May 15, 2014 01:00:00 PM",2014,May,15,Thursday,13,31,Lygon St (West),511,19296,5,4
2578438,"February 28, 2019 12:00:00 AM",2019,February,28,Thursday,0,46,Pelham St (South),11,1722,2,4
1972371,"September 25, 2017 08:00:00 PM",2017,September,25,Monday,20,21,Bourke St-Russell St (West),1016,44224,9,1
2241224,"May 22, 2018 07:00:00 PM",2018,May,22,Tuesday,19,30,Lonsdale St (South),763,35433,5,2
2560173,"February 12, 2019 07:00:00 PM",2019,February,12,Tuesday,19,8,Webb Bridge,246,20727,2,2
249112,"December 18, 2010 07:00:00 AM",2010,December,18,Saturday,7,18,Collins Place (North),34,43097,12,6
3467232,"December 21, 2020 09:00:00 PM",2020,December,21,Monday,21,46,Pelham St (S),18,430,12,1
2072034,"December 25, 2017 03:00:00 AM",2017,December,25,Monday,3,19,Chinatown-Swanston St (North),65,29316,12,1
3649609,"April 17, 2021 04:00:00 PM",2021,April,17,Saturday,16,1,Bourke Street Mall (North),2986,96649,4,6
4491085,"September 23, 2022 06:00:00 AM",2022,September,23,Friday,6,36,Queen St (West),32,17094,9,5
3068832,"March 15, 2020 09:00:00 PM",2020,March,15,Sunday,21,17,Collins Place (South),112,65975,3,7
1328526,"November 28, 2015 06:00:00 PM",2015,November,28,Saturday,18,53,Collins St (North),636,36660,11,6
115106,"February 01, 2010 05:00:00 PM",2010,February,1,Monday,17,8,Webb Bridge,332,20727,2,1
664073,"September 03, 2013 02:00:00 PM",2013,September,3,Tuesday,14,17,Collins Place (South),944,65975,9,2
4302278,"May 25, 2022 09:00:00 AM",2022,May,25,Wednesday,9,48,QVM-Queen St (East),191,8664,5,3
3154409,"May 16, 2020 02:00:00 PM",2020,May,16,Saturday,14,25,Melbourne Convention Exhibition Centre,1202,56737,5,6
4160065,"February 13, 2022 12:00:00 AM",2022,February,13,Sunday,0,42,Grattan St-Swanston St (West),5,13800,2,7
2194352,"April 11, 2018 03:00:00 PM",2018,April,11,Wednesday,15,18,Collins Place (North),609,43097,4,3
507654,"August 29, 2012 05:00:00 AM",2012,August,29,Wednesday,5,12,New Quay,7,21888,8,3
2166150,"March 18, 2018 05:00:00 AM",2018,March,18,Sunday,5,10,Victoria Point,16,21016,3,7
1934935,"August 20, 2017 12:00:00 AM",2017,August,20,Sunday,0,42,Grattan St-Swanston St (West),36,13800,8,7
1414093,"February 23, 2016 06:00:00 AM",2016,February,23,Tuesday,6,37,Lygon St (East),21,9906,2,2
3436201,"December 01, 2020 05:00:00 PM",2020,December,1,Tuesday,17,48,QVM-Queen St (East),159,8664,12,2
4181783,"March 04, 2022 09:00:00 PM",2022,March,4,Friday,21,18,Collins Place (North),69,43097,3,5
2671516,"May 15, 2019 12:00:00 PM",2019,May,15,Wednesday,12,56,Lonsdale St - Elizabeth St (North),823,8815,5,3
500291,"August 12, 2012 04:00:00 AM",2012,August,12,Sunday,4,11,Waterfront City,10,10824,8,7
3121658,"April 23, 2020 05:00:00 AM",2020,April,23,Thursday,5,62,La Trobe St (North),9,2084,4,4
2636475,"April 17, 2019 07:00:00 AM",2019,April,17,Wednesday,7,9,Southern Cross Station,2177,61139,4,3
2674428,"May 17, 2019 10:00:00 PM",2019,May,17,Friday,22,31,Lygon St (West),491,19296,5,5
3861866,"September 01, 2021 09:00:00 PM",2021,September,1,Wednesday,21,71,Westwood Place,25,361,9,3
122026,"February 17, 2010 05:00:00 PM",2010,February,17,Wednesday,17,16,Australia on Collins,1493,34427,2,3
2407108,"October 07, 2018 08:00:00 PM",2018,October,7,Sunday,20,47,Melbourne Central-Elizabeth St (East),926,43401,10,7
920194,"August 20, 2014 12:00:00 AM",2014,August,20,Wednesday,0,13,Flagstaff Station,14,56644,8,3
2016986,"November 06, 2017 01:00:00 AM",2017,November,6,Monday,1,29,St Kilda Rd-Alexandra Gardens,18,30690,11,1
3316803,"September 10, 2020 09:00:00 AM",2020,September,10,Thursday,9,66,State Library-New,77,7171,9,4
1259530,"September 17, 2015 04:00:00 AM",2015,September,17,Thursday,4,12,New Quay,4,21888,9,4
3678804,"May 07, 2021 05:00:00 PM",2021,May,7,Friday,17,66,State Library-New,1933,7171,5,5
2286538,"July 01, 2018 04:00:00 AM",2018,July,1,Sunday,4,1,Bourke Street Mall (North),50,96649,7,7
1630340,"September 26, 2016 08:00:00 AM",2016,September,26,Monday,8,7,Birrarung Marr,635,35973,9,1
3597700,"March 15, 2021 09:00:00 PM",2021,March,15,Monday,21,57,Bourke St Bridge,124,13558,3,1
503682,"August 20, 2012 12:00:00 AM",2012,August,20,Monday,0,18,Collins Place (North),4,43097,8,1
955827,"October 04, 2014 02:00:00 PM",2014,October,4,Saturday,14,25,Melbourne Convention Exhibition Centre,1785,56737,10,6
1563217,"July 20, 2016 04:00:00 AM",2016,July,20,Wednesday,4,38,Flinders St-Swanston St (West),97,44579,7,3
2024647,"November 13, 2017 12:00:00 AM",2017,November,13,Monday,0,6,Flinders Street Station Underpass,204,159391,11,1
2925858,"December 01, 2019 03:00:00 AM",2019,December,1,Sunday,3,9,Southern Cross Station,17,61139,12,7
1689481,"November 27, 2016 11:00:00 PM",2016,November,27,Sunday,23,24,Spencer St-Collins St (North),229,98980,11,7
4062005,"December 14, 2021 02:00:00 AM",2021,December,14,Tuesday,2,77,Harbour Esplanade (West) - Ped Path,5,2905,12,2
2955260,"December 23, 2019 09:00:00 AM",2019,December,23,Monday,9,7,Birrarung Marr,187,35973,12,1
515552,"September 17, 2012 06:00:00 AM",2012,September,17,Monday,6,2,Bourke Street Mall (South),73,123190,9,1
504924,"August 22, 2012 09:00:00 PM",2012,August,22,Wednesday,21,18,Collins Place (North),96,43097,8,3
2301251,"July 13, 2018 10:00:00 AM",2018,July,13,Friday,10,15,State Library,731,95844,7,5
578276,"February 11, 2013 01:00:00 AM",2013,February,11,Monday,1,1,Bourke Street Mall (North),44,96649,2,1
3944526,"October 20, 2021 11:00:00 PM",2021,October,20,Wednesday,23,55,Elizabeth St-La Trobe St (East),101,13085,10,3
1158213,"June 03, 2015 12:00:00 AM",2015,June,3,Wednesday,0,39,Alfred Place,17,14784,6,3
1511597,"May 30, 2016 03:00:00 AM",2016,May,30,Monday,3,7,Birrarung Marr,9,35973,5,1
3162824,"May 22, 2020 11:00:00 AM",2020,May,22,Friday,11,64,Royal Pde-Grattan St,71,1249,5,5
674993,"September 21, 2013 07:00:00 PM",2013,September,21,Saturday,19,28,The Arts Centre,1292,63067,9,6
4497263,"September 10, 2022 04:00:00 PM",2022,September,10,Saturday,16,41,Flinders La-Swanston St (West),3949,68374,9,6
3001208,"January 26, 2020 07:00:00 AM",2020,January,26,Sunday,7,55,Elizabeth St-La Trobe St (East),185,13085,1,7
2957122,"December 24, 2019 06:00:00 PM",2019,December,24,Tuesday,18,31,Lygon St (West),351,19296,12,2
2466372,"November 25, 2018 11:00:00 PM",2018,November,25,Sunday,23,46,Pelham St (South),7,1722,11,7
1796114,"March 23, 2017 10:00:00 AM",2017,March,23,Thursday,10,39,Alfred Place,518,14784,3,4
2090636,"January 10, 2018 04:00:00 PM",2018,January,10,Wednesday,16,31,Lygon St (West),301,19296,1,3
2936295,"December 09, 2019 02:00:00 AM",2019,December,9,Monday,2,14,Sandridge Bridge,30,51255,12,1
4446204,"August 04, 2022 06:00:00 AM",2022,August,4,Thursday,6,44,Tin Alley-Swanston St (West),16,5257,8,4
255137,"January 02, 2011 02:00:00 AM",2011,January,2,Sunday,2,8,Webb Bridge,1,20727,1,7
1572627,"July 29, 2016 12:00:00 PM",2016,July,29,Friday,12,40,Lonsdale St-Spring St (West),895,16821,7,5
1598000,"August 24, 2016 05:00:00 PM",2016,August,24,Wednesday,17,4,Town Hall (West),3016,167769,8,3
1875714,"June 18, 2017 11:00:00 AM",2017,June,18,Sunday,11,26,QV Market-Elizabeth St (West),1352,46675,6,7
2153413,"March 06, 2018 10:00:00 PM",2018,March,6,Tuesday,22,42,Grattan St-Swanston St (West),131,13800,3,2
3157630,"May 18, 2020 08:00:00 PM",2020,May,18,Monday,20,62,La Trobe St (North),36,2084,5,1
1694964,"December 03, 2016 08:00:00 PM",2016,December,3,Saturday,20,32,City Square,2475,24004,12,6
290586,"March 31, 2011 01:00:00 AM",2011,March,31,Thursday,1,2,Bourke Street Mall (South),22,123190,3,4
2605298,"March 22, 2019 08:00:00 AM",2019,March,22,Friday,8,51,QVM-Franklin St (North),190,4985,3,5
1824490,"April 23, 2017 05:00:00 AM",2017,April,23,Sunday,5,11,Waterfront City,1,10824,4,7
2921195,"November 27, 2019 11:00:00 AM",2019,November,27,Wednesday,11,57,Bourke St Bridge,665,13558,11,3
811014,"March 28, 2014 08:00:00 PM",2014,March,28,Friday,20,9,Southern Cross Station,200,61139,3,5
2387634,"September 22, 2018 04:00:00 AM",2018,September,22,Saturday,4,29,St Kilda Rd-Alexandra Gardens,19,30690,9,6
2309678,"July 20, 2018 12:00:00 PM",2018,July,20,Friday,12,43,Monash Rd-Swanston St (West),362,10897,7,5
1019769,"December 26, 2014 08:00:00 AM",2014,December,26,Friday,8,15,State Library,386,95844,12,5
88019,"December 01, 2009 12:00:00 AM",2009,December,1,Tuesday,0,11,Waterfront City,3,10824,12,2
2561716,"February 14, 2019 02:00:00 AM",2019,February,14,Thursday,2,43,Monash Rd-Swanston St (West),0,10897,2,4
1496001,"May 14, 2016 10:00:00 PM",2016,May,14,Saturday,22,35,Southbank,2902,80829,5,6
944705,"September 20, 2014 10:00:00 AM",2014,September,20,Saturday,10,12,New Quay,275,21888,9,6
1165940,"June 10, 2015 09:00:00 PM",2015,June,10,Wednesday,21,15,State Library,566,95844,6,3
1027362,"January 05, 2015 06:00:00 AM",2015,January,5,Monday,6,27,QV Market-Peel St,15,11985,1,1
1434916,"March 14, 2016 11:00:00 PM",2016,March,14,Monday,23,26,QV Market-Elizabeth St (West),162,46675,3,1
528974,"October 18, 2012 11:00:00 AM",2012,October,18,Thursday,11,7,Birrarung Marr,2657,35973,10,4
1136898,"May 11, 2015 07:00:00 AM",2015,May,11,Monday,7,9,Southern Cross Station,1460,61139,5,1
4025805,"December 08, 2021 06:00:00 PM",2021,December,8,Wednesday,18,25,Melbourne Convention Exhibition Centre,1208,56737,12,3
2667376,"May 12, 2019 03:00:00 AM",2019,May,12,Sunday,3,46,Pelham St (South),0,1722,5,7
4120164,"January 30, 2022 11:00:00 AM",2022,January,30,Sunday,11,56,Lonsdale St - Elizabeth St (North),277,8815,1,7
2616868,"March 31, 2019 11:00:00 PM",2019,March,31,Sunday,23,1,Bourke Street Mall (North),151,96649,3,7
3205886,"June 22, 2020 01:00:00 AM",2020,June,22,Monday,1,14,Sandridge Bridge,9,51255,6,1
2297609,"July 10, 2018 09:00:00 AM",2018,July,10,Tuesday,9,24,Spencer St-Collins St (North),2863,98980,7,2
3358895,"October 09, 2020 07:00:00 AM",2020,October,9,Friday,7,29,St Kilda Rd-Alexandra Gardens,61,30690,10,5
1167991,"June 12, 2015 11:00:00 PM",2015,June,12,Friday,23,17,Collins Place (South),142,65975,6,5
2282917,"June 28, 2018 12:00:00 AM",2018,June,28,Thursday,0,42,Grattan St-Swanston St (West),28,13800,6,4
4441627,"August 30, 2022 01:00:00 PM",2022,August,30,Tuesday,13,37,Lygon St (East),253,9906,8,2
1523621,"June 10, 2016 07:00:00 PM",2016,June,10,Friday,19,36,Queen St (West),305,17094,6,5
1690314,"November 28, 2016 09:00:00 PM",2016,November,28,Monday,21,19,Chinatown-Swanston St (North),721,29316,11,1
3004894,"January 29, 2020 02:00:00 AM",2020,January,29,Wednesday,2,56,Lonsdale St - Elizabeth St (North),10,8815,1,3
4401490,"July 21, 2022 05:00:00 AM",2022,July,21,Thursday,5,46,Pelham St (South),6,1722,7,4
380685,"November 06, 2011 10:00:00 PM",2011,November,6,Sunday,22,8,Webb Bridge,9,20727,11,7
706139,"November 06, 2013 08:00:00 AM",2013,November,6,Wednesday,8,14,Sandridge Bridge,1099,51255,11,3
4176233,"February 21, 2022 04:00:00 PM",2022,February,21,Monday,16,72,Flinders St - ACMI,281,964,2,1
1632159,"September 28, 2016 03:00:00 AM",2016,September,28,Wednesday,3,21,Bourke St-Russell St (West),78,44224,9,3
2319700,"July 28, 2018 09:00:00 PM",2018,July,28,Saturday,21,10,Victoria Point,59,21016,7,6
2418724,"October 17, 2018 08:00:00 AM",2018,October,17,Wednesday,8,33,Flinders St-Spring St (West),580,7030,10,3
834991,"April 29, 2014 06:00:00 PM",2014,April,29,Tuesday,18,29,St Kilda Rd-Alexandra Gardens,359,30690,4,2
193730,"August 02, 2010 06:00:00 PM",2010,August,2,Monday,18,14,Sandridge Bridge,524,51255,8,1
2377230,"September 13, 2018 08:00:00 PM",2018,September,13,Thursday,20,25,Melbourne Convention Exhibition Centre,325,56737,9,4
1836555,"May 06, 2017 09:00:00 AM",2017,May,6,Saturday,9,28,The Arts Centre,1029,63067,5,6
608337,"April 21, 2013 03:00:00 PM",2013,April,21,Sunday,15,2,Bourke Street Mall (South),3095,123190,4,7
4471769,"September 22, 2022 12:00:00 PM",2022,September,22,Thursday,12,2,Bourke Street Mall (South),1912,123190,9,4
3006868,"January 30, 2020 02:00:00 PM",2020,January,30,Thursday,14,49,QVM-Therry St (South),157,7337,1,4
3690915,"May 18, 2021 12:00:00 AM",2021,May,18,Tuesday,0,76,Macaulay Rd-Bellair St,0,378,5,2
2165971,"March 18, 2018 01:00:00 AM",2018,March,18,Sunday,1,22,Flinders St-Elizabeth St (East),709,82570,3,7
779095,"February 13, 2014 04:00:00 PM",2014,February,13,Thursday,16,17,Collins Place (South),757,65975,2,4
1225184,"August 11, 2015 10:00:00 PM",2015,August,11,Tuesday,22,8,Webb Bridge,31,20727,8,2
3180263,"June 03, 2020 06:00:00 PM",2020,June,3,Wednesday,18,39,Alfred Place,70,14784,6,3
784823,"February 21, 2014 04:00:00 AM",2014,February,21,Friday,4,17,Collins Place (South),21,65975,2,5
1370369,"January 10, 2016 09:00:00 PM",2016,January,10,Sunday,21,9,Southern Cross Station,58,61139,1,7
315384,"May 30, 2011 07:00:00 PM",2011,May,30,Monday,19,14,Sandridge Bridge,268,51255,5,1
3085375,"March 27, 2020 04:00:00 PM",2020,March,27,Friday,16,63,231 Bourke St,248,6707,3,5
881875,"June 29, 2014 11:00:00 PM",2014,June,29,Sunday,23,5,Princes Bridge,175,118831,6,7
3875408,"September 09, 2021 11:00:00 PM",2021,September,9,Thursday,23,28,The Arts Centre,14,63067,9,4
3069357,"March 16, 2020 05:00:00 AM",2020,March,16,Monday,5,61,Swanston St - RMIT Building 14,33,6523,3,1
2505737,"December 28, 2018 10:00:00 AM",2018,December,28,Friday,10,31,Lygon St (West),133,19296,12,5
1119234,"April 21, 2015 09:00:00 PM",2015,April,21,Tuesday,21,4,Town Hall (West),827,167769,4,2
4425998,"August 30, 2022 08:00:00 AM",2022,August,30,Tuesday,8,26,QV Market-Elizabeth St (West),348,46675,8,2
4116052,"January 14, 2022 03:00:00 AM",2022,January,14,Friday,3,49,QVM-Therry St (South),24,7337,1,5
2392068,"September 25, 2018 05:00:00 PM",2018,September,25,Tuesday,17,41,Flinders La-Swanston St (West),4617,68374,9,2
239114,"November 22, 2010 01:00:00 PM",2010,November,22,Monday,13,12,New Quay,280,21888,11,1
2251993,"June 01, 2018 04:00:00 AM",2018,June,1,Friday,4,27,QV Market-Peel St,5,11985,6,5
1228461,"August 15, 2015 10:00:00 AM",2015,August,15,Saturday,10,37,Lygon St (East),203,9906,8,6
121078,"February 15, 2010 01:00:00 PM",2010,February,15,Monday,13,4,Town Hall (West),3738,167769,2,1
1723370,"January 02, 2017 05:00:00 PM",2017,January,2,Monday,17,9,Southern Cross Station,109,61139,1,1
869727,"June 14, 2014 12:00:00 PM",2014,June,14,Saturday,12,17,Collins Place (South),383,65975,6,6
74437,"October 30, 2009 02:00:00 PM",2009,October,30,Friday,14,1,Bourke Street Mall (North),2278,96649,10,5
626729,"June 03, 2013 07:00:00 AM",2013,June,3,Monday,7,18,Collins Place (North),691,43097,6,1
4398737,"July 30, 2022 12:00:00 PM",2022,July,30,Saturday,12,43,Monash Rd-Swanston St (West),70,10897,7,6
1830637,"April 29, 2017 08:00:00 PM",2017,April,29,Saturday,20,27,QV Market-Peel St,106,11985,4,6
1355145,"December 25, 2015 11:00:00 PM",2015,December,25,Friday,23,39,Alfred Place,76,14784,12,5
602251,"April 07, 2013 12:00:00 PM",2013,April,7,Sunday,12,18,Collins Place (North),213,43097,4,7
3997427,"November 21, 2021 12:00:00 PM",2021,November,21,Sunday,12,23,Spencer St-Collins St (South),205,20438,11,7
4481546,"September 09, 2022 09:00:00 PM",2022,September,9,Friday,21,20,Chinatown-Lt Bourke St (South),724,26134,9,5
3826754,"August 11, 2021 07:00:00 PM",2021,August,11,Wednesday,19,43,Monash Rd-Swanston St (West),44,10897,8,3
2254484,"June 03, 2018 08:00:00 AM",2018,June,3,Sunday,8,22,Flinders St-Elizabeth St (East),588,82570,6,7
3110503,"April 15, 2020 04:00:00 AM",2020,April,15,Wednesday,4,20,Chinatown-Lt Bourke St (South),2,26134,4,3
2241064,"May 22, 2018 04:00:00 PM",2018,May,22,Tuesday,16,7,Birrarung Marr,332,35973,5,2
4378393,"July 04, 2022 06:00:00 PM",2022,July,4,Monday,18,23,Spencer St-Collins St (South),362,20438,7,1
3536439,"February 03, 2021 03:00:00 PM",2021,February,3,Wednesday,15,37,Lygon St (East),130,9906,2,3
2547203,"February 01, 2019 12:00:00 PM",2019,February,1,Friday,12,53,Collins St (North),2161,36660,2,5
3291815,"August 23, 2020 11:00:00 PM",2020,August,23,Sunday,23,52,Elizabeth St-Lonsdale St (South),6,7823,8,7
259040,"January 11, 2011 03:00:00 PM",2011,January,11,Tuesday,15,18,Collins Place (North),589,43097,1,2
3339396,"September 25, 2020 02:00:00 PM",2020,September,25,Friday,14,21,Bourke St-Russell St (West),207,44224,9,5
1996484,"October 18, 2017 07:00:00 AM",2017,October,18,Wednesday,7,46,Pelham St (South),102,1722,10,3
554227,"December 15, 2012 10:00:00 PM",2012,December,15,Saturday,22,6,Flinders Street Station Underpass,1360,159391,12,6
1662873,"October 30, 2016 09:00:00 AM",2016,October,30,Sunday,9,26,QV Market-Elizabeth St (West),659,46675,10,7
4248462,"April 28, 2022 02:00:00 AM",2022,April,28,Thursday,2,14,Sandridge Bridge,13,51255,4,4
3275754,"August 12, 2020 05:00:00 AM",2020,August,12,Wednesday,5,20,Chinatown-Lt Bourke St (South),6,26134,8,3
2322392,"July 31, 2018 03:00:00 AM",2018,July,31,Tuesday,3,2,Bourke Street Mall (South),17,123190,7,2
995337,"November 24, 2014 03:00:00 AM",2014,November,24,Monday,3,24,Spencer St-Collins St (North),17,98980,11,1
3407520,"November 12, 2020 04:00:00 AM",2020,November,12,Thursday,4,12,New Quay,7,21888,11,4
117939,"February 08, 2010 06:00:00 AM",2010,February,8,Monday,6,15,State Library,75,95844,2,1
1418994,"February 28, 2016 03:00:00 AM",2016,February,28,Sunday,3,23,Spencer St-Collins St (South),108,20438,2,7
2363289,"September 02, 2018 11:00:00 AM",2018,September,2,Sunday,11,54,Lincoln-Swanston (West),139,3732,9,7
1793032,"March 20, 2017 01:00:00 AM",2017,March,20,Monday,1,6,Flinders Street Station Underpass,114,159391,3,1
4484996,"September 09, 2022 01:00:00 PM",2022,September,9,Friday,13,14,Sandridge Bridge,620,51255,9,5
1137722,"May 12, 2015 05:00:00 AM",2015,May,12,Tuesday,5,1,Bourke Street Mall (North),20,96649,5,2
734196,"December 16, 2013 09:00:00 AM",2013,December,16,Monday,9,28,The Arts Centre,671,63067,12,1
1561349,"July 18, 2016 08:00:00 AM",2016,July,18,Monday,8,17,Collins Place (South),1811,65975,7,1
926851,"August 28, 2014 12:00:00 PM",2014,August,28,Thursday,12,10,Victoria Point,422,21016,8,4
1429760,"March 09, 2016 08:00:00 PM",2016,March,9,Wednesday,20,26,QV Market-Elizabeth St (West),1133,46675,3,3
4512122,"September 14, 2022 05:00:00 AM",2022,September,14,Wednesday,5,78,Harbour Esplanade (West) - Bike Path,4,625,9,3
3218429,"June 30, 2020 11:00:00 PM",2020,June,30,Tuesday,23,34,Flinders St-Spark La,6,9063,6,2
1209330,"July 26, 2015 02:00:00 AM",2015,July,26,Sunday,2,4,Town Hall (West),333,167769,7,7
841793,"May 09, 2014 07:00:00 AM",2014,May,9,Friday,7,26,QV Market-Elizabeth St (West),390,46675,5,5
3191501,"June 11, 2020 07:00:00 PM",2020,June,11,Thursday,19,25,Melbourne Convention Exhibition Centre,248,56737,6,4
764829,"January 26, 2014 02:00:00 AM",2014,January,26,Sunday,2,7,Birrarung Marr,27,35973,1,7
803741,"March 18, 2014 06:00:00 PM",2014,March,18,Tuesday,18,1,Bourke Street Mall (North),1836,96649,3,2
2603551,"March 20, 2019 10:00:00 PM",2019,March,20,Wednesday,22,5,Princes Bridge,541,118831,3,3
672896,"September 18, 2013 09:00:00 AM",2013,September,18,Wednesday,9,23,Spencer St-Collins St (South),550,20438,9,3
1709314,"December 18, 2016 11:00:00 PM",2016,December,18,Sunday,23,7,Birrarung Marr,189,35973,12,7
2262699,"June 10, 2018 11:00:00 AM",2018,June,10,Sunday,11,29,St Kilda Rd-Alexandra Gardens,803,30690,6,7
3034722,"February 20, 2020 12:00:00 AM",2020,February,20,Thursday,0,29,St Kilda Rd-Alexandra Gardens,9,30690,2,4
2355173,"August 26, 2018 08:00:00 PM",2018,August,26,Sunday,20,46,Pelham St (South),42,1722,8,7
1929826,"August 14, 2017 09:00:00 PM",2017,August,14,Monday,21,41,Flinders La-Swanston St (West),1318,68374,8,1
1187814,"July 03, 2015 03:00:00 AM",2015,July,3,Friday,3,23,Spencer St-Collins St (South),7,20438,7,5
4486306,"September 04, 2022 03:00:00 AM",2022,September,4,Sunday,3,57,Bourke St Bridge,16,13558,9,7
1861068,"June 02, 2017 07:00:00 AM",2017,June,2,Friday,7,44,Tin Alley-Swanston St (West),52,5257,6,5
1585089,"August 11, 2016 12:00:00 AM",2016,August,11,Thursday,0,25,Melbourne Convention Exhibition Centre,36,56737,8,4
353098,"August 31, 2011 06:00:00 AM",2011,August,31,Wednesday,6,5,Princes Bridge,293,118831,8,3
3240458,"July 17, 2020 12:00:00 AM",2020,July,17,Friday,0,41,Flinders La-Swanston St (West),48,68374,7,5
2186003,"April 04, 2018 12:00:00 PM",2018,April,4,Wednesday,12,50,Faraday St-Lygon St (West),383,10094,4,3
4225341,"March 04, 2022 06:00:00 PM",2022,March,4,Friday,18,75,Spring St - Flinders St (West),99,275,3,5
958727,"October 08, 2014 07:00:00 AM",2014,October,8,Wednesday,7,21,Bourke St-Russell St (West),167,44224,10,3
1258270,"September 15, 2015 08:00:00 PM",2015,September,15,Tuesday,20,34,Flinders St-Spark La,85,9063,9,2
34871,"July 27, 2009 04:00:00 PM",2009,July,27,Monday,16,16,Australia on Collins,1223,34427,7,1
3900331,"September 24, 2021 05:00:00 PM",2021,September,24,Friday,17,56,Lonsdale St - Elizabeth St (North),145,8815,9,5
654773,"August 11, 2013 04:00:00 PM",2013,August,11,Sunday,16,13,Flagstaff Station,120,56644,8,7
3111115,"April 15, 2020 03:00:00 PM",2020,April,15,Wednesday,15,3,Melbourne Central,424,102631,4,3
1432078,"March 12, 2016 04:00:00 AM",2016,March,12,Saturday,4,1,Bourke Street Mall (North),69,96649,3,6
2486566,"December 12, 2018 02:00:00 PM",2018,December,12,Wednesday,14,33,Flinders St-Spring St (West),258,7030,12,3
3678892,"May 07, 2021 07:00:00 PM",2021,May,7,Friday,19,55,Elizabeth St-La Trobe St (East),1563,13085,5,5
431242,"March 05, 2012 08:00:00 AM",2012,March,5,Monday,8,10,Victoria Point,960,21016,3,1
4290956,"May 18, 2022 03:00:00 PM",2022,May,18,Wednesday,15,20,Chinatown-Lt Bourke St (South),234,26134,5,3
3990102,"November 17, 2021 03:00:00 AM",2021,November,17,Wednesday,3,36,Queen St (West),4,17094,11,3
4323036,"May 01, 2022 07:00:00 AM",2022,May,1,Sunday,7,79,Flinders St (South),129,4256,5,7
687075,"October 10, 2013 04:00:00 PM",2013,October,10,Thursday,16,14,Sandridge Bridge,630,51255,10,4
3616800,"March 28, 2021 01:00:00 AM",2021,March,28,Sunday,1,56,Lonsdale St - Elizabeth St (North),137,8815,3,7
1643358,"October 09, 2016 06:00:00 PM",2016,October,9,Sunday,18,5,Princes Bridge,1085,118831,10,7
177534,"June 26, 2010 06:00:00 AM",2010,June,26,Saturday,6,18,Collins Place (North),10,43097,6,6
577233,"February 08, 2013 03:00:00 PM",2013,February,8,Friday,15,2,Bourke Street Mall (South),2593,123190,2,5
3035860,"February 20, 2020 08:00:00 PM",2020,February,20,Thursday,20,40,Lonsdale St-Spring St (West),241,16821,2,4
3265372,"August 04, 2020 09:00:00 AM",2020,August,4,Tuesday,9,24,Spencer St-Collins St (North),261,98980,8,2
1248525,"September 05, 2015 05:00:00 PM",2015,September,5,Saturday,17,7,Birrarung Marr,732,35973,9,6
1526231,"June 13, 2016 09:00:00 AM",2016,June,13,Monday,9,43,Monash Rd-Swanston St (West),100,10897,6,1
1754423,"February 06, 2017 01:00:00 AM",2017,February,6,Monday,1,17,Collins Place (South),20,65975,2,1
2592676,"March 11, 2019 05:00:00 PM",2019,March,11,Monday,17,42,Grattan St-Swanston St (West),1266,13800,3,1
4408442,"July 31, 2022 09:00:00 PM",2022,July,31,Sunday,21,63,231 Bourke St,222,6707,7,7
993435,"November 21, 2014 04:00:00 PM",2014,November,21,Friday,16,9,Southern Cross Station,1431,61139,11,5
398596,"December 20, 2011 06:00:00 PM",2011,December,20,Tuesday,18,16,Australia on Collins,1150,34427,12,2
3252941,"July 26, 2020 05:00:00 AM",2020,July,26,Sunday,5,17,Collins Place (South),7,65975,7,7
2498905,"December 22, 2018 04:00:00 PM",2018,December,22,Saturday,16,56,Lonsdale St - Elizabeth St (North),412,8815,12,6
1769969,"February 23, 2017 06:00:00 AM",2017,February,23,Thursday,6,29,St Kilda Rd-Alexandra Gardens,168,30690,2,4
1708767,"December 18, 2016 09:00:00 AM",2016,December,18,Sunday,9,21,Bourke St-Russell St (West),238,44224,12,7
1667415,"November 04, 2016 05:00:00 AM",2016,November,4,Friday,5,53,Collins St (North),27,36660,11,5
660171,"August 25, 2013 06:00:00 PM",2013,August,25,Sunday,18,2,Bourke Street Mall (South),674,123190,8,7
4010973,"November 29, 2021 06:00:00 PM",2021,November,29,Monday,18,49,QVM-Therry St (South),89,7337,11,1
190726,"July 26, 2010 07:00:00 PM",2010,July,26,Monday,19,16,Australia on Collins,286,34427,7,1
3444108,"December 06, 2020 11:00:00 PM",2020,December,6,Sunday,23,24,Spencer St-Collins St (North),116,98980,12,7
731173,"December 12, 2013 12:00:00 AM",2013,December,12,Thursday,0,16,Australia on Collins,51,34427,12,4
1035232,"January 15, 2015 06:00:00 AM",2015,January,15,Thursday,6,5,Princes Bridge,232,118831,1,4
3510356,"January 18, 2021 06:00:00 AM",2021,January,18,Monday,6,53,Collins St (North),69,36660,1,1
1716428,"December 26, 2016 08:00:00 AM",2016,December,26,Monday,8,44,Tin Alley-Swanston St (West),3,5257,12,1
4245538,"April 26, 2022 06:00:00 AM",2022,April,26,Tuesday,6,19,Chinatown-Swanston St (North),25,29316,4,2
3491707,"January 06, 2021 11:00:00 AM",2021,January,6,Wednesday,11,57,Bourke St Bridge,136,13558,1,3
4053800,"December 13, 2021 05:00:00 AM",2021,December,13,Monday,5,64,Royal Pde - Grattan St,26,162,12,1
3077868,"March 22, 2020 07:00:00 AM",2020,March,22,Sunday,7,37,Lygon St (East),8,9906,3,7
722566,"November 29, 2013 01:00:00 PM",2013,November,29,Friday,13,7,Birrarung Marr,87,35973,11,5
2165110,"March 17, 2018 07:00:00 AM",2018,March,17,Saturday,7,4,Town Hall (West),183,167769,3,6
747391,"January 03, 2014 07:00:00 AM",2014,January,3,Friday,7,1,Bourke Street Mall (North),189,96649,1,5
2174704,"March 25, 2018 04:00:00 PM",2018,March,25,Sunday,16,45,Little Collins St-Swanston St (East),1939,29926,3,7
2204703,"April 20, 2018 04:00:00 PM",2018,April,20,Friday,16,6,Flinders Street Station Underpass,3825,159391,4,5
4041189,"December 05, 2021 06:00:00 PM",2021,December,5,Sunday,18,42,Grattan St-Swanston St (West),54,13800,12,7
1425360,"March 05, 2016 11:00:00 AM",2016,March,5,Saturday,11,19,Chinatown-Swanston St (North),659,29316,3,6
2044878,"December 01, 2017 09:00:00 AM",2017,December,1,Friday,9,45,Little Collins St-Swanston St (East),639,29926,12,5
2513860,"January 04, 2019 06:00:00 AM",2019,January,4,Friday,6,34,Flinders St-Spark La,34,9063,1,5
769702,"February 01, 2014 10:00:00 AM",2014,February,1,Saturday,10,16,Australia on Collins,1045,34427,2,6
4104429,"January 18, 2022 08:00:00 PM",2022,January,18,Tuesday,20,31,Lygon St (West),133,19296,1,2
2046077,"December 02, 2017 11:00:00 AM",2017,December,2,Saturday,11,17,Collins Place (South),322,65975,12,6
3011540,"February 03, 2020 01:00:00 AM",2020,February,3,Monday,1,57,Bourke St Bridge,20,13558,2,1
1917789,"August 02, 2017 05:00:00 AM",2017,August,2,Wednesday,5,25,Melbourne Convention Exhibition Centre,15,56737,8,3
3157678,"May 18, 2020 09:00:00 PM",2020,May,18,Monday,21,49,QVM-Therry St (South),68,7337,5,1
4170669,"February 25, 2022 07:00:00 PM",2022,February,25,Friday,19,63,231 Bourke St,590,6707,2,5
2149311,"March 03, 2018 09:00:00 AM",2018,March,3,Saturday,9,15,State Library,396,95844,3,6
3758591,"July 01, 2021 07:00:00 PM",2021,July,1,Thursday,19,9,Southern Cross Station,112,61139,7,4
4337787,"June 29, 2022 10:00:00 PM",2022,June,29,Wednesday,22,6,Flinders Street Station Underpass,524,159391,6,3
932950,"September 05, 2014 05:00:00 AM",2014,September,5,Friday,5,3,Melbourne Central,96,102631,9,5
1016843,"December 22, 2014 10:00:00 AM",2014,December,22,Monday,10,2,Bourke Street Mall (South),2329,123190,12,1
3267185,"August 05, 2020 05:00:00 PM",2020,August,5,Wednesday,17,41,Flinders La-Swanston St (West),525,68374,8,3
59364,"September 25, 2009 04:00:00 PM",2009,September,25,Friday,16,12,New Quay,91,21888,9,5
1647117,"October 13, 2016 05:00:00 PM",2016,October,13,Thursday,17,53,Collins St (North),1451,36660,10,4
3617487,"March 28, 2021 12:00:00 PM",2021,March,28,Sunday,12,12,New Quay,418,21888,3,7
362816,"September 24, 2011 01:00:00 AM",2011,September,24,Saturday,1,16,Australia on Collins,88,34427,9,6
2940628,"December 12, 2019 08:00:00 AM",2019,December,12,Thursday,8,7,Birrarung Marr,626,35973,12,4
1254541,"September 11, 2015 11:00:00 PM",2015,September,11,Friday,23,25,Melbourne Convention Exhibition Centre,302,56737,9,5
3981411,"November 11, 2021 11:00:00 PM",2021,November,11,Thursday,23,21,Bourke St-Russell St (West),222,44224,11,4
4096495,"January 25, 2022 06:00:00 AM",2022,January,25,Tuesday,6,25,Melbourne Convention Exhibition Centre,234,56737,1,2
1900754,"July 15, 2017 05:00:00 PM",2017,July,15,Saturday,17,4,Town Hall (West),3230,167769,7,6
2800653,"August 25, 2019 05:00:00 AM",2019,August,25,Sunday,5,33,Flinders St-Spring St (West),11,7030,8,7
2469506,"November 28, 2018 02:00:00 PM",2018,November,28,Wednesday,14,26,QV Market-Elizabeth St (West),754,46675,11,3
2708309,"June 14, 2019 01:00:00 AM",2019,June,14,Friday,1,10,Victoria Point,4,21016,6,5
4306168,"May 25, 2022 11:00:00 AM",2022,May,25,Wednesday,11,45,Little Collins St-Swanston St (East),659,29926,5,3
365730,"October 01, 2011 05:00:00 AM",2011,October,1,Saturday,5,6,Flinders Street Station Underpass,93,159391,10,6
391359,"December 03, 2011 02:00:00 AM",2011,December,3,Saturday,2,6,Flinders Street Station Underpass,273,159391,12,6
3541350,"February 06, 2021 06:00:00 PM",2021,February,6,Saturday,18,45,Little Collins St-Swanston St (East),749,29926,2,6
2723381,"June 26, 2019 02:00:00 AM",2019,June,26,Wednesday,2,9,Southern Cross Station,3,61139,6,3
2238373,"May 20, 2018 06:00:00 AM",2018,May,20,Sunday,6,48,QVM-Queen St (East),23,8664,5,7
3389700,"October 30, 2020 05:00:00 PM",2020,October,30,Friday,17,36,Queen St (West),137,17094,10,5
1625405,"September 21, 2016 10:00:00 AM",2016,September,21,Wednesday,10,30,Lonsdale St (South),327,35433,9,3
886363,"July 05, 2014 07:00:00 PM",2014,July,5,Saturday,19,14,Sandridge Bridge,327,51255,7,6
1536131,"June 23, 2016 05:00:00 AM",2016,June,23,Thursday,5,36,Queen St (West),13,17094,6,4
276456,"February 23, 2011 10:00:00 PM",2011,February,23,Wednesday,22,9,Southern Cross Station,40,61139,2,3
820149,"April 09, 2014 11:00:00 PM",2014,April,9,Wednesday,23,31,Lygon St (West),126,19296,4,3
4104686,"January 29, 2022 01:00:00 PM",2022,January,29,Saturday,13,31,Lygon St (West),248,19296,1,6
1961838,"September 15, 2017 11:00:00 PM",2017,September,15,Friday,23,3,Melbourne Central,1402,102631,9,5
1015424,"December 20, 2014 12:00:00 PM",2014,December,20,Saturday,12,10,Victoria Point,99,21016,12,6
596385,"March 24, 2013 11:00:00 PM",2013,March,24,Sunday,23,2,Bourke Street Mall (South),121,123190,3,7
4042257,"December 19, 2021 06:00:00 AM",2021,December,19,Sunday,6,44,Tin Alley-Swanston St (West),4,5257,12,7
1707445,"December 17, 2016 12:00:00 AM",2016,December,17,Saturday,0,19,Chinatown-Swanston St (North),533,29316,12,6
3068731,"March 15, 2020 07:00:00 PM",2020,March,15,Sunday,19,24,Spencer St-Collins St (North),529,98980,3,7
2822551,"September 11, 2019 08:00:00 AM",2019,September,11,Wednesday,8,54,Lincoln-Swanston(West),321,2647,9,3
3365484,"October 13, 2020 11:00:00 PM",2020,October,13,Tuesday,23,41,Flinders La-Swanston St (West),51,68374,10,2
3083025,"March 26, 2020 12:00:00 AM",2020,March,26,Thursday,0,28,The Arts Centre,14,63067,3,4
652871,"August 06, 2013 05:00:00 PM",2013,August,6,Tuesday,17,16,Australia on Collins,1213,34427,8,2
2292632,"July 06, 2018 05:00:00 AM",2018,July,6,Friday,5,49,QVM-Therry St (South),20,7337,7,5
2980465,"January 11, 2020 02:00:00 AM",2020,January,11,Saturday,2,4,Town Hall (West),180,167769,1,6
377243,"October 29, 2011 11:00:00 AM",2011,October,29,Saturday,11,17,Collins Place (South),300,65975,10,6
3314378,"September 08, 2020 06:00:00 PM",2020,September,8,Tuesday,18,50,Faraday St-Lygon St (West),81,10094,9,2
1680506,"November 18, 2016 08:00:00 AM",2016,November,18,Friday,8,8,Webb Bridge,368,20727,11,5
548229,"December 02, 2012 01:00:00 AM",2012,December,2,Sunday,1,2,Bourke Street Mall (South),354,123190,12,7
2397393,"September 30, 2018 12:00:00 AM",2018,September,30,Sunday,0,11,Waterfront City,16,10824,9,7
4427226,"August 19, 2022 12:00:00 PM",2022,August,19,Friday,12,23,Spencer St-Collins St (South),568,20438,8,5
3426125,"November 24, 2020 07:00:00 PM",2020,November,24,Tuesday,19,66,State Library-New,772,7171,11,2
3812973,"August 03, 2021 10:00:00 AM",2021,August,3,Tuesday,10,66,State Library-New,416,7171,8,2
1847005,"May 17, 2017 08:00:00 PM",2017,May,17,Wednesday,20,28,The Arts Centre,499,63067,5,3
4501532,"September 08, 2022 01:00:00 PM",2022,September,8,Thursday,13,56,Lonsdale St - Elizabeth St (North),635,8815,9,4
2491857,"December 16, 2018 10:00:00 PM",2018,December,16,Sunday,22,19,Chinatown-Swanston St (North),514,29316,12,7
1969246,"September 22, 2017 10:00:00 PM",2017,September,22,Friday,22,50,Faraday St-Lygon St (West),667,10094,9,5
490624,"July 20, 2012 07:00:00 PM",2012,July,20,Friday,19,10,Victoria Point,550,21016,7,5
3408595,"November 12, 2020 09:00:00 PM",2020,November,12,Thursday,21,57,Bourke St Bridge,62,13558,11,4
2201158,"April 17, 2018 12:00:00 PM",2018,April,17,Tuesday,12,50,Faraday St-Lygon St (West),340,10094,4,2
4255005,"April 30, 2022 05:00:00 PM",2022,April,30,Saturday,17,29,St Kilda Rd-Alexandra Gardens,497,30690,4,6
1214341,"July 31, 2015 10:00:00 AM",2015,July,31,Friday,10,25,Melbourne Convention Exhibition Centre,402,56737,7,5
3528696,"January 29, 2021 07:00:00 PM",2021,January,29,Friday,19,15,State Library,893,95844,1,5
4020752,"December 15, 2021 05:00:00 AM",2021,December,15,Wednesday,5,24,Spencer St-Collins St (North),109,98980,12,3
6341,"May 18, 2009 02:00:00 PM",2009,May,18,Monday,14,14,Sandridge Bridge,543,51255,5,1
3327173,"September 17, 2020 09:00:00 AM",2020,September,17,Thursday,9,8,Webb Bridge,91,20727,9,4
4060435,"December 10, 2021 04:00:00 PM",2021,December,10,Friday,16,76,Macaulay Rd - Bellair St,128,523,12,5
265231,"January 26, 2011 08:00:00 PM",2011,January,26,Wednesday,20,4,Town Hall (West),1634,167769,1,3
2004104,"October 25, 2017 07:00:00 AM",2017,October,25,Wednesday,7,52,Elizabeth St-Lonsdale St (South),199,7823,10,3
2439056,"November 03, 2018 05:00:00 AM",2018,November,3,Saturday,5,20,Chinatown-Lt Bourke St (South),72,26134,11,6
1156550,"June 01, 2015 08:00:00 AM",2015,June,1,Monday,8,14,Sandridge Bridge,3253,51255,6,1
4478376,"September 27, 2022 07:00:00 PM",2022,September,27,Tuesday,19,12,New Quay,201,21888,9,2
1098239,"March 29, 2015 04:00:00 AM",2015,March,29,Sunday,4,33,Flinders St-Spring St (West),1,7030,3,7
1511910,"May 30, 2016 10:00:00 AM",2016,May,30,Monday,10,20,Chinatown-Lt Bourke St (South),197,26134,5,1
264129,"January 24, 2011 03:00:00 AM",2011,January,24,Monday,3,7,Birrarung Marr,11,35973,1,1
1855834,"May 27, 2017 12:00:00 PM",2017,May,27,Saturday,12,44,Tin Alley-Swanston St (West),142,5257,5,6
353662,"September 01, 2011 03:00:00 PM",2011,September,1,Thursday,15,8,Webb Bridge,147,20727,9,4
3996449,"November 20, 2021 10:00:00 PM",2021,November,20,Saturday,22,10,Victoria Point,10,21016,11,6
1609006,"September 05, 2016 04:00:00 AM",2016,September,5,Monday,4,9,Southern Cross Station,1,61139,9,1
3191956,"June 12, 2020 03:00:00 AM",2020,June,12,Friday,3,11,Waterfront City,4,10824,6,5
442820,"April 01, 2012 03:00:00 AM",2012,April,1,Sunday,3,14,Sandridge Bridge,48,51255,4,7
2520854,"January 10, 2019 06:00:00 AM",2019,January,10,Thursday,6,11,Waterfront City,42,10824,1,4
921075,"August 21, 2014 03:00:00 AM",2014,August,21,Thursday,3,31,Lygon St (West),3,19296,8,4
1086785,"March 16, 2015 07:00:00 AM",2015,March,16,Monday,7,10,Victoria Point,283,21016,3,1
2016753,"November 05, 2017 08:00:00 PM",2017,November,5,Sunday,20,26,QV Market-Elizabeth St (West),463,46675,11,7
1158198,"June 03, 2015 12:00:00 AM",2015,June,3,Wednesday,0,23,Spencer St-Collins St (South),14,20438,6,3
3372494,"October 18, 2020 10:00:00 PM",2020,October,18,Sunday,22,34,Flinders St-Spark La,8,9063,10,7
3274732,"August 11, 2020 10:00:00 AM",2020,August,11,Tuesday,10,50,Faraday St-Lygon St (West),62,10094,8,2
1421899,"March 02, 2016 12:00:00 AM",2016,March,2,Wednesday,0,32,City Square,132,24004,3,3
711282,"November 13, 2013 11:00:00 AM",2013,November,13,Wednesday,11,27,QV Market-Peel St,82,11985,11,3
2945038,"December 15, 2019 04:00:00 PM",2019,December,15,Sunday,16,22,Flinders St-Elizabeth St (East),2680,82570,12,7
3323235,"September 14, 2020 05:00:00 PM",2020,September,14,Monday,17,47,Melbourne Central-Elizabeth St (East),349,43401,9,1
795452,"March 07, 2014 02:00:00 PM",2014,March,7,Friday,14,21,Bourke St-Russell St (West),847,44224,3,5
3137355,"May 04, 2020 12:00:00 PM",2020,May,4,Monday,12,59,Swanston St - RMIT Building 80,78,8774,5,1
2354626,"August 26, 2018 10:00:00 AM",2018,August,26,Sunday,10,5,Princes Bridge,1440,118831,8,7
2300181,"July 12, 2018 12:00:00 PM",2018,July,12,Thursday,12,48,QVM-Queen St (East),626,8664,7,4
637175,"June 28, 2013 10:00:00 PM",2013,June,28,Friday,22,8,Webb Bridge,58,20727,6,5
209367,"September 09, 2010 12:00:00 AM",2010,September,9,Thursday,0,1,Bourke Street Mall (North),176,96649,9,4
866760,"June 10, 2014 09:00:00 PM",2014,June,10,Tuesday,21,8,Webb Bridge,31,20727,6,2
3102649,"April 09, 2020 08:00:00 AM",2020,April,9,Thursday,8,10,Victoria Point,56,21016,4,4
1873031,"June 15, 2017 11:00:00 AM",2017,June,15,Thursday,11,3,Melbourne Central,1318,102631,6,4
1607481,"September 03, 2016 03:00:00 PM",2016,September,3,Saturday,15,40,Lonsdale St-Spring St (West),330,16821,9,6
756352,"January 15, 2014 01:00:00 AM",2014,January,15,Wednesday,1,10,Victoria Point,4,21016,1,3
1230752,"August 17, 2015 10:00:00 PM",2015,August,17,Monday,22,34,Flinders St-Spark La,42,9063,8,1
1652019,"October 18, 2016 09:00:00 PM",2016,October,18,Tuesday,21,32,City Square,597,24004,10,2
1355202,"December 26, 2015 01:00:00 AM",2015,December,26,Saturday,1,12,New Quay,12,21888,12,6
3531011,"January 31, 2021 06:00:00 AM",2021,January,31,Sunday,6,8,Webb Bridge,34,20727,1,7
3014763,"February 05, 2020 10:00:00 AM",2020,February,5,Wednesday,10,27,QV Market-Peel St,176,11985,2,3
2166247,"March 18, 2018 07:00:00 AM",2018,March,18,Sunday,7,14,Sandridge Bridge,173,51255,3,7
790582,"March 01, 2014 01:00:00 AM",2014,March,1,Saturday,1,18,Collins Place (North),35,43097,3,6
3980120,"November 11, 2021 04:00:00 AM",2021,November,11,Thursday,4,68,Flinders Ln -Degraves St (North),0,1507,11,4
2506683,"December 29, 2018 05:00:00 AM",2018,December,29,Saturday,5,27,QV Market-Peel St,14,11985,12,6
4359720,"June 20, 2022 05:00:00 PM",2022,June,20,Monday,17,61,Swanston St - RMIT Building 14,610,6523,6,1
4028015,"December 07, 2021 08:00:00 PM",2021,December,7,Tuesday,20,20,Chinatown-Lt Bourke St (South),426,26134,12,2
4196361,"March 23, 2022 07:00:00 AM",2022,March,23,Wednesday,7,20,Chinatown-Lt Bourke St (South),44,26134,3,3
2344070,"August 17, 2018 06:00:00 PM",2018,August,17,Friday,18,9,Southern Cross Station,1744,61139,8,5
4131213,"January 25, 2022 08:00:00 PM",2022,January,25,Tuesday,20,76,Macaulay Rd - Bellair St,43,523,1,2
3839347,"August 19, 2021 08:00:00 AM",2021,August,19,Thursday,8,6,Flinders Street Station Underpass,328,159391,8,4
1890130,"July 04, 2017 04:00:00 PM",2017,July,4,Tuesday,16,17,Collins Place (South),781,65975,7,2
799626,"March 13, 2014 05:00:00 AM",2014,March,13,Thursday,5,10,Victoria Point,20,21016,3,4
3986471,"November 14, 2021 11:00:00 PM",2021,November,14,Sunday,23,47,Melbourne Central-Elizabeth St (East),139,43401,11,7
982049,"November 07, 2014 03:00:00 AM",2014,November,7,Friday,3,1,Bourke Street Mall (North),25,96649,11,5
594575,"March 20, 2013 06:00:00 PM",2013,March,20,Wednesday,18,10,Victoria Point,318,21016,3,3
337747,"July 24, 2011 03:00:00 PM",2011,July,24,Sunday,15,5,Princes Bridge,1484,118831,7,7
2697010,"June 04, 2019 11:00:00 PM",2019,June,4,Tuesday,23,54,Lincoln-Swanston (West),36,3732,6,2
2297631,"July 10, 2018 09:00:00 AM",2018,July,10,Tuesday,9,48,QVM-Queen St (East),272,8664,7,2
2743635,"July 12, 2019 01:00:00 AM",2019,July,12,Friday,1,36,Queen St (West),44,17094,7,5
1879047,"June 22, 2017 05:00:00 AM",2017,June,22,Thursday,5,29,St Kilda Rd-Alexandra Gardens,47,30690,6,4
404829,"January 04, 2012 05:00:00 AM",2012,January,4,Wednesday,5,3,Melbourne Central,40,102631,1,3
2468955,"November 28, 2018 03:00:00 AM",2018,November,28,Wednesday,3,25,Melbourne Convention Exhibition Centre,17,56737,11,3
2688977,"May 29, 2019 04:00:00 PM",2019,May,29,Wednesday,16,21,Bourke St-Russell St (West),864,44224,5,3
896873,"July 19, 2014 01:00:00 PM",2014,July,19,Saturday,13,27,QV Market-Peel St,483,11985,7,6
1703086,"December 12, 2016 09:00:00 AM",2016,December,12,Monday,9,1,Bourke Street Mall (North),1166,96649,12,1
2333353,"August 09, 2018 12:00:00 AM",2018,August,9,Thursday,0,1,Bourke Street Mall (North),110,96649,8,4
1305880,"November 05, 2015 06:00:00 AM",2015,November,5,Thursday,6,15,State Library,58,95844,11,4
2148339,"March 02, 2018 01:00:00 PM",2018,March,2,Friday,13,2,Bourke Street Mall (South),3215,123190,3,5
2027643,"November 15, 2017 05:00:00 PM",2017,November,15,Wednesday,17,12,New Quay,323,21888,11,3
1706528,"December 16, 2016 12:00:00 AM",2016,December,16,Friday,0,40,Lonsdale St-Spring St (West),44,16821,12,5
1854931,"May 26, 2017 01:00:00 PM",2017,May,26,Friday,13,9,Southern Cross Station,1313,61139,5,5
2772869,"August 03, 2019 04:00:00 PM",2019,August,3,Saturday,16,21,Bourke St-Russell St (West),1299,44224,8,6
1081247,"March 10, 2015 01:00:00 AM",2015,March,10,Tuesday,1,24,Spencer St-Collins St (North),25,98980,3,2
1844163,"May 14, 2017 05:00:00 PM",2017,May,14,Sunday,17,37,Lygon St (East),388,9906,5,7
4354642,"June 19, 2022 03:00:00 AM",2022,June,19,Sunday,3,46,Pelham St (South),3,1722,6,7
798643,"March 11, 2014 09:00:00 PM",2014,March,11,Tuesday,21,19,Chinatown-Swanston St (North),443,29316,3,2
686218,"October 09, 2013 09:00:00 AM",2013,October,9,Wednesday,9,25,Melbourne Convention Exhibition Centre,535,56737,10,3
674934,"September 21, 2013 05:00:00 PM",2013,September,21,Saturday,17,20,Chinatown-Lt Bourke St (South),559,26134,9,6
3902976,"September 26, 2021 07:00:00 AM",2021,September,26,Sunday,7,31,Lygon St (West),11,19296,9,7
3231794,"July 10, 2020 06:00:00 PM",2020,July,10,Friday,18,53,Collins St (North),161,36660,7,5
1713134,"December 22, 2016 10:00:00 PM",2016,December,22,Thursday,22,29,St Kilda Rd-Alexandra Gardens,439,30690,12,4
47570,"August 27, 2009 07:00:00 PM",2009,August,27,Thursday,19,16,Australia on Collins,466,34427,8,4
2061828,"December 16, 2017 06:00:00 AM",2017,December,16,Saturday,6,40,Lonsdale St-Spring St (West),22,16821,12,6
2626992,"April 09, 2019 09:00:00 AM",2019,April,9,Tuesday,9,28,The Arts Centre,3157,63067,4,2
2530845,"January 18, 2019 02:00:00 PM",2019,January,18,Friday,14,1,Bourke Street Mall (North),3138,96649,1,5
3881056,"September 13, 2021 08:00:00 AM",2021,September,13,Monday,8,35,Southbank,517,80829,9,1
2181215,"March 31, 2018 10:00:00 AM",2018,March,31,Saturday,10,8,Webb Bridge,229,20727,3,6
4487042,"September 04, 2022 07:00:00 PM",2022,September,4,Sunday,19,31,Lygon St (West),670,19296,9,7
650478,"July 31, 2013 12:00:00 PM",2013,July,31,Wednesday,12,18,Collins Place (North),689,43097,7,3
3587416,"March 09, 2021 06:00:00 AM",2021,March,9,Tuesday,6,39,Alfred Place,14,14784,3,2
833493,"April 27, 2014 06:00:00 PM",2014,April,27,Sunday,18,11,Waterfront City,77,10824,4,7
3332719,"September 21, 2020 02:00:00 AM",2020,September,21,Monday,2,41,Flinders La-Swanston St (West),28,68374,9,1
3808008,"July 31, 2021 09:00:00 AM",2021,July,31,Saturday,9,64,Royal Pde-Grattan St,61,1249,7,6
2526805,"January 15, 2019 04:00:00 AM",2019,January,15,Tuesday,4,44,Tin Alley-Swanston St (West),3,5257,1,2
371921,"October 16, 2011 10:00:00 AM",2011,October,16,Sunday,10,16,Australia on Collins,715,34427,10,7
1999307,"October 20, 2017 10:00:00 PM",2017,October,20,Friday,22,33,Flinders St-Spring St (West),95,7030,10,5
242776,"December 02, 2010 02:00:00 AM",2010,December,2,Thursday,2,10,Victoria Point,14,21016,12,4
3526057,"January 28, 2021 03:00:00 AM",2021,January,28,Thursday,3,9,Southern Cross Station,1,61139,1,4
2331282,"August 07, 2018 07:00:00 AM",2018,August,7,Tuesday,7,24,Spencer St-Collins St (North),2434,98980,8,2
686364,"October 09, 2013 03:00:00 PM",2013,October,9,Wednesday,15,2,Bourke Street Mall (South),2140,123190,10,3
3639010,"April 11, 2021 12:00:00 AM",2021,April,11,Sunday,0,1,Bourke Street Mall (North),156,96649,4,7
2228661,"May 11, 2018 04:00:00 PM",2018,May,11,Friday,16,43,Monash Rd-Swanston St (West),615,10897,5,5
1965637,"September 19, 2017 01:00:00 PM",2017,September,19,Tuesday,13,53,Collins St (North),2122,36660,9,2
2828459,"September 15, 2019 10:00:00 PM",2019,September,15,Sunday,22,37,Lygon St (East),84,9906,9,7
4488900,"September 22, 2022 05:00:00 AM",2022,September,22,Thursday,5,39,Alfred Place,1,14784,9,4
2314821,"July 24, 2018 07:00:00 PM",2018,July,24,Tuesday,19,34,Flinders St-Spark La,100,9063,7,2
1225046,"August 11, 2015 06:00:00 PM",2015,August,11,Tuesday,18,28,The Arts Centre,1670,63067,8,2
2938993,"December 11, 2019 02:00:00 AM",2019,December,11,Wednesday,2,34,Flinders St-Spark La,0,9063,12,3
1559653,"July 16, 2016 03:00:00 PM",2016,July,16,Saturday,15,53,Collins St (North),1751,36660,7,6
837115,"May 02, 2014 05:00:00 PM",2014,May,2,Friday,17,8,Webb Bridge,565,20727,5,5
4321854,"May 14, 2022 01:00:00 AM",2022,May,14,Saturday,1,78,Harbour Esplanade (West) - Bike Path,4,625,5,6
243480,"December 03, 2010 10:00:00 PM",2010,December,3,Friday,22,10,Victoria Point,285,21016,12,5
776271,"February 09, 2014 11:00:00 PM",2014,February,9,Sunday,23,25,Melbourne Convention Exhibition Centre,92,56737,2,7
2817064,"September 07, 2019 02:00:00 AM",2019,September,7,Saturday,2,43,Monash Rd-Swanston St (West),8,10897,9,6
3087339,"March 29, 2020 02:00:00 AM",2020,March,29,Sunday,2,54,Lincoln-Swanston(West),9,2647,3,7
1108876,"April 10, 2015 10:00:00 AM",2015,April,10,Friday,10,18,Collins Place (North),458,43097,4,5
2870449,"October 19, 2019 11:00:00 AM",2019,October,19,Saturday,11,46,Pelham St (S),83,430,10,6
1190368,"July 05, 2015 07:00:00 PM",2015,July,5,Sunday,19,38,Flinders St-Swanston St (West),2611,44579,7,7
3223190,"July 04, 2020 10:00:00 AM",2020,July,4,Saturday,10,51,QVM-Franklin St (North),149,4985,7,6
2290568,"July 04, 2018 12:00:00 PM",2018,July,4,Wednesday,12,34,Flinders St-Spark La,219,9063,7,3
3184297,"June 06, 2020 03:00:00 PM",2020,June,6,Saturday,15,9,Southern Cross Station,96,61139,6,6
3544122,"February 08, 2021 02:00:00 PM",2021,February,8,Monday,14,45,Little Collins St-Swanston St (East),626,29926,2,1
1720694,"December 30, 2016 07:00:00 PM",2016,December,30,Friday,19,29,St Kilda Rd-Alexandra Gardens,729,30690,12,5
2278871,"June 24, 2018 12:00:00 PM",2018,June,24,Sunday,12,25,Melbourne Convention Exhibition Centre,1033,56737,6,7
1945475,"August 30, 2017 09:00:00 AM",2017,August,30,Wednesday,9,25,Melbourne Convention Exhibition Centre,600,56737,8,3
1270595,"September 28, 2015 03:00:00 PM",2015,September,28,Monday,15,14,Sandridge Bridge,709,51255,9,1
1320509,"November 20, 2015 11:00:00 AM",2015,November,20,Friday,11,8,Webb Bridge,226,20727,11,5
1354110,"December 24, 2015 10:00:00 PM",2015,December,24,Thursday,22,28,The Arts Centre,590,63067,12,4
780495,"February 15, 2014 01:00:00 PM",2014,February,15,Saturday,13,9,Southern Cross Station,18,61139,2,6
2649850,"April 28, 2019 01:00:00 AM",2019,April,28,Sunday,1,44,Tin Alley-Swanston St (West),18,5257,4,7
3069959,"March 16, 2020 04:00:00 PM",2020,March,16,Monday,16,15,State Library,1600,95844,3,1
1530356,"June 17, 2016 12:00:00 PM",2016,June,17,Friday,12,7,Birrarung Marr,334,35973,6,5
1479415,"April 28, 2016 05:00:00 PM",2016,April,28,Thursday,17,26,QV Market-Elizabeth St (West),767,46675,4,4
310284,"May 18, 2011 07:00:00 AM",2011,May,18,Wednesday,7,14,Sandridge Bridge,397,51255,5,3
822168,"April 12, 2014 03:00:00 PM",2014,April,12,Saturday,15,2,Bourke Street Mall (South),4288,123190,4,6
3369669,"October 16, 2020 10:00:00 PM",2020,October,16,Friday,22,43,Monash Rd-Swanston St (West),17,10897,10,5
1893592,"July 08, 2017 07:00:00 AM",2017,July,8,Saturday,7,43,Monash Rd-Swanston St (West),13,10897,7,6
864224,"June 07, 2014 04:00:00 PM",2014,June,7,Saturday,16,26,QV Market-Elizabeth St (West),598,46675,6,6
2425144,"October 22, 2018 03:00:00 PM",2018,October,22,Monday,15,14,Sandridge Bridge,747,51255,10,1
2804901,"August 28, 2019 02:00:00 PM",2019,August,28,Wednesday,14,19,Chinatown-Swanston St (North),674,29316,8,3
4464784,"August 05, 2022 10:00:00 AM",2022,August,5,Friday,10,77,Harbour Esplanade (West) - Ped Path,2,2905,8,5
3409171,"November 13, 2020 07:00:00 AM",2020,November,13,Friday,7,22,Flinders St-Elizabeth St (East),469,82570,11,5
2484824,"December 11, 2018 04:00:00 AM",2018,December,11,Tuesday,4,24,Spencer St-Collins St (North),44,98980,12,2
1791073,"March 17, 2017 09:00:00 PM",2017,March,17,Friday,21,25,Melbourne Convention Exhibition Centre,680,56737,3,5
2599513,"March 17, 2019 12:00:00 PM",2019,March,17,Sunday,12,8,Webb Bridge,303,20727,3,7
3078253,"March 22, 2020 02:00:00 PM",2020,March,22,Sunday,14,12,New Quay,204,21888,3,7
1170899,"June 15, 2015 10:00:00 PM",2015,June,15,Monday,22,13,Flagstaff Station,98,56644,6,1
1619856,"September 15, 2016 10:00:00 PM",2016,September,15,Thursday,22,25,Melbourne Convention Exhibition Centre,222,56737,9,4
4424962,"August 18, 2022 04:00:00 AM",2022,August,18,Thursday,4,66,State Library - New,15,12207,8,4
366209,"October 02, 2011 09:00:00 AM",2011,October,2,Sunday,9,9,Southern Cross Station,102,61139,10,7
1533948,"June 21, 2016 01:00:00 AM",2016,June,21,Tuesday,1,31,Lygon St (West),26,19296,6,2
3786470,"July 18, 2021 11:00:00 AM",2021,July,18,Sunday,11,76,Macaulay Rd-Bellair St,148,378,7,7
3069444,"March 16, 2020 07:00:00 AM",2020,March,16,Monday,7,19,Chinatown-Swanston St (North),90,29316,3,1
3143004,"May 08, 2020 12:00:00 PM",2020,May,8,Friday,12,35,Southbank,719,80829,5,5
3430175,"November 27, 2020 03:00:00 PM",2020,November,27,Friday,15,12,New Quay,104,21888,11,5
437228,"March 19, 2012 05:00:00 AM",2012,March,19,Monday,5,2,Bourke Street Mall (South),21,123190,3,1
3638135,"April 10, 2021 11:00:00 AM",2021,April,10,Saturday,11,17,Collins Place (South),188,65975,4,6
4193233,"March 16, 2022 11:00:00 PM",2022,March,16,Wednesday,23,11,Waterfront City,60,10824,3,3
3621664,"March 31, 2021 03:00:00 AM",2021,March,31,Wednesday,3,34,Flinders St-Spark La,2,9063,3,3
386961,"November 22, 2011 07:00:00 AM",2011,November,22,Tuesday,7,11,Waterfront City,73,10824,11,2
2575684,"February 25, 2019 06:00:00 PM",2019,February,25,Monday,18,29,St Kilda Rd-Alexandra Gardens,1657,30690,2,1
691014,"October 16, 2013 08:00:00 AM",2013,October,16,Wednesday,8,8,Webb Bridge,681,20727,10,3
1672272,"November 09, 2016 10:00:00 AM",2016,November,9,Wednesday,10,26,QV Market-Elizabeth St (West),556,46675,11,3
358430,"September 13, 2011 07:00:00 AM",2011,September,13,Tuesday,7,16,Australia on Collins,372,34427,9,2
432494,"March 08, 2012 06:00:00 AM",2012,March,8,Thursday,6,2,Bourke Street Mall (South),103,123190,3,4
2416954,"October 15, 2018 09:00:00 PM",2018,October,15,Monday,21,50,Faraday St-Lygon St (West),252,10094,10,1
1969207,"September 22, 2017 10:00:00 PM",2017,September,22,Friday,22,4,Town Hall (West),1545,167769,9,5
4452675,"August 25, 2022 09:00:00 PM",2022,August,25,Thursday,21,50,Faraday St-Lygon St (West),269,10094,8,4
129772,"March 07, 2010 04:00:00 PM",2010,March,7,Sunday,16,4,Town Hall (West),2949,167769,3,7
3611947,"March 25, 2021 12:00:00 AM",2021,March,25,Thursday,0,5,Princes Bridge,57,118831,3,4
2041474,"November 28, 2017 08:00:00 AM",2017,November,28,Tuesday,8,27,QV Market-Peel St,201,11985,11,2
1659142,"October 26, 2016 11:00:00 AM",2016,October,26,Wednesday,11,20,Chinatown-Lt Bourke St (South),425,26134,10,3
1592697,"August 19, 2016 01:00:00 AM",2016,August,19,Friday,1,34,Flinders St-Spark La,18,9063,8,5
277195,"February 25, 2011 08:00:00 PM",2011,February,25,Friday,20,13,Flagstaff Station,290,56644,2,5
1271570,"September 29, 2015 03:00:00 PM",2015,September,29,Tuesday,15,5,Princes Bridge,1937,118831,9,2
498548,"August 08, 2012 03:00:00 AM",2012,August,8,Wednesday,3,14,Sandridge Bridge,4,51255,8,3
557957,"December 24, 2012 06:00:00 PM",2012,December,24,Monday,18,10,Victoria Point,69,21016,12,1
3981461,"November 12, 2021 12:00:00 AM",2021,November,12,Friday,0,17,Collins Place (South),20,65975,11,5
4042450,"December 27, 2021 07:00:00 AM",2021,December,27,Monday,7,44,Tin Alley-Swanston St (West),17,5257,12,1
3264761,"August 03, 2020 10:00:00 PM",2020,August,3,Monday,22,22,Flinders St-Elizabeth St (East),89,82570,8,1
1394443,"February 03, 2016 06:00:00 PM",2016,February,3,Wednesday,18,44,Tin Alley-Swanston St (West),230,5257,2,3
3356352,"October 07, 2020 12:00:00 PM",2020,October,7,Wednesday,12,7,Birrarung Marr,126,35973,10,3
1209497,"July 26, 2015 06:00:00 AM",2015,July,26,Sunday,6,15,State Library,62,95844,7,7
2582463,"March 03, 2019 07:00:00 AM",2019,March,3,Sunday,7,40,Lonsdale St-Spring St (West),26,16821,3,7
2108967,"January 27, 2018 05:00:00 AM",2018,January,27,Saturday,5,49,QVM-Therry St (South),26,7337,1,6
3079991,"March 23, 2020 08:00:00 PM",2020,March,23,Monday,20,9,Southern Cross Station,75,61139,3,1
3868897,"September 06, 2021 02:00:00 AM",2021,September,6,Monday,2,27,QV Market-Peel St,0,11985,9,1
3185906,"June 07, 2020 06:00:00 PM",2020,June,7,Sunday,18,59,Swanston St - RMIT Building 80,0,8774,6,7
116024,"February 03, 2010 08:00:00 PM",2010,February,3,Wednesday,20,8,Webb Bridge,68,20727,2,3
483358,"July 03, 2012 11:00:00 PM",2012,July,3,Tuesday,23,16,Australia on Collins,59,34427,7,2
617195,"May 12, 2013 03:00:00 AM",2013,May,12,Sunday,3,4,Town Hall (West),1002,167769,5,7
2144262,"February 27, 2018 01:00:00 AM",2018,February,27,Tuesday,1,4,Town Hall (West),94,167769,2,2
3544774,"February 09, 2021 12:00:00 AM",2021,February,9,Tuesday,0,73,Bourke St - Spencer St (South),14,294,2,2
1775948,"March 01, 2017 03:00:00 PM",2017,March,1,Wednesday,15,44,Tin Alley-Swanston St (West),417,5257,3,3
1491393,"May 10, 2016 11:00:00 AM",2016,May,10,Tuesday,11,28,The Arts Centre,1022,63067,5,2
2769498,"August 01, 2019 03:00:00 AM",2019,August,1,Thursday,3,1,Bourke Street Mall (North),7,96649,8,4
1630248,"September 26, 2016 05:00:00 AM",2016,September,26,Monday,5,44,Tin Alley-Swanston St (West),2,5257,9,1
4029,"May 12, 2009 04:00:00 AM",2009,May,12,Tuesday,4,12,New Quay,0,21888,5,2
1759480,"February 11, 2017 07:00:00 PM",2017,February,11,Saturday,19,44,Tin Alley-Swanston St (West),59,5257,2,6
3598041,"March 16, 2021 03:00:00 AM",2021,March,16,Tuesday,3,17,Collins Place (South),4,65975,3,2
1728727,"January 08, 2017 03:00:00 PM",2017,January,8,Sunday,15,29,St Kilda Rd-Alexandra Gardens,1008,30690,1,7
35950,"July 30, 2009 08:00:00 AM",2009,July,30,Thursday,8,6,Flinders Street Station Underpass,2941,159391,7,4
329282,"July 03, 2011 09:00:00 PM",2011,July,3,Sunday,21,6,Flinders Street Station Underpass,606,159391,7,7
1023302,"December 31, 2014 02:00:00 AM",2014,December,31,Wednesday,2,17,Collins Place (South),4,65975,12,3
4408652,"July 04, 2022 02:00:00 PM",2022,July,4,Monday,14,65,Swanston St - City Square,854,7491,7,1
734052,"December 16, 2013 04:00:00 AM",2013,December,16,Monday,4,23,Spencer St-Collins St (South),1,20438,12,1
3608139,"March 22, 2021 02:00:00 PM",2021,March,22,Monday,14,4,Town Hall (West),1605,167769,3,1
2417725,"October 16, 2018 12:00:00 PM",2018,October,16,Tuesday,12,57,Bourke St Bridge,2582,13558,10,2
4117555,"January 14, 2022 06:00:00 PM",2022,January,14,Friday,18,50,Faraday St-Lygon St (West),298,10094,1,5
97033,"December 21, 2009 09:00:00 PM",2009,December,21,Monday,21,7,Birrarung Marr,175,35973,12,1
1303302,"November 02, 2015 12:00:00 PM",2015,November,2,Monday,12,4,Town Hall (West),5339,167769,11,1
1371258,"January 11, 2016 06:00:00 PM",2016,January,11,Monday,18,17,Collins Place (South),674,65975,1,1
3200885,"June 18, 2020 12:00:00 PM",2020,June,18,Thursday,12,24,Spencer St-Collins St (North),786,98980,6,4
1943043,"August 28, 2017 12:00:00 AM",2017,August,28,Monday,0,7,Birrarung Marr,11,35973,8,1
4210380,"March 30, 2022 10:00:00 AM",2022,March,30,Wednesday,10,35,Southbank,969,80829,3,3
1390462,"January 30, 2016 08:00:00 PM",2016,January,30,Saturday,20,8,Webb Bridge,308,20727,1,6
1257472,"September 15, 2015 12:00:00 AM",2015,September,15,Tuesday,0,37,Lygon St (East),4,9906,9,2
710388,"November 12, 2013 06:00:00 AM",2013,November,12,Tuesday,6,2,Bourke Street Mall (South),96,123190,11,2
2061030,"December 15, 2017 02:00:00 PM",2017,December,15,Friday,14,5,Princes Bridge,2464,118831,12,5
1646302,"October 12, 2016 09:00:00 PM",2016,October,12,Wednesday,21,27,QV Market-Peel St,116,11985,10,3
717462,"November 22, 2013 05:00:00 AM",2013,November,22,Friday,5,27,QV Market-Peel St,14,11985,11,5
786538,"February 23, 2014 12:00:00 PM",2014,February,23,Sunday,12,12,New Quay,611,21888,2,7
1580520,"August 06, 2016 09:00:00 AM",2016,August,6,Saturday,9,44,Tin Alley-Swanston St (West),96,5257,8,6
4169768,"February 16, 2022 06:00:00 AM",2022,February,16,Wednesday,6,62,La Trobe St (North),76,2084,2,3
919845,"August 19, 2014 01:00:00 PM",2014,August,19,Tuesday,13,17,Collins Place (South),1178,65975,8,2
4199051,"March 11, 2022 09:00:00 AM",2022,March,11,Friday,9,27,QV Market-Peel St,133,11985,3,5
2937901,"December 10, 2019 06:00:00 AM",2019,December,10,Tuesday,6,61,Swanston St - RMIT Building 14,115,6523,12,2
4369988,"June 28, 2022 01:00:00 PM",2022,June,28,Tuesday,13,77,Harbour Esplanade (West) - Ped Path,216,2905,6,2
1952404,"September 06, 2017 10:00:00 AM",2017,September,6,Wednesday,10,50,Faraday St-Lygon St (West),181,10094,9,3
1006163,"December 08, 2014 08:00:00 AM",2014,December,8,Monday,8,34,Flinders St-Spark La,322,9063,12,1
566920,"January 15, 2013 05:00:00 PM",2013,January,15,Tuesday,17,14,Sandridge Bridge,1333,51255,1,2
1684611,"November 22, 2016 06:00:00 PM",2016,November,22,Tuesday,18,24,Spencer St-Collins St (North),2849,98980,11,2
916735,"August 15, 2014 12:00:00 PM",2014,August,15,Friday,12,10,Victoria Point,540,21016,8,5
171282,"June 11, 2010 07:00:00 PM",2010,June,11,Friday,19,12,New Quay,685,21888,6,5
2230462,"May 13, 2018 07:00:00 AM",2018,May,13,Sunday,7,4,Town Hall (West),162,167769,5,7
1047741,"January 30, 2015 03:00:00 PM",2015,January,30,Friday,15,13,Flagstaff Station,1204,56644,1,5
4466166,"August 01, 2022 12:00:00 AM",2022,August,1,Monday,0,84,Elizabeth St - Flinders St (East) - New footpath,142,4624,8,1
2406106,"October 07, 2018 01:00:00 AM",2018,October,7,Sunday,1,9,Southern Cross Station,41,61139,10,7
2482904,"December 09, 2018 02:00:00 PM",2018,December,9,Sunday,14,45,Little Collins St-Swanston St (East),2000,29926,12,7
1193915,"July 09, 2015 02:00:00 PM",2015,July,9,Thursday,14,36,Queen St (West),597,17094,7,4
929204,"August 31, 2014 11:00:00 AM",2014,August,31,Sunday,11,21,Bourke St-Russell St (West),539,44224,8,7
3956032,"October 27, 2021 10:00:00 PM",2021,October,27,Wednesday,22,64,Royal Pde-Grattan St,34,1249,10,3
1942967,"August 27, 2017 10:00:00 PM",2017,August,27,Sunday,22,19,Chinatown-Swanston St (North),373,29316,8,7
2472861,"December 01, 2018 08:00:00 AM",2018,December,1,Saturday,8,34,Flinders St-Spark La,65,9063,12,6
4247676,"April 25, 2022 08:00:00 AM",2022,April,25,Monday,8,27,QV Market-Peel St,45,11985,4,1
2390592,"September 24, 2018 01:00:00 PM",2018,September,24,Monday,13,23,Spencer St-Collins St (South),919,20438,9,1
2695166,"June 03, 2019 01:00:00 PM",2019,June,3,Monday,13,7,Birrarung Marr,66,35973,6,1
2050196,"December 06, 2017 02:00:00 AM",2017,December,6,Wednesday,2,51,QVM-Franklin St (North),7,4985,12,3
1004392,"December 06, 2014 01:00:00 AM",2014,December,6,Saturday,1,23,Spencer St-Collins St (South),107,20438,12,6
3315194,"September 09, 2020 07:00:00 AM",2020,September,9,Wednesday,7,69,Flinders Ln -Degraves St (Crossing),32,1297,9,3
3371356,"October 18, 2020 03:00:00 AM",2020,October,18,Sunday,3,9,Southern Cross Station,1,61139,10,7
2877196,"October 24, 2019 04:00:00 PM",2019,October,24,Thursday,16,44,Tin Alley-Swanston St (West),241,5257,10,4
1765172,"February 18, 2017 02:00:00 AM",2017,February,18,Saturday,2,21,Bourke St-Russell St (West),443,44224,2,6
220443,"October 07, 2010 01:00:00 AM",2010,October,7,Thursday,1,11,Waterfront City,1,10824,10,4
1392890,"February 02, 2016 05:00:00 AM",2016,February,2,Tuesday,5,53,Collins St (North),21,36660,2,2
558383,"December 25, 2012 07:00:00 PM",2012,December,25,Tuesday,19,11,Waterfront City,125,10824,12,2
3603050,"March 19, 2021 07:00:00 AM",2021,March,19,Friday,7,52,Elizabeth St-Lonsdale St (South),102,7823,3,5
4164117,"February 13, 2022 08:00:00 PM",2022,February,13,Sunday,20,52,Elizabeth St-Lonsdale St (South),233,7823,2,7
1509685,"May 28, 2016 06:00:00 AM",2016,May,28,Saturday,6,31,Lygon St (West),16,19296,5,6
1391575,"January 31, 2016 10:00:00 PM",2016,January,31,Sunday,22,30,Lonsdale St (South),302,35433,1,7
4357793,"June 30, 2022 10:00:00 AM",2022,June,30,Thursday,10,54,Lincoln-Swanston(West),125,2647,6,4
2474518,"December 02, 2018 05:00:00 PM",2018,December,2,Sunday,17,23,Spencer St-Collins St (South),305,20438,12,7
1022825,"December 30, 2014 10:00:00 AM",2014,December,30,Tuesday,10,39,Alfred Place,208,14784,12,2
1737462,"January 18, 2017 09:00:00 AM",2017,January,18,Wednesday,9,32,City Square,1207,24004,1,3
2817826,"September 07, 2019 04:00:00 PM",2019,September,7,Saturday,16,48,QVM-Queen St (East),441,8664,9,6
2756284,"July 22, 2019 12:00:00 AM",2019,July,22,Monday,0,14,Sandridge Bridge,69,51255,7,1
3425081,"November 24, 2020 02:00:00 AM",2020,November,24,Tuesday,2,29,St Kilda Rd-Alexandra Gardens,11,30690,11,2
3979678,"November 10, 2021 10:00:00 PM",2021,November,10,Wednesday,22,45,Little Collins St-Swanston St (East),175,29926,11,3
4283339,"May 11, 2022 06:00:00 AM",2022,May,11,Wednesday,6,26,QV Market-Elizabeth St (West),102,46675,5,3
4473534,"September 06, 2022 01:00:00 AM",2022,September,6,Tuesday,1,66,State Library - New,36,12207,9,2
3959795,"October 30, 2021 04:00:00 AM",2021,October,30,Saturday,4,41,Flinders La-Swanston St (West),91,68374,10,6
904134,"July 29, 2014 10:00:00 AM",2014,July,29,Tuesday,10,23,Spencer St-Collins St (South),361,20438,7,2
399874,"December 23, 2011 05:00:00 PM",2011,December,23,Friday,17,16,Australia on Collins,1550,34427,12,5
3269701,"August 07, 2020 03:00:00 PM",2020,August,7,Friday,15,24,Spencer St-Collins St (North),295,98980,8,5
2793697,"August 19, 2019 07:00:00 PM",2019,August,19,Monday,19,45,Little Collins St-Swanston St (East),1012,29926,8,1
3646753,"April 15, 2021 09:00:00 PM",2021,April,15,Thursday,21,31,Lygon St (West),256,19296,4,4
3658849,"April 23, 2021 09:00:00 AM",2021,April,23,Friday,9,75,Spring St- Flinders St (West),69,281,4,5
2648239,"April 26, 2019 06:00:00 PM",2019,April,26,Friday,18,46,Pelham St (South),163,1722,4,5
80276,"November 13, 2009 02:00:00 AM",2009,November,13,Friday,2,8,Webb Bridge,2,20727,11,5
461393,"May 14, 2012 03:00:00 AM",2012,May,14,Monday,3,11,Waterfront City,2,10824,5,1
4157439,"February 15, 2022 02:00:00 PM",2022,February,15,Tuesday,14,36,Queen St (West),324,17094,2,2
3455714,"December 14, 2020 11:00:00 AM",2020,December,14,Monday,11,64,Royal Pde-Grattan St,136,1249,12,1
1614988,"September 11, 2016 02:00:00 AM",2016,September,11,Sunday,2,29,St Kilda Rd-Alexandra Gardens,31,30690,9,7
2718301,"June 21, 2019 11:00:00 PM",2019,June,21,Friday,23,3,Melbourne Central,1442,102631,6,5
402341,"December 29, 2011 10:00:00 AM",2011,December,29,Thursday,10,17,Collins Place (South),449,65975,12,4
4442840,"August 19, 2022 02:00:00 AM",2022,August,19,Friday,2,36,Queen St (West),9,17094,8,5
4325921,"May 28, 2022 12:00:00 PM",2022,May,28,Saturday,12,86,Queensberry St - Errol St (South),154,359,5,6
2542813,"January 28, 2019 06:00:00 PM",2019,January,28,Monday,18,33,Flinders St-Spring St (West),61,7030,1,1
3008774,"February 01, 2020 01:00:00 AM",2020,February,1,Saturday,1,21,Bourke St-Russell St (West),318,44224,2,6
4239905,"April 01, 2022 01:00:00 PM",2022,April,1,Friday,13,10,Victoria Point,143,21016,4,5
4170301,"February 10, 2022 11:00:00 AM",2022,February,10,Thursday,11,63,231 Bourke St,408,6707,2,4
1950784,"September 04, 2017 06:00:00 PM",2017,September,4,Monday,18,24,Spencer St-Collins St (North),2900,98980,9,1
3036647,"February 21, 2020 10:00:00 AM",2020,February,21,Friday,10,21,Bourke St-Russell St (West),466,44224,2,5
559553,"December 28, 2012 04:00:00 PM",2012,December,28,Friday,16,8,Webb Bridge,284,20727,12,5
3394437,"November 03, 2020 12:00:00 AM",2020,November,3,Tuesday,0,44,Tin Alley-Swanston St (West),5,5257,11,2
894508,"July 16, 2014 09:00:00 AM",2014,July,16,Wednesday,9,32,City Square,924,24004,7,3
2246316,"May 27, 2018 06:00:00 AM",2018,May,27,Sunday,6,11,Waterfront City,9,10824,5,7
1196106,"July 11, 2015 11:00:00 PM",2015,July,11,Saturday,23,1,Bourke Street Mall (North),240,96649,7,6
1183355,"June 28, 2015 02:00:00 PM",2015,June,28,Sunday,14,5,Princes Bridge,2417,118831,6,7
1667282,"November 04, 2016 02:00:00 AM",2016,November,4,Friday,2,28,The Arts Centre,31,63067,11,5
2836452,"September 22, 2019 09:00:00 AM",2019,September,22,Sunday,9,24,Spencer St-Collins St (North),776,98980,9,7
2742795,"July 11, 2019 09:00:00 AM",2019,July,11,Thursday,9,46,Pelham St (South),135,1722,7,4
869501,"June 14, 2014 05:00:00 AM",2014,June,14,Saturday,5,29,St Kilda Rd-Alexandra Gardens,20,30690,6,6
692112,"October 17, 2013 08:00:00 PM",2013,October,17,Thursday,20,27,QV Market-Peel St,107,11985,10,4
4374486,"July 19, 2022 10:00:00 PM",2022,July,19,Tuesday,22,53,Collins St (North),359,36660,7,2
3817338,"August 06, 2021 03:00:00 AM",2021,August,6,Friday,3,18,Collins Place (North),2,43097,8,5
3911157,"October 01, 2021 02:00:00 AM",2021,October,1,Friday,2,51,QVM-Franklin St (North),2,4985,10,5
3866628,"September 04, 2021 05:00:00 PM",2021,September,4,Saturday,17,75,Spring St- Flinders St (West),24,281,9,6
617356,"May 12, 2013 12:00:00 PM",2013,May,12,Sunday,12,3,Melbourne Central,1777,102631,5,7
1582478,"August 08, 2016 08:00:00 AM",2016,August,8,Monday,8,27,QV Market-Peel St,158,11985,8,1
4176659,"February 11, 2022 10:00:00 AM",2022,February,11,Friday,10,75,Spring St - Flinders St (West),42,275,2,5
1504553,"May 23, 2016 07:00:00 AM",2016,May,23,Monday,7,15,State Library,302,95844,5,1
2681552,"May 23, 2019 06:00:00 PM",2019,May,23,Thursday,18,12,New Quay,369,21888,5,4
2335938,"August 11, 2018 02:00:00 AM",2018,August,11,Saturday,2,42,Grattan St-Swanston St (West),9,13800,8,6
3133147,"May 01, 2020 01:00:00 PM",2020,May,1,Friday,13,29,St Kilda Rd-Alexandra Gardens,53,30690,5,5
1293317,"October 22, 2015 04:00:00 PM",2015,October,22,Thursday,16,53,Collins St (North),1327,36660,10,4
2973395,"January 05, 2020 09:00:00 PM",2020,January,5,Sunday,21,2,Bourke Street Mall (South),235,123190,1,7
2130255,"February 14, 2018 08:00:00 PM",2018,February,14,Wednesday,20,15,State Library,1414,95844,2,3
3354212,"October 05, 2020 10:00:00 PM",2020,October,5,Monday,22,63,231 Bourke St,35,6707,10,1
678954,"September 28, 2013 04:00:00 AM",2013,September,28,Saturday,4,5,Princes Bridge,53,118831,9,6
853480,"May 24, 2014 11:00:00 PM",2014,May,24,Saturday,23,26,QV Market-Elizabeth St (West),228,46675,5,6
3702400,"May 27, 2021 07:00:00 PM",2021,May,27,Thursday,19,44,Tin Alley-Swanston St (West),59,5257,5,4
103088,"January 04, 2010 09:00:00 PM",2010,January,4,Monday,21,14,Sandridge Bridge,325,51255,1,1
2300188,"July 12, 2018 01:00:00 PM",2018,July,12,Thursday,13,1,Bourke Street Mall (North),4018,96649,7,4
2670946,"May 15, 2019 01:00:00 AM",2019,May,15,Wednesday,1,46,Pelham St (South),9,1722,5,3
4470675,"September 06, 2022 10:00:00 PM",2022,September,6,Tuesday,22,53,Collins St (North),192,36660,9,2
1314761,"November 14, 2015 02:00:00 PM",2015,November,14,Saturday,14,31,Lygon St (West),438,19296,11,6
3503835,"January 14, 2021 01:00:00 AM",2021,January,14,Thursday,1,52,Elizabeth St-Lonsdale St (South),12,7823,1,4
1566734,"July 23, 2016 04:00:00 PM",2016,July,23,Saturday,16,27,QV Market-Peel St,166,11985,7,6
1956658,"September 10, 2017 07:00:00 PM",2017,September,10,Sunday,19,39,Alfred Place,72,14784,9,7
1516792,"June 04, 2016 03:00:00 AM",2016,June,4,Saturday,3,44,Tin Alley-Swanston St (West),5,5257,6,6
420002,"February 08, 2012 08:00:00 AM",2012,February,8,Wednesday,8,2,Bourke Street Mall (South),809,123190,2,3
1342899,"December 13, 2015 01:00:00 PM",2015,December,13,Sunday,13,8,Webb Bridge,205,20727,12,7
2023272,"November 11, 2017 06:00:00 PM",2017,November,11,Saturday,18,11,Waterfront City,326,10824,11,6
3997148,"November 21, 2021 08:00:00 AM",2021,November,21,Sunday,8,14,Sandridge Bridge,156,51255,11,7
2859650,"October 11, 2019 03:00:00 AM",2019,October,11,Friday,3,47,Melbourne Central-Elizabeth St (East),81,43401,10,5
2535971,"January 22, 2019 09:00:00 PM",2019,January,22,Tuesday,21,54,Lincoln-Swanston (West),109,3732,1,2
627708,"June 05, 2013 05:00:00 PM",2013,June,5,Wednesday,17,10,Victoria Point,398,21016,6,3
4516807,"September 30, 2022 10:00:00 AM",2022,September,30,Friday,10,87,Errol St (West),170,1143,9,5
243650,"December 04, 2010 09:00:00 AM",2010,December,4,Saturday,9,3,Melbourne Central,464,102631,12,6
2272862,"June 19, 2018 07:00:00 AM",2018,June,19,Tuesday,7,15,State Library,275,95844,6,2
2494425,"December 19, 2018 12:00:00 AM",2018,December,19,Wednesday,0,40,Lonsdale St-Spring St (West),28,16821,12,3
3277979,"August 13, 2020 09:00:00 PM",2020,August,13,Thursday,21,55,Elizabeth St-La Trobe St (East),84,13085,8,4
2287067,"July 01, 2018 02:00:00 PM",2018,July,1,Sunday,14,33,Flinders St-Spring St (West),120,7030,7,7
2417207,"October 16, 2018 02:00:00 AM",2018,October,16,Tuesday,2,48,QVM-Queen St (East),10,8664,10,2
1946249,"August 31, 2017 03:00:00 AM",2017,August,31,Thursday,3,46,Pelham St (South),0,1722,8,4
379311,"November 03, 2011 01:00:00 PM",2011,November,3,Thursday,13,11,Waterfront City,157,10824,11,4
185806,"July 15, 2010 10:00:00 AM",2010,July,15,Thursday,10,10,Victoria Point,270,21016,7,4
892776,"July 14, 2014 03:00:00 AM",2014,July,14,Monday,3,28,The Arts Centre,63,63067,7,1
4290558,"May 02, 2022 01:00:00 AM",2022,May,2,Monday,1,20,Chinatown-Lt Bourke St (South),17,26134,5,1
3483381,"January 01, 2021 06:00:00 AM",2021,January,1,Friday,6,41,Flinders La-Swanston St (West),264,68374,1,5
2075586,"December 28, 2017 05:00:00 AM",2017,December,28,Thursday,5,19,Chinatown-Swanston St (North),13,29316,12,4
3621669,"March 31, 2021 03:00:00 AM",2021,March,31,Wednesday,3,29,St Kilda Rd-Alexandra Gardens,2,30690,3,3
4025979,"December 16, 2021 12:00:00 AM",2021,December,16,Thursday,0,25,Melbourne Convention Exhibition Centre,117,56737,12,4
2663181,"May 08, 2019 06:00:00 PM",2019,May,8,Wednesday,18,5,Princes Bridge,2380,118831,5,3
1896341,"July 11, 2017 05:00:00 AM",2017,July,11,Tuesday,5,23,Spencer St-Collins St (South),34,20438,7,2
1751412,"February 02, 2017 05:00:00 PM",2017,February,2,Thursday,17,19,Chinatown-Swanston St (North),1132,29316,2,4
1726300,"January 05, 2017 09:00:00 PM",2017,January,5,Thursday,21,33,Flinders St-Spring St (West),77,7030,1,4
1504460,"May 23, 2016 05:00:00 AM",2016,May,23,Monday,5,8,Webb Bridge,26,20727,5,1
1674756,"November 12, 2016 02:00:00 AM",2016,November,12,Saturday,2,12,New Quay,15,21888,11,6
3952374,"October 25, 2021 06:00:00 PM",2021,October,25,Monday,18,36,Queen St (West),99,17094,10,1
169146,"June 06, 2010 08:00:00 PM",2010,June,6,Sunday,20,18,Collins Place (North),67,43097,6,7
340154,"July 30, 2011 12:00:00 PM",2011,July,30,Saturday,12,15,State Library,1126,95844,7,6
3040402,"February 24, 2020 04:00:00 AM",2020,February,24,Monday,4,5,Princes Bridge,72,118831,2,1
533680,"October 29, 2012 08:00:00 AM",2012,October,29,Monday,8,15,State Library,741,95844,10,1
181152,"July 04, 2010 03:00:00 PM",2010,July,4,Sunday,15,18,Collins Place (North),131,43097,7,7
2448560,"November 11, 2018 02:00:00 AM",2018,November,11,Sunday,2,5,Princes Bridge,174,118831,11,7
3340600,"September 26, 2020 09:00:00 AM",2020,September,26,Saturday,9,52,Elizabeth St-Lonsdale St (South),27,7823,9,6
118137,"February 08, 2010 05:00:00 PM",2010,February,8,Monday,17,15,State Library,1450,95844,2,1
3549010,"February 11, 2021 08:00:00 PM",2021,February,11,Thursday,20,68,Flinders Ln -Degraves St (North),23,1507,2,4
2534295,"January 21, 2019 11:00:00 AM",2019,January,21,Monday,11,43,Monash Rd-Swanston St (West),225,10897,1,1
4337520,"June 18, 2022 07:00:00 PM",2022,June,18,Saturday,19,6,Flinders Street Station Underpass,1385,159391,6,6
2229027,"May 12, 2018 12:00:00 AM",2018,May,12,Saturday,0,29,St Kilda Rd-Alexandra Gardens,47,30690,5,6
4301511,"May 24, 2022 10:00:00 AM",2022,May,24,Tuesday,10,29,St Kilda Rd-Alexandra Gardens,194,30690,5,2
851639,"May 22, 2014 02:00:00 PM",2014,May,22,Thursday,14,9,Southern Cross Station,581,61139,5,4
3677844,"May 06, 2021 10:00:00 PM",2021,May,6,Thursday,22,39,Alfred Place,25,14784,5,4
1250890,"September 08, 2015 04:00:00 AM",2015,September,8,Tuesday,4,12,New Quay,1,21888,9,2
335283,"July 18, 2011 02:00:00 PM",2011,July,18,Monday,14,6,Flinders Street Station Underpass,1522,159391,7,1
2877959,"October 25, 2019 06:00:00 AM",2019,October,25,Friday,6,50,Faraday St-Lygon St (West),21,10094,10,5
3939349,"October 17, 2021 09:00:00 PM",2021,October,17,Sunday,21,30,Lonsdale St (South),34,35433,10,7
32870,"July 22, 2009 07:00:00 PM",2009,July,22,Wednesday,19,3,Melbourne Central,1466,102631,7,3
4299070,"May 15, 2022 05:00:00 PM",2022,May,15,Sunday,17,37,Lygon St (East),0,9906,5,7
3409777,"November 13, 2020 05:00:00 PM",2020,November,13,Friday,17,39,Alfred Place,54,14784,11,5
3668469,"April 29, 2021 09:00:00 AM",2021,April,29,Thursday,9,65,Swanston St - City Square,332,7491,4,4
1847700,"May 18, 2017 02:00:00 PM",2017,May,18,Thursday,14,42,Grattan St-Swanston St (West),762,13800,5,4
2552254,"February 05, 2019 10:00:00 PM",2019,February,5,Tuesday,22,9,Southern Cross Station,117,61139,2,2
909704,"August 06, 2014 04:00:00 AM",2014,August,6,Wednesday,4,17,Collins Place (South),10,65975,8,3
845898,"May 14, 2014 10:00:00 PM",2014,May,14,Wednesday,22,8,Webb Bridge,29,20727,5,3
4280382,"May 12, 2022 01:00:00 AM",2022,May,12,Thursday,1,2,Bourke Street Mall (South),16,123190,5,4
3556104,"February 16, 2021 03:00:00 PM",2021,February,16,Tuesday,15,43,Monash Rd-Swanston St (West),24,10897,2,2
3994005,"November 19, 2021 11:00:00 AM",2021,November,19,Friday,11,6,Flinders Street Station Underpass,904,159391,11,5
3920525,"October 06, 2021 04:00:00 PM",2021,October,6,Wednesday,16,29,St Kilda Rd-Alexandra Gardens,155,30690,10,3
2193486,"April 10, 2018 09:00:00 PM",2018,April,10,Tuesday,21,35,Southbank,1648,80829,4,2
285933,"March 19, 2011 03:00:00 PM",2011,March,19,Saturday,15,7,Birrarung Marr,421,35973,3,6
1802808,"March 30, 2017 08:00:00 PM",2017,March,30,Thursday,20,12,New Quay,183,21888,3,4
33961,"July 25, 2009 11:00:00 AM",2009,July,25,Saturday,11,6,Flinders Street Station Underpass,1186,159391,7,6
3853958,"August 28, 2021 04:00:00 AM",2021,August,28,Saturday,4,75,Spring St- Flinders St (West),1,281,8,6
2397838,"September 30, 2018 08:00:00 AM",2018,September,30,Sunday,8,52,Elizabeth St-Lonsdale St (South),110,7823,9,7
3120529,"April 22, 2020 10:00:00 AM",2020,April,22,Wednesday,10,31,Lygon St (West),94,19296,4,3
1637939,"October 04, 2016 12:00:00 AM",2016,October,4,Tuesday,0,43,Monash Rd-Swanston St (West),22,10897,10,2
2116855,"February 03, 2018 04:00:00 AM",2018,February,3,Saturday,4,33,Flinders St-Spring St (West),25,7030,2,6
1606749,"September 02, 2016 10:00:00 PM",2016,September,2,Friday,22,19,Chinatown-Swanston St (North),1024,29316,9,5
1881284,"June 24, 2017 06:00:00 PM",2017,June,24,Saturday,18,5,Princes Bridge,2241,118831,6,6
231703,"November 03, 2010 03:00:00 PM",2010,November,3,Wednesday,15,17,Collins Place (South),697,65975,11,3
2071072,"December 24, 2017 07:00:00 AM",2017,December,24,Sunday,7,17,Collins Place (South),36,65975,12,7
3789827,"July 20, 2021 12:00:00 PM",2021,July,20,Tuesday,12,15,State Library,200,95844,7,2
1625371,"September 21, 2016 09:00:00 AM",2016,September,21,Wednesday,9,38,Flinders St-Swanston St (West),2613,44579,9,3
619739,"May 18, 2013 12:00:00 AM",2013,May,18,Saturday,0,10,Victoria Point,38,21016,5,6
233753,"November 08, 2010 04:00:00 PM",2010,November,8,Monday,16,10,Victoria Point,532,21016,11,1
737603,"December 21, 2013 06:00:00 AM",2013,December,21,Saturday,6,19,Chinatown-Swanston St (North),23,29316,12,6
1159499,"June 04, 2015 08:00:00 AM",2015,June,4,Thursday,8,11,Waterfront City,118,10824,6,4
2769958,"August 01, 2019 11:00:00 AM",2019,August,1,Thursday,11,27,QV Market-Peel St,201,11985,8,4
1219438,"August 05, 2015 08:00:00 PM",2015,August,5,Wednesday,20,32,City Square,893,24004,8,3
1299204,"October 29, 2015 12:00:00 AM",2015,October,29,Thursday,0,26,QV Market-Elizabeth St (West),142,46675,10,4
2760561,"July 25, 2019 07:00:00 AM",2019,July,25,Thursday,7,27,QV Market-Peel St,81,11985,7,4
122145,"February 18, 2010 12:00:00 AM",2010,February,18,Thursday,0,9,Southern Cross Station,7,61139,2,4
3222882,"July 04, 2020 05:00:00 AM",2020,July,4,Saturday,5,6,Flinders Street Station Underpass,28,159391,7,6
2745265,"July 13, 2019 08:00:00 AM",2019,July,13,Saturday,8,21,Bourke St-Russell St (West),127,44224,7,6
4326361,"June 15, 2022 08:00:00 PM",2022,June,15,Wednesday,20,59,Swanston St - RMIT Building 80,415,8774,6,3
1976612,"September 29, 2017 07:00:00 PM",2017,September,29,Friday,19,31,Lygon St (West),766,19296,9,5
200784,"August 19, 2010 09:00:00 PM",2010,August,19,Thursday,21,3,Melbourne Central,973,102631,8,4
982724,"November 07, 2014 11:00:00 PM",2014,November,7,Friday,23,18,Collins Place (North),86,43097,11,5
926423,"August 27, 2014 11:00:00 PM",2014,August,27,Wednesday,23,11,Waterfront City,7,10824,8,3
2011058,"October 31, 2017 04:00:00 PM",2017,October,31,Tuesday,16,29,St Kilda Rd-Alexandra Gardens,796,30690,10,2
3377282,"October 22, 2020 05:00:00 AM",2020,October,22,Thursday,5,24,Spencer St-Collins St (North),104,98980,10,4
148379,"April 19, 2010 05:00:00 PM",2010,April,19,Monday,17,17,Collins Place (South),1402,65975,4,1
723084,"November 30, 2013 07:00:00 AM",2013,November,30,Saturday,7,3,Melbourne Central,235,102631,11,6
977104,"October 31, 2014 07:00:00 PM",2014,October,31,Friday,19,15,State Library,1569,95844,10,5
3440002,"December 04, 2020 06:00:00 AM",2020,December,4,Friday,6,63,231 Bourke St,35,6707,12,5
3858907,"August 31, 2021 03:00:00 AM",2021,August,31,Tuesday,3,50,Faraday St-Lygon St (West),4,10094,8,2
919628,"August 19, 2014 06:00:00 AM",2014,August,19,Tuesday,6,24,Spencer St-Collins St (North),957,98980,8,2
2656468,"May 03, 2019 08:00:00 AM",2019,May,3,Friday,8,60,Flinders La - Swanston St (West) Temp,2044,2044,5,5
462335,"May 16, 2012 07:00:00 AM",2012,May,16,Wednesday,7,17,Collins Place (South),731,65975,5,3
3339998,"September 26, 2020 12:00:00 AM",2020,September,26,Saturday,0,53,Collins St (North),1,36660,9,6
3529609,"January 30, 2021 08:00:00 AM",2021,January,30,Saturday,8,70,Errol Street (East),49,1197,1,6
247814,"December 15, 2010 03:00:00 AM",2010,December,15,Wednesday,3,12,New Quay,0,21888,12,3
3382185,"October 25, 2020 01:00:00 PM",2020,October,25,Sunday,13,19,Chinatown-Swanston St (North),304,29316,10,7
1896265,"July 11, 2017 03:00:00 AM",2017,July,11,Tuesday,3,29,St Kilda Rd-Alexandra Gardens,3,30690,7,2
1815674,"April 13, 2017 03:00:00 PM",2017,April,13,Thursday,15,12,New Quay,330,21888,4,4
924505,"August 25, 2014 01:00:00 PM",2014,August,25,Monday,13,6,Flinders Street Station Underpass,1410,159391,8,1
2332719,"August 08, 2018 11:00:00 AM",2018,August,8,Wednesday,11,34,Flinders St-Spark La,217,9063,8,3
3842989,"August 21, 2021 01:00:00 PM",2021,August,21,Saturday,13,4,Town Hall (West),808,167769,8,6
3821709,"August 08, 2021 06:00:00 PM",2021,August,8,Sunday,18,54,Lincoln-Swanston(West),54,2647,8,7
2021185,"November 09, 2017 08:00:00 PM",2017,November,9,Thursday,20,41,Flinders La-Swanston St (West),2201,68374,11,4
1118290,"April 20, 2015 08:00:00 PM",2015,April,20,Monday,20,11,Waterfront City,40,10824,4,1
838343,"May 04, 2014 10:00:00 AM",2014,May,4,Sunday,10,13,Flagstaff Station,84,56644,5,7
102668,"January 03, 2010 10:00:00 PM",2010,January,3,Sunday,22,8,Webb Bridge,25,20727,1,7
1369581,"January 10, 2016 02:00:00 AM",2016,January,10,Sunday,2,20,Chinatown-Lt Bourke St (South),182,26134,1,7
1286360,"October 15, 2015 06:00:00 AM",2015,October,15,Thursday,6,28,The Arts Centre,366,63067,10,4
2165329,"March 17, 2018 11:00:00 AM",2018,March,17,Saturday,11,42,Grattan St-Swanston St (West),475,13800,3,6
1784712,"March 11, 2017 12:00:00 AM",2017,March,11,Saturday,0,30,Lonsdale St (South),725,35433,3,6
3763217,"July 04, 2021 01:00:00 PM",2021,July,4,Sunday,13,5,Princes Bridge,2609,118831,7,7
3601431,"March 18, 2021 06:00:00 AM",2021,March,18,Thursday,6,61,Swanston St - RMIT Building 14,59,6523,3,4
1968150,"September 21, 2017 10:00:00 PM",2017,September,21,Thursday,22,30,Lonsdale St (South),564,35433,9,4
3695447,"May 21, 2021 09:00:00 PM",2021,May,21,Friday,21,47,Melbourne Central-Elizabeth St (East),880,43401,5,5
1142439,"May 17, 2015 06:00:00 AM",2015,May,17,Sunday,6,42,Grattan St-Swanston St (West),14,13800,5,7
4319530,"May 10, 2022 05:00:00 AM",2022,May,10,Tuesday,5,72,Flinders St - ACMI,50,964,5,2
3757006,"June 30, 2021 08:00:00 PM",2021,June,30,Wednesday,20,34,Flinders St-Spark La,68,9063,6,3
2476486,"December 04, 2018 07:00:00 AM",2018,December,4,Tuesday,7,58,Bourke St - Spencer St (North),1248,9540,12,2
1341714,"December 12, 2015 08:00:00 AM",2015,December,12,Saturday,8,12,New Quay,83,21888,12,6
1642784,"October 09, 2016 03:00:00 AM",2016,October,9,Sunday,3,17,Collins Place (South),26,65975,10,7
3374891,"October 20, 2020 02:00:00 PM",2020,October,20,Tuesday,14,30,Lonsdale St (South),156,35433,10,2
126128,"February 27, 2010 05:00:00 AM",2010,February,27,Saturday,5,14,Sandridge Bridge,60,51255,2,6
1645037,"October 11, 2016 01:00:00 PM",2016,October,11,Tuesday,13,7,Birrarung Marr,676,35973,10,2
1698900,"December 08, 2016 12:00:00 AM",2016,December,8,Thursday,0,18,Collins Place (North),19,43097,12,4
614830,"May 06, 2013 03:00:00 PM",2013,May,6,Monday,15,15,State Library,1782,95844,5,1
2831756,"September 18, 2019 01:00:00 PM",2019,September,18,Wednesday,13,27,QV Market-Peel St,251,11985,9,3
245815,"December 10, 2010 12:00:00 AM",2010,December,10,Friday,0,9,Southern Cross Station,14,61139,12,5
2518760,"January 08, 2019 11:00:00 AM",2019,January,8,Tuesday,11,2,Bourke Street Mall (South),1712,123190,1,2
295729,"April 12, 2011 03:00:00 PM",2011,April,12,Tuesday,15,11,Waterfront City,112,10824,4,2
4481004,"September 17, 2022 07:00:00 AM",2022,September,17,Saturday,7,6,Flinders Street Station Underpass,235,159391,9,6
595381,"March 22, 2013 03:00:00 PM",2013,March,22,Friday,15,6,Flinders Street Station Underpass,1431,159391,3,5
1913699,"July 28, 2017 08:00:00 PM",2017,July,28,Friday,20,40,Lonsdale St-Spring St (West),297,16821,7,5
3922786,"October 08, 2021 12:00:00 AM",2021,October,8,Friday,0,62,La Trobe St (North),5,2084,10,5
47639,"August 27, 2009 11:00:00 PM",2009,August,27,Thursday,23,17,Collins Place (South),50,65975,8,4
2063380,"December 17, 2017 03:00:00 PM",2017,December,17,Sunday,15,3,Melbourne Central,2182,102631,12,7
42081,"August 14, 2009 08:00:00 AM",2009,August,14,Friday,8,18,Collins Place (North),1912,43097,8,5
1166935,"June 11, 2015 09:00:00 PM",2015,June,11,Thursday,21,27,QV Market-Peel St,97,11985,6,4
560541,"December 31, 2012 02:00:00 AM",2012,December,31,Monday,2,10,Victoria Point,1,21016,12,1
2894318,"November 06, 2019 09:00:00 PM",2019,November,6,Wednesday,21,47,Melbourne Central-Elizabeth St (East),686,43401,11,3
4199648,"March 05, 2022 06:00:00 AM",2022,March,5,Saturday,6,14,Sandridge Bridge,46,51255,3,6
237023,"November 17, 2010 02:00:00 AM",2010,November,17,Wednesday,2,17,Collins Place (South),7,65975,11,3
4486185,"September 29, 2022 02:00:00 AM",2022,September,29,Thursday,2,28,The Arts Centre,16,63067,9,4
1506192,"May 24, 2016 09:00:00 PM",2016,May,24,Tuesday,21,21,Bourke St-Russell St (West),617,44224,5,2
2614929,"March 30, 2019 08:00:00 AM",2019,March,30,Saturday,8,14,Sandridge Bridge,164,51255,3,6
1390295,"January 30, 2016 04:00:00 PM",2016,January,30,Saturday,16,9,Southern Cross Station,159,61139,1,6
2195128,"April 12, 2018 07:00:00 AM",2018,April,12,Thursday,7,18,Collins Place (North),733,43097,4,4
1113436,"April 15, 2015 03:00:00 PM",2015,April,15,Wednesday,15,34,Flinders St-Spark La,217,9063,4,3
2909045,"November 18, 2019 04:00:00 AM",2019,November,18,Monday,4,29,St Kilda Rd-Alexandra Gardens,6,30690,11,1
772036,"February 04, 2014 11:00:00 AM",2014,February,4,Tuesday,11,14,Sandridge Bridge,331,51255,2,2
207470,"September 05, 2010 12:00:00 AM",2010,September,5,Sunday,0,9,Southern Cross Station,6,61139,9,7
864852,"June 08, 2014 12:00:00 PM",2014,June,8,Sunday,12,2,Bourke Street Mall (South),2948,123190,6,7
4393217,"July 17, 2022 12:00:00 PM",2022,July,17,Sunday,12,40,Lonsdale St-Spring St (West),467,16821,7,7
2633280,"April 14, 2019 03:00:00 PM",2019,April,14,Sunday,15,15,State Library,2018,95844,4,7
1865493,"June 07, 2017 04:00:00 AM",2017,June,7,Wednesday,4,19,Chinatown-Swanston St (North),19,29316,6,3
2313314,"July 23, 2018 01:00:00 PM",2018,July,23,Monday,13,26,QV Market-Elizabeth St (West),966,46675,7,1
753248,"January 10, 2014 10:00:00 PM",2014,January,10,Friday,22,2,Bourke Street Mall (South),444,123190,1,5
95096,"December 17, 2009 09:00:00 AM",2009,December,17,Thursday,9,14,Sandridge Bridge,334,51255,12,4
2012285,"November 01, 2017 07:00:00 PM",2017,November,1,Wednesday,19,20,Chinatown-Lt Bourke St (South),654,26134,11,3
1344724,"December 15, 2015 09:00:00 AM",2015,December,15,Tuesday,9,31,Lygon St (West),167,19296,12,2
978126,"November 02, 2014 03:00:00 AM",2014,November,2,Sunday,3,19,Chinatown-Swanston St (North),81,29316,11,7
3430491,"November 27, 2020 08:00:00 PM",2020,November,27,Friday,20,19,Chinatown-Swanston St (North),1092,29316,11,5
2171863,"March 23, 2018 05:00:00 AM",2018,March,23,Friday,5,11,Waterfront City,14,10824,3,5
1386024,"January 26, 2016 10:00:00 AM",2016,January,26,Tuesday,10,23,Spencer St-Collins St (South),234,20438,1,2
2918310,"November 25, 2019 06:00:00 AM",2019,November,25,Monday,6,31,Lygon St (West),43,19296,11,1
2395658,"September 28, 2018 02:00:00 PM",2018,September,28,Friday,14,47,Melbourne Central-Elizabeth St (East),1854,43401,9,5
1544396,"July 01, 2016 11:00:00 AM",2016,July,1,Friday,11,1,Bourke Street Mall (North),2444,96649,7,5
467841,"May 29, 2012 01:00:00 AM",2012,May,29,Tuesday,1,15,State Library,47,95844,5,2
2446132,"November 09, 2018 01:00:00 AM",2018,November,9,Friday,1,29,St Kilda Rd-Alexandra Gardens,23,30690,11,5
1407298,"February 16, 2016 01:00:00 PM",2016,February,16,Tuesday,13,2,Bourke Street Mall (South),3075,123190,2,2
3739206,"June 20, 2021 04:00:00 AM",2021,June,20,Sunday,4,64,Royal Pde-Grattan St,2,1249,6,7
1018887,"December 25, 2014 03:00:00 AM",2014,December,25,Thursday,3,34,Flinders St-Spark La,0,9063,12,4
