ID,Date_Time,Year,Month,Mdate,Day,Time,Sensor_ID,Sensor_Name,Hourly_Counts,total_count,Month_num,Day_num
2703079,"June 09, 2019 08:00:00 PM",2019,June,9,Sunday,20,37,Lygon St (East),380,5038,6,7
1563217,"July 20, 2016 04:00:00 AM",2016,July,20,Wednesday,4,38,Flinders St-Swanston St (West),97,25944,7,3
2230462,"May 13, 2018 07:00:00 AM",2018,May,13,Sunday,7,4,Town Hall (West),162,66031,5,7
4091816,"January 16, 2022 07:00:00 AM",2022,January,16,Sunday,7,23,Spencer St-Collins St (South),24,7263,1,7
3539411,"February 05, 2021 12:00:00 PM",2021,February,5,Friday,12,7,Birrarung Marr,91,19635,2,5
610723,"April 27, 2013 03:00:00 AM",2013,April,27,Saturday,3,12,New Quay,3,9339,4,6
4160730,"February 12, 2022 05:00:00 PM",2022,February,12,Saturday,17,44,Tin Alley-Swanston St (West),33,2369,2,6
3598041,"March 16, 2021 03:00:00 AM",2021,March,16,Tuesday,3,17,Collins Place (South),4,20168,3,2
3718461,"June 07, 2021 05:00:00 PM",2021,June,7,Monday,17,69,Flinders Ln -Degraves St (Crossing),30,318,6,1
4471347,"September 04, 2022 10:00:00 PM",2022,September,4,Sunday,22,2,Bourke Street Mall (South),107,51884,9,7
3268447,"August 06, 2020 04:00:00 PM",2020,August,6,Thursday,16,39,Alfred Place,20,5676,8,4
151323,"April 26, 2010 01:00:00 PM",2010,April,26,Monday,13,9,Southern Cross Station,104,19152,4,1
2720281,"June 23, 2019 01:00:00 PM",2019,June,23,Sunday,13,22,Flinders St-Elizabeth St (East),2250,44664,6,7
3072405,"March 18, 2020 09:00:00 AM",2020,March,18,Wednesday,9,29,St Kilda Rd-Alexandra Gardens,124,11995,3,3
2628404,"April 10, 2019 01:00:00 PM",2019,April,10,Wednesday,13,44,Tin Alley-Swanston St (West),297,2369,4,3
4484996,"September 09, 2022 01:00:00 PM",2022,September,9,Friday,13,14,Sandridge Bridge,620,22489,9,5
3634238,"April 08, 2021 12:00:00 AM",2021,April,8,Thursday,0,65,Swanston St - City Square,42,2073,4,4
1536131,"June 23, 2016 05:00:00 AM",2016,June,23,Thursday,5,36,Queen St (West),13,5556,6,4
1208231,"July 24, 2015 09:00:00 PM",2015,July,24,Friday,21,39,Alfred Place,97,5676,7,5
490149,"July 19, 2012 05:00:00 PM",2012,July,19,Thursday,17,3,Melbourne Central,2781,36815,7,4
4226,"May 12, 2009 05:00:00 PM",2009,May,12,Tuesday,17,14,Sandridge Bridge,971,22489,5,2
3211337,"June 25, 2020 09:00:00 PM",2020,June,25,Thursday,21,41,Flinders La-Swanston St (West),388,18345,6,4
2748971,"July 16, 2019 06:00:00 AM",2019,July,16,Tuesday,6,17,Collins Place (South),245,20168,7,2
3642624,"April 13, 2021 06:00:00 AM",2021,April,13,Tuesday,6,5,Princes Bridge,286,52415,4,2
786064,"February 22, 2014 08:00:00 PM",2014,February,22,Saturday,20,18,Collins Place (North),428,19958,2,6
3739206,"June 20, 2021 04:00:00 AM",2021,June,20,Sunday,4,64,Royal Pde-Grattan St,2,271,6,7
2795807,"August 21, 2019 10:00:00 AM",2019,August,21,Wednesday,10,49,QVM-Therry St (South),160,3064,8,3
4193233,"March 16, 2022 11:00:00 PM",2022,March,16,Wednesday,23,11,Waterfront City,60,3858,3,3
3961086,"October 30, 2021 11:00:00 PM",2021,October,30,Saturday,23,4,Town Hall (West),578,66031,10,6
2103191,"January 22, 2018 01:00:00 AM",2018,January,22,Monday,1,27,QV Market-Peel St,5,4195,1,1
3062121,"March 11, 2020 01:00:00 AM",2020,March,11,Wednesday,1,14,Sandridge Bridge,22,22489,3,3
4041189,"December 05, 2021 06:00:00 PM",2021,December,5,Sunday,18,42,Grattan St-Swanston St (West),54,4073,12,7
2461935,"November 22, 2018 04:00:00 AM",2018,November,22,Thursday,4,53,Collins St (North),6,10269,11,4
1389460,"January 29, 2016 08:00:00 PM",2016,January,29,Friday,20,14,Sandridge Bridge,377,22489,1,5
4071898,"May 23, 2021 08:00:00 AM",2021,May,23,Sunday,8,9,Southern Cross Station,45,19152,5,7
17575,"June 15, 2009 07:00:00 AM",2009,June,15,Monday,7,9,Southern Cross Station,496,19152,6,1
3873634,"September 08, 2021 10:00:00 PM",2021,September,8,Wednesday,22,18,Collins Place (North),13,19958,9,3
4382494,"July 20, 2022 03:00:00 PM",2022,July,20,Wednesday,15,8,Webb Bridge,275,10114,7,3
1404504,"February 13, 2016 06:00:00 PM",2016,February,13,Saturday,18,23,Spencer St-Collins St (South),325,7263,2,6
3463076,"December 19, 2020 05:00:00 AM",2020,December,19,Saturday,5,50,Faraday St-Lygon St (West),7,4434,12,6
2675778,"May 19, 2019 01:00:00 AM",2019,May,19,Sunday,1,1,Bourke Street Mall (North),142,39294,5,7
2494810,"December 19, 2018 08:00:00 AM",2018,December,19,Wednesday,8,12,New Quay,355,9339,12,3
2186330,"April 04, 2018 07:00:00 PM",2018,April,4,Wednesday,19,33,Flinders St-Spring St (West),161,3961,4,3
82919,"November 19, 2009 05:00:00 AM",2009,November,19,Thursday,5,5,Princes Bridge,116,52415,11,4
4198071,"March 01, 2022 01:00:00 PM",2022,March,1,Tuesday,13,5,Princes Bridge,962,52415,3,2
3363238,"October 12, 2020 09:00:00 AM",2020,October,12,Monday,9,25,Melbourne Convention Exhibition Centre,265,21974,10,1
832974,"April 27, 2014 01:00:00 AM",2014,April,27,Sunday,1,2,Bourke Street Mall (South),151,51884,4,7
4175065,"February 01, 2022 12:00:00 AM",2022,February,1,Tuesday,0,73,Bourke St - Spencer St (South),10,225,2,2
3324013,"September 15, 2020 06:00:00 AM",2020,September,15,Tuesday,6,5,Princes Bridge,118,52415,9,2
235291,"November 12, 2010 02:00:00 PM",2010,November,12,Friday,14,13,Flagstaff Station,847,16612,11,5
1720694,"December 30, 2016 07:00:00 PM",2016,December,30,Friday,19,29,St Kilda Rd-Alexandra Gardens,729,11995,12,5
3119504,"April 21, 2020 04:00:00 PM",2020,April,21,Tuesday,16,50,Faraday St-Lygon St (West),113,4434,4,2
2779762,"August 08, 2019 10:00:00 PM",2019,August,8,Thursday,22,34,Flinders St-Spark La,32,3015,8,4
2790667,"August 17, 2019 11:00:00 AM",2019,August,17,Saturday,11,36,Queen St (West),242,5556,8,6
1894911,"July 09, 2017 05:00:00 PM",2017,July,9,Sunday,17,33,Flinders St-Spring St (West),167,3961,7,7
178961,"June 29, 2010 02:00:00 PM",2010,June,29,Tuesday,14,5,Princes Bridge,1195,52415,6,2
929325,"August 31, 2014 03:00:00 PM",2014,August,31,Sunday,15,9,Southern Cross Station,123,19152,8,7
4493142,"September 18, 2022 11:00:00 PM",2022,September,18,Sunday,23,47,Melbourne Central-Elizabeth St (East),233,25243,9,7
1030197,"January 08, 2015 08:00:00 PM",2015,January,8,Thursday,20,24,Spencer St-Collins St (North),430,28852,1,4
4078783,"May 31, 2021 05:00:00 AM",2021,May,31,Monday,5,19,Chinatown-Swanston St (North),0,9047,5,1
116024,"February 03, 2010 08:00:00 PM",2010,February,3,Wednesday,20,8,Webb Bridge,68,10114,2,3
2145481,"February 28, 2018 01:00:00 AM",2018,February,28,Wednesday,1,51,QVM-Franklin St (North),14,2358,2,3
4400715,"July 19, 2022 10:00:00 PM",2022,July,19,Tuesday,22,41,Flinders La-Swanston St (West),2076,18345,7,2
2205719,"April 21, 2018 01:00:00 PM",2018,April,21,Saturday,13,42,Grattan St-Swanston St (West),321,4073,4,6
3428981,"November 26, 2020 07:00:00 PM",2020,November,26,Thursday,19,29,St Kilda Rd-Alexandra Gardens,196,11995,11,4
404593,"January 03, 2012 04:00:00 PM",2012,January,3,Tuesday,16,1,Bourke Street Mall (North),2250,39294,1,2
932950,"September 05, 2014 05:00:00 AM",2014,September,5,Friday,5,3,Melbourne Central,96,36815,9,5
1982483,"October 05, 2017 08:00:00 AM",2017,October,5,Thursday,8,40,Lonsdale St-Spring St (West),648,6131,10,4
404829,"January 04, 2012 05:00:00 AM",2012,January,4,Wednesday,5,3,Melbourne Central,40,36815,1,3
590905,"March 12, 2013 06:00:00 AM",2013,March,12,Tuesday,6,12,New Quay,39,9339,3,2
1946249,"August 31, 2017 03:00:00 AM",2017,August,31,Thursday,3,46,Pelham St (South),0,950,8,4
1619856,"September 15, 2016 10:00:00 PM",2016,September,15,Thursday,22,25,Melbourne Convention Exhibition Centre,222,21974,9,4
2778279,"August 07, 2019 07:00:00 PM",2019,August,7,Wednesday,19,1,Bourke Street Mall (North),1616,39294,8,3
653892,"August 09, 2013 09:00:00 AM",2013,August,9,Friday,9,11,Waterfront City,18,3858,8,5
1367899,"January 08, 2016 10:00:00 AM",2016,January,8,Friday,10,18,Collins Place (North),322,19958,1,5
2873754,"October 22, 2019 12:00:00 AM",2019,October,22,Tuesday,0,58,Bourke St - Spencer St (North),99,3666,10,2
232723,"November 06, 2010 03:00:00 AM",2010,November,6,Saturday,3,17,Collins Place (South),28,20168,11,6
1835513,"May 05, 2017 06:00:00 AM",2017,May,5,Friday,6,9,Southern Cross Station,542,19152,5,5
3786470,"July 18, 2021 11:00:00 AM",2021,July,18,Sunday,11,76,Macaulay Rd-Bellair St,148,221,7,7
4193888,"March 13, 2022 06:00:00 AM",2022,March,13,Sunday,6,8,Webb Bridge,21,10114,3,7
3868964,"September 06, 2021 03:00:00 AM",2021,September,6,Monday,3,20,Chinatown-Lt Bourke St (South),1,9613,9,1
1739776,"January 20, 2017 10:00:00 PM",2017,January,20,Friday,22,28,The Arts Centre,1188,18152,1,5
3829051,"August 13, 2021 04:00:00 AM",2021,August,13,Friday,4,19,Chinatown-Swanston St (North),0,9047,8,5
4414730,"July 16, 2022 08:00:00 PM",2022,July,16,Saturday,20,76,Macaulay Rd - Bellair St,18,268,7,6
4009001,"November 28, 2021 01:00:00 PM",2021,November,28,Sunday,13,49,QVM-Therry St (South),394,3064,11,7
2820454,"September 09, 2019 05:00:00 PM",2019,September,9,Monday,17,27,QV Market-Peel St,202,4195,9,1
3706020,"May 30, 2021 09:00:00 PM",2021,May,30,Sunday,21,37,Lygon St (East),20,5038,5,7
3954240,"October 26, 2021 09:00:00 PM",2021,October,26,Tuesday,21,5,Princes Bridge,253,52415,10,2
592918,"March 16, 2013 10:00:00 PM",2013,March,16,Saturday,22,9,Southern Cross Station,47,19152,3,6
2217545,"May 02, 2018 12:00:00 AM",2018,May,2,Wednesday,0,41,Flinders La-Swanston St (West),255,18345,5,3
1917789,"August 02, 2017 05:00:00 AM",2017,August,2,Wednesday,5,25,Melbourne Convention Exhibition Centre,15,21974,8,3
1180611,"June 25, 2015 07:00:00 PM",2015,June,25,Thursday,19,8,Webb Bridge,101,10114,6,4
2481558,"December 08, 2018 12:00:00 PM",2018,December,8,Saturday,12,22,Flinders St-Elizabeth St (East),2130,44664,12,6
2870225,"October 19, 2019 07:00:00 AM",2019,October,19,Saturday,7,36,Queen St (West),57,5556,10,6
663704,"September 02, 2013 11:00:00 PM",2013,September,2,Monday,23,7,Birrarung Marr,10,19635,9,1
3865405,"September 04, 2021 12:00:00 AM",2021,September,4,Saturday,0,36,Queen St (West),0,5556,9,6
1047852,"January 30, 2015 06:00:00 PM",2015,January,30,Friday,18,21,Bourke St-Russell St (West),1060,19095,1,5
898026,"July 21, 2014 02:00:00 AM",2014,July,21,Monday,2,4,Town Hall (West),31,66031,7,1
3218974,"July 01, 2020 08:00:00 AM",2020,July,1,Wednesday,8,59,Swanston St - RMIT Building 80,31,4148,7,3
1161458,"June 06, 2015 08:00:00 AM",2015,June,6,Saturday,8,2,Bourke Street Mall (South),236,51884,6,6
1835190,"May 04, 2017 09:00:00 PM",2017,May,4,Thursday,21,31,Lygon St (West),463,7422,5,4
3847359,"August 24, 2021 05:00:00 AM",2021,August,24,Tuesday,5,15,State Library,13,50017,8,2
170124,"June 09, 2010 03:00:00 AM",2010,June,9,Wednesday,3,6,Flinders Street Station Underpass,13,53444,6,3
4323036,"May 01, 2022 07:00:00 AM",2022,May,1,Sunday,7,79,Flinders St (South),129,3382,5,7
3587416,"March 09, 2021 06:00:00 AM",2021,March,9,Tuesday,6,39,Alfred Place,14,5676,3,2
3630577,"April 05, 2021 05:00:00 PM",2021,April,5,Monday,17,65,Swanston St - City Square,513,2073,4,1
3457247,"December 15, 2020 11:00:00 AM",2020,December,15,Tuesday,11,61,Swanston St - RMIT Building 14,231,2350,12,2
2899175,"November 10, 2019 03:00:00 PM",2019,November,10,Sunday,15,35,Southbank,1726,39528,11,7
3969169,"November 04, 2021 05:00:00 PM",2021,November,4,Thursday,17,5,Princes Bridge,783,52415,11,4
3648477,"April 16, 2021 11:00:00 PM",2021,April,16,Friday,23,8,Webb Bridge,67,10114,4,5
4096495,"January 25, 2022 06:00:00 AM",2022,January,25,Tuesday,6,25,Melbourne Convention Exhibition Centre,234,21974,1,2
3947193,"October 22, 2021 02:00:00 PM",2021,October,22,Friday,14,35,Southbank,991,39528,10,5
3494898,"January 08, 2021 12:00:00 PM",2021,January,8,Friday,12,15,State Library,689,50017,1,5
2094939,"January 14, 2018 02:00:00 PM",2018,January,14,Sunday,14,6,Flinders Street Station Underpass,2246,53444,1,7
705807,"November 05, 2013 09:00:00 PM",2013,November,5,Tuesday,21,11,Waterfront City,92,3858,11,2
1996484,"October 18, 2017 07:00:00 AM",2017,October,18,Wednesday,7,46,Pelham St (South),102,950,10,3
4032285,"December 02, 2021 06:00:00 PM",2021,December,2,Thursday,18,14,Sandridge Bridge,354,22489,12,4
1784712,"March 11, 2017 12:00:00 AM",2017,March,11,Saturday,0,30,Lonsdale St (South),725,11717,3,6
561035,"January 01, 2013 07:00:00 AM",2013,January,1,Tuesday,7,11,Waterfront City,23,3858,1,2
2647302,"April 26, 2019 12:00:00 AM",2019,April,26,Friday,0,44,Tin Alley-Swanston St (West),18,2369,4,5
3376889,"October 21, 2020 10:00:00 PM",2020,October,21,Wednesday,22,68,Flinders Ln -Degraves St (North),25,787,10,3
3174792,"May 30, 2020 08:00:00 PM",2020,May,30,Saturday,20,34,Flinders St-Spark La,12,3015,5,6
1594349,"August 20, 2016 08:00:00 PM",2016,August,20,Saturday,20,4,Town Hall (West),1757,66031,8,6
3960818,"October 30, 2021 07:00:00 PM",2021,October,30,Saturday,19,8,Webb Bridge,126,10114,10,6
3484331,"January 01, 2021 08:00:00 PM",2021,January,1,Friday,20,58,Bourke St - Spencer St (North),239,3666,1,5
3328467,"September 18, 2020 06:00:00 AM",2020,September,18,Friday,6,2,Bourke Street Mall (South),31,51884,9,5
1130904,"May 04, 2015 04:00:00 PM",2015,May,4,Monday,16,8,Webb Bridge,279,10114,5,1
2940628,"December 12, 2019 08:00:00 AM",2019,December,12,Thursday,8,7,Birrarung Marr,626,19635,12,4
3575343,"March 01, 2021 11:00:00 AM",2021,March,1,Monday,11,65,Swanston St - City Square,268,2073,3,1
999195,"November 29, 2014 05:00:00 AM",2014,November,29,Saturday,5,5,Princes Bridge,59,52415,11,6
1267379,"September 25, 2015 08:00:00 AM",2015,September,25,Friday,8,23,Spencer St-Collins St (South),1192,7263,9,5
2991009,"January 18, 2020 06:00:00 PM",2020,January,18,Saturday,18,36,Queen St (West),278,5556,1,6
1108876,"April 10, 2015 10:00:00 AM",2015,April,10,Friday,10,18,Collins Place (North),458,19958,4,5
3749421,"June 26, 2021 06:00:00 AM",2021,June,26,Saturday,6,58,Bourke St - Spencer St (North),59,3666,6,6
3378060,"October 22, 2020 05:00:00 PM",2020,October,22,Thursday,17,61,Swanston St - RMIT Building 14,202,2350,10,4
706139,"November 06, 2013 08:00:00 AM",2013,November,6,Wednesday,8,14,Sandridge Bridge,1099,22489,11,3
3052951,"March 04, 2020 08:00:00 AM",2020,March,4,Wednesday,8,19,Chinatown-Swanston St (North),168,9047,3,3
781489,"February 16, 2014 08:00:00 PM",2014,February,16,Sunday,20,11,Waterfront City,148,3858,2,7
1370606,"January 11, 2016 02:00:00 AM",2016,January,11,Monday,2,38,Flinders St-Swanston St (West),165,25944,1,1
1628943,"September 24, 2016 10:00:00 PM",2016,September,24,Saturday,22,40,Lonsdale St-Spring St (West),466,6131,9,6
815801,"April 04, 2014 07:00:00 AM",2014,April,4,Friday,7,18,Collins Place (North),895,19958,4,5
628029,"June 06, 2013 12:00:00 PM",2013,June,6,Thursday,12,8,Webb Bridge,661,10114,6,4
3921912,"October 07, 2021 12:00:00 PM",2021,October,7,Thursday,12,21,Bourke St-Russell St (West),255,19095,10,4
4197640,"March 14, 2022 02:00:00 PM",2022,March,14,Monday,14,21,Bourke St-Russell St (West),946,19095,3,1
2511435,"January 02, 2019 05:00:00 AM",2019,January,2,Wednesday,5,6,Flinders Street Station Underpass,102,53444,1,3
2061030,"December 15, 2017 02:00:00 PM",2017,December,15,Friday,14,5,Princes Bridge,2464,52415,12,5
1716084,"December 26, 2016 12:00:00 AM",2016,December,26,Monday,0,18,Collins Place (North),14,19958,12,1
2326954,"August 03, 2018 07:00:00 PM",2018,August,3,Friday,19,33,Flinders St-Spring St (West),409,3961,8,5
910529,"August 07, 2014 08:00:00 AM",2014,August,7,Thursday,8,21,Bourke St-Russell St (West),311,19095,8,4
1281879,"October 10, 2015 11:00:00 AM",2015,October,10,Saturday,11,32,City Square,1314,7715,10,6
597783,"March 28, 2013 04:00:00 AM",2013,March,28,Thursday,4,14,Sandridge Bridge,21,22489,3,4
4274924,"April 22, 2022 04:00:00 PM",2022,April,22,Friday,16,77,Harbour Esplanade (West) - Ped Path,349,1603,4,5
3167612,"May 25, 2020 07:00:00 PM",2020,May,25,Monday,19,50,Faraday St-Lygon St (West),61,4434,5,1
4516807,"September 30, 2022 10:00:00 AM",2022,September,30,Friday,10,87,Errol St (West),170,583,9,5
206068,"September 01, 2010 12:00:00 AM",2010,September,1,Wednesday,0,18,Collins Place (North),233,19958,9,3
3887854,"September 17, 2021 09:00:00 AM",2021,September,17,Friday,9,57,Bourke St Bridge,104,7217,9,5
230192,"October 30, 2010 11:00:00 PM",2010,October,30,Saturday,23,1,Bourke Street Mall (North),219,39294,10,6
2430610,"October 27, 2018 05:00:00 AM",2018,October,27,Saturday,5,29,St Kilda Rd-Alexandra Gardens,16,11995,10,6
2636475,"April 17, 2019 07:00:00 AM",2019,April,17,Wednesday,7,9,Southern Cross Station,2177,19152,4,3
1582880,"August 08, 2016 06:00:00 PM",2016,August,8,Monday,18,7,Birrarung Marr,460,19635,8,1
1994696,"October 16, 2017 04:00:00 PM",2017,October,16,Monday,16,8,Webb Bridge,302,10114,10,1
2885788,"October 31, 2019 07:00:00 AM",2019,October,31,Thursday,7,49,QVM-Therry St (South),72,3064,10,4
2842670,"September 27, 2019 12:00:00 PM",2019,September,27,Friday,12,57,Bourke St Bridge,261,7217,9,5
509019,"September 01, 2012 09:00:00 AM",2012,September,1,Saturday,9,9,Southern Cross Station,92,19152,9,6
2027199,"November 15, 2017 07:00:00 AM",2017,November,15,Wednesday,7,30,Lonsdale St (South),175,11717,11,3
2709830,"June 15, 2019 05:00:00 AM",2019,June,15,Saturday,5,53,Collins St (North),50,10269,6,6
3580317,"March 04, 2021 03:00:00 PM",2021,March,4,Thursday,15,59,Swanston St - RMIT Building 80,882,4148,3,4
2868972,"October 18, 2019 08:00:00 AM",2019,October,18,Friday,8,20,Chinatown-Lt Bourke St (South),241,9613,10,5
3806659,"July 30, 2021 01:00:00 PM",2021,July,30,Friday,13,78,Harbour Esplanade (West) - Bike Path,21,262,7,5
4109061,"January 28, 2022 08:00:00 PM",2022,January,28,Friday,20,29,St Kilda Rd-Alexandra Gardens,95,11995,1,5
4078605,"May 23, 2021 07:00:00 PM",2021,May,23,Sunday,19,19,Chinatown-Swanston St (North),769,9047,5,7
694146,"October 20, 2013 04:00:00 PM",2013,October,20,Sunday,16,21,Bourke St-Russell St (West),702,19095,10,7
1286360,"October 15, 2015 06:00:00 AM",2015,October,15,Thursday,6,28,The Arts Centre,366,18152,10,4
3981411,"November 11, 2021 11:00:00 PM",2021,November,11,Thursday,23,21,Bourke St-Russell St (West),222,19095,11,4
577869,"February 10, 2013 02:00:00 AM",2013,February,10,Sunday,2,8,Webb Bridge,5,10114,2,7
3922786,"October 08, 2021 12:00:00 AM",2021,October,8,Friday,0,62,La Trobe St (North),5,1047,10,5
1093502,"March 23, 2015 08:00:00 PM",2015,March,23,Monday,20,32,City Square,939,7715,3,1
985746,"November 11, 2014 07:00:00 PM",2014,November,11,Tuesday,19,2,Bourke Street Mall (South),662,51884,11,2
4401415,"July 18, 2022 02:00:00 AM",2022,July,18,Monday,2,46,Pelham St (South),2,950,7,1
2951548,"December 20, 2019 02:00:00 PM",2019,December,20,Friday,14,49,QVM-Therry St (South),155,3064,12,5
3453741,"December 13, 2020 05:00:00 AM",2020,December,13,Sunday,5,18,Collins Place (North),4,19958,12,7
2474518,"December 02, 2018 05:00:00 PM",2018,December,2,Sunday,17,23,Spencer St-Collins St (South),305,7263,12,7
3006476,"January 30, 2020 07:00:00 AM",2020,January,30,Thursday,7,44,Tin Alley-Swanston St (West),43,2369,1,4
3729599,"June 14, 2021 11:00:00 AM",2021,June,14,Monday,11,41,Flinders La-Swanston St (West),1318,18345,6,1
1504763,"May 23, 2016 12:00:00 PM",2016,May,23,Monday,12,10,Victoria Point,549,8826,5,1
3472690,"December 25, 2020 09:00:00 AM",2020,December,25,Friday,9,54,Lincoln-Swanston(West),6,634,12,5
2067296,"December 21, 2017 12:00:00 AM",2017,December,21,Thursday,0,35,Southbank,310,39528,12,4
2615520,"March 30, 2019 08:00:00 PM",2019,March,30,Saturday,20,3,Melbourne Central,2712,36815,3,6
1695711,"December 04, 2016 03:00:00 PM",2016,December,4,Sunday,15,38,Flinders St-Swanston St (West),3706,25944,12,7
1401463,"February 10, 2016 06:00:00 PM",2016,February,10,Wednesday,18,5,Princes Bridge,2513,52415,2,3
2918813,"November 25, 2019 03:00:00 PM",2019,November,25,Monday,15,50,Faraday St-Lygon St (West),526,4434,11,1
3950739,"October 24, 2021 06:00:00 PM",2021,October,24,Sunday,18,55,Elizabeth St-La Trobe St (East),965,8520,10,7
377107,"October 29, 2011 03:00:00 AM",2011,October,29,Saturday,3,17,Collins Place (South),22,20168,10,6
123173,"February 20, 2010 09:00:00 AM",2010,February,20,Saturday,9,11,Waterfront City,60,3858,2,6
4111931,"January 24, 2022 10:00:00 AM",2022,January,24,Monday,10,44,Tin Alley-Swanston St (West),33,2369,1,1
1149447,"May 24, 2015 06:00:00 PM",2015,May,24,Sunday,18,28,The Arts Centre,545,18152,5,7
4393069,"July 11, 2022 08:00:00 AM",2022,July,11,Monday,8,40,Lonsdale St-Spring St (West),289,6131,7,1
484994,"July 07, 2012 06:00:00 PM",2012,July,7,Saturday,18,14,Sandridge Bridge,515,22489,7,6
3896334,"September 22, 2021 09:00:00 AM",2021,September,22,Wednesday,9,11,Waterfront City,105,3858,9,3
1415897,"February 25, 2016 01:00:00 AM",2016,February,25,Thursday,1,34,Flinders St-Spark La,14,3015,2,4
2514382,"January 04, 2019 05:00:00 PM",2019,January,4,Friday,17,14,Sandridge Bridge,854,22489,1,5
320648,"June 12, 2011 05:00:00 PM",2011,June,12,Sunday,17,8,Webb Bridge,94,10114,6,7
4389647,"July 23, 2022 06:00:00 PM",2022,July,23,Saturday,18,57,Bourke St Bridge,3488,7217,7,6
1245813,"September 02, 2015 09:00:00 PM",2015,September,2,Wednesday,21,15,State Library,542,50017,9,3
3912899,"October 02, 2021 03:00:00 AM",2021,October,2,Saturday,3,35,Southbank,5,39528,10,6
4150519,"February 07, 2022 06:00:00 AM",2022,February,7,Monday,6,5,Princes Bridge,218,52415,2,1
2757103,"July 22, 2019 03:00:00 PM",2019,July,22,Monday,15,24,Spencer St-Collins St (North),2469,28852,7,1
820355,"April 10, 2014 06:00:00 AM",2014,April,10,Thursday,6,13,Flagstaff Station,1234,16612,4,4
174126,"June 18, 2010 09:00:00 AM",2010,June,18,Friday,9,12,New Quay,126,9339,6,5
2531655,"January 19, 2019 06:00:00 AM",2019,January,19,Saturday,6,11,Waterfront City,18,3858,1,6
2603551,"March 20, 2019 10:00:00 PM",2019,March,20,Wednesday,22,5,Princes Bridge,541,52415,3,3
1464392,"April 13, 2016 01:00:00 PM",2016,April,13,Wednesday,13,15,State Library,2223,50017,4,3
2130255,"February 14, 2018 08:00:00 PM",2018,February,14,Wednesday,20,15,State Library,1414,50017,2,3
1188787,"July 04, 2015 03:00:00 AM",2015,July,4,Saturday,3,37,Lygon St (East),11,5038,7,6
2231180,"May 13, 2018 10:00:00 PM",2018,May,13,Sunday,22,20,Chinatown-Lt Bourke St (South),284,9613,5,7
3839347,"August 19, 2021 08:00:00 AM",2021,August,19,Thursday,8,6,Flinders Street Station Underpass,328,53444,8,4
1402478,"February 11, 2016 06:00:00 PM",2016,February,11,Thursday,18,12,New Quay,688,9339,2,4
480868,"June 28, 2012 05:00:00 AM",2012,June,28,Thursday,5,10,Victoria Point,21,8826,6,4
3144195,"May 09, 2020 08:00:00 AM",2020,May,9,Saturday,8,55,Elizabeth St-La Trobe St (East),141,8520,5,6
3285769,"August 19, 2020 03:00:00 PM",2020,August,19,Wednesday,15,22,Flinders St-Elizabeth St (East),649,44664,8,3
4260937,"April 07, 2022 09:00:00 PM",2022,April,7,Thursday,21,52,Elizabeth St-Lonsdale St (South),330,1701,4,4
4221076,"March 13, 2022 01:00:00 AM",2022,March,13,Sunday,1,69,Flinders Ln - Degraves St (Crossing),4,225,3,7
1363882,"January 04, 2016 07:00:00 AM",2016,January,4,Monday,7,11,Waterfront City,69,3858,1,1
3871192,"September 07, 2021 11:00:00 AM",2021,September,7,Tuesday,11,12,New Quay,161,9339,9,2
4302943,"May 22, 2022 02:00:00 AM",2022,May,22,Sunday,2,47,Melbourne Central-Elizabeth St (East),225,25243,5,7
3208276,"June 23, 2020 05:00:00 PM",2020,June,23,Tuesday,17,51,QVM-Franklin St (North),142,2358,6,2
3611947,"March 25, 2021 12:00:00 AM",2021,March,25,Thursday,0,5,Princes Bridge,57,52415,3,4
1118290,"April 20, 2015 08:00:00 PM",2015,April,20,Monday,20,11,Waterfront City,40,3858,4,1
790697,"March 01, 2014 05:00:00 AM",2014,March,1,Saturday,5,9,Southern Cross Station,15,19152,3,6
1504517,"May 23, 2016 06:00:00 AM",2016,May,23,Monday,6,23,Spencer St-Collins St (South),184,7263,5,1
1960808,"September 14, 2017 10:00:00 PM",2017,September,14,Thursday,22,28,The Arts Centre,1203,18152,9,4
2122193,"February 07, 2018 07:00:00 PM",2018,February,7,Wednesday,19,45,Little Collins St-Swanston St (East),1222,10394,2,3
3796785,"July 24, 2021 04:00:00 PM",2021,July,24,Saturday,16,44,Tin Alley-Swanston St (West),52,2369,7,6
4175063,"February 28, 2022 10:00:00 PM",2022,February,28,Monday,22,71,Westwood Place,5,186,2,1
1579742,"August 05, 2016 03:00:00 PM",2016,August,5,Friday,15,20,Chinatown-Lt Bourke St (South),516,9613,8,5
2061828,"December 16, 2017 06:00:00 AM",2017,December,16,Saturday,6,40,Lonsdale St-Spring St (West),22,6131,12,6
4339500,"June 15, 2022 06:00:00 AM",2022,June,15,Wednesday,6,21,Bourke St-Russell St (West),64,19095,6,3
3589781,"March 10, 2021 07:00:00 PM",2021,March,10,Wednesday,19,5,Princes Bridge,879,52415,3,3
3277188,"August 13, 2020 07:00:00 AM",2020,August,13,Thursday,7,28,The Arts Centre,94,18152,8,4
4372215,"June 01, 2022 08:00:00 AM",2022,June,1,Wednesday,8,86,Queensberry St - Errol St (South),15,313,6,3
934439,"September 07, 2014 02:00:00 AM",2014,September,7,Sunday,2,8,Webb Bridge,7,10114,9,7
437228,"March 19, 2012 05:00:00 AM",2012,March,19,Monday,5,2,Bourke Street Mall (South),21,51884,3,1
3922446,"October 07, 2021 07:00:00 PM",2021,October,7,Thursday,19,72,Flinders St-ACMI,128,1442,10,4
1632152,"September 28, 2016 03:00:00 AM",2016,September,28,Wednesday,3,13,Flagstaff Station,11,16612,9,3
1858599,"May 30, 2017 01:00:00 PM",2017,May,30,Tuesday,13,33,Flinders St-Spring St (West),389,3961,5,2
2800653,"August 25, 2019 05:00:00 AM",2019,August,25,Sunday,5,33,Flinders St-Spring St (West),11,3961,8,7
1170817,"June 15, 2015 08:00:00 PM",2015,June,15,Monday,20,13,Flagstaff Station,223,16612,6,1
3967338,"November 03, 2021 03:00:00 PM",2021,November,3,Wednesday,15,34,Flinders St-Spark La,5,3015,11,3
1382929,"January 23, 2016 08:00:00 AM",2016,January,23,Saturday,8,37,Lygon St (East),71,5038,1,6
1342899,"December 13, 2015 01:00:00 PM",2015,December,13,Sunday,13,8,Webb Bridge,205,10114,12,7
3394549,"November 03, 2020 02:00:00 AM",2020,November,3,Tuesday,2,34,Flinders St-Spark La,1,3015,11,2
95784,"December 18, 2009 11:00:00 PM",2009,December,18,Friday,23,18,Collins Place (North),229,19958,12,5
4274799,"April 17, 2022 11:00:00 AM",2022,April,17,Sunday,11,77,Harbour Esplanade (West) - Ped Path,275,1603,4,7
2769958,"August 01, 2019 11:00:00 AM",2019,August,1,Thursday,11,27,QV Market-Peel St,201,4195,8,4
1788509,"March 15, 2017 02:00:00 AM",2017,March,15,Wednesday,2,5,Princes Bridge,44,52415,3,3
1229614,"August 16, 2015 04:00:00 PM",2015,August,16,Sunday,16,37,Lygon St (East),393,5038,8,7
2350551,"August 23, 2018 01:00:00 AM",2018,August,23,Thursday,1,43,Monash Rd-Swanston St (West),75,5218,8,4
3041603,"February 25, 2020 01:00:00 AM",2020,February,25,Tuesday,1,24,Spencer St-Collins St (North),45,28852,2,2
862984,"June 06, 2014 02:00:00 AM",2014,June,6,Friday,2,2,Bourke Street Mall (South),33,51884,6,5
1030127,"January 08, 2015 06:00:00 PM",2015,January,8,Thursday,18,20,Chinatown-Lt Bourke St (South),648,9613,1,4
626729,"June 03, 2013 07:00:00 AM",2013,June,3,Monday,7,18,Collins Place (North),691,19958,6,1
3651938,"April 19, 2021 02:00:00 AM",2021,April,19,Monday,2,63,231 Bourke St,29,2097,4,1
4222497,"March 10, 2022 06:00:00 AM",2022,March,10,Thursday,6,67,Flinders Ln - Degraves St (South),59,235,3,4
2148339,"March 02, 2018 01:00:00 PM",2018,March,2,Friday,13,2,Bourke Street Mall (South),3215,51884,3,5
1670837,"November 07, 2016 09:00:00 PM",2016,November,7,Monday,21,34,Flinders St-Spark La,81,3015,11,1
743396,"December 29, 2013 01:00:00 AM",2013,December,29,Sunday,1,15,State Library,198,50017,12,7
3557717,"February 17, 2021 05:00:00 PM",2021,February,17,Wednesday,17,52,Elizabeth St-Lonsdale St (South),61,1701,2,3
3102528,"April 09, 2020 05:00:00 AM",2020,April,9,Thursday,5,66,State Library-New,21,804,4,4
3664784,"April 27, 2021 02:00:00 AM",2021,April,27,Tuesday,2,35,Southbank,15,39528,4,2
2559939,"February 12, 2019 02:00:00 PM",2019,February,12,Tuesday,14,15,State Library,1259,50017,2,2
142264,"April 05, 2010 02:00:00 PM",2010,April,5,Monday,14,4,Town Hall (West),2957,66031,4,1
1221468,"August 07, 2015 11:00:00 PM",2015,August,7,Friday,23,22,Flinders St-Elizabeth St (East),1164,44664,8,5
3825344,"August 10, 2021 11:00:00 PM",2021,August,10,Tuesday,23,27,QV Market-Peel St,6,4195,8,2
3291815,"August 23, 2020 11:00:00 PM",2020,August,23,Sunday,23,52,Elizabeth St-Lonsdale St (South),6,1701,8,7
2741571,"July 10, 2019 10:00:00 AM",2019,July,10,Wednesday,10,40,Lonsdale St-Spring St (West),605,6131,7,3
3551892,"February 13, 2021 07:00:00 PM",2021,February,13,Saturday,19,22,Flinders St-Elizabeth St (East),590,44664,2,6
295251,"April 11, 2011 11:00:00 AM",2011,April,11,Monday,11,9,Southern Cross Station,356,19152,4,1
341644,"August 03, 2011 04:00:00 AM",2011,August,3,Wednesday,4,9,Southern Cross Station,0,19152,8,3
1929858,"August 14, 2017 10:00:00 PM",2017,August,14,Monday,22,35,Southbank,609,39528,8,1
1412910,"February 22, 2016 02:00:00 AM",2016,February,22,Monday,2,29,St Kilda Rd-Alexandra Gardens,14,11995,2,1
1308983,"November 08, 2015 02:00:00 PM",2015,November,8,Sunday,14,53,Collins St (North),1333,10269,11,7
2441721,"November 05, 2018 09:00:00 AM",2018,November,5,Monday,9,34,Flinders St-Spark La,191,3015,11,1
3231488,"July 10, 2020 12:00:00 PM",2020,July,10,Friday,12,51,QVM-Franklin St (North),118,2358,7,5
3219379,"July 01, 2020 03:00:00 PM",2020,July,1,Wednesday,15,58,Bourke St - Spencer St (North),411,3666,7,3
3028072,"February 15, 2020 03:00:00 AM",2020,February,15,Saturday,3,59,Swanston St - RMIT Building 80,2,4148,2,6
2397217,"September 29, 2018 08:00:00 PM",2018,September,29,Saturday,20,46,Pelham St (South),54,950,9,6
1942815,"August 27, 2017 06:00:00 PM",2017,August,27,Sunday,18,44,Tin Alley-Swanston St (West),115,2369,8,7
2095810,"January 15, 2018 09:00:00 AM",2018,January,15,Monday,9,3,Melbourne Central,631,36815,1,1
3847872,"August 24, 2021 12:00:00 PM",2021,August,24,Tuesday,12,50,Faraday St-Lygon St (West),144,4434,8,2
2407108,"October 07, 2018 08:00:00 PM",2018,October,7,Sunday,20,47,Melbourne Central-Elizabeth St (East),926,25243,10,7
1630340,"September 26, 2016 08:00:00 AM",2016,September,26,Monday,8,7,Birrarung Marr,635,19635,9,1
3580068,"March 04, 2021 12:00:00 PM",2021,March,4,Thursday,12,17,Collins Place (South),680,20168,3,4
637175,"June 28, 2013 10:00:00 PM",2013,June,28,Friday,22,8,Webb Bridge,58,10114,6,5
4325921,"May 28, 2022 12:00:00 PM",2022,May,28,Saturday,12,86,Queensberry St - Errol St (South),154,313,5,6
645377,"July 19, 2013 12:00:00 AM",2013,July,19,Friday,0,17,Collins Place (South),50,20168,7,5
3827628,"August 12, 2021 08:00:00 AM",2021,August,12,Thursday,8,4,Town Hall (West),248,66031,8,4
474170,"June 12, 2012 05:00:00 PM",2012,June,12,Tuesday,17,8,Webb Bridge,557,10114,6,2
1437593,"March 17, 2016 03:00:00 PM",2016,March,17,Thursday,15,39,Alfred Place,343,5676,3,4
4442833,"August 18, 2022 07:00:00 PM",2022,August,18,Thursday,19,36,Queen St (West),149,5556,8,4
2097289,"January 16, 2018 05:00:00 PM",2018,January,16,Tuesday,17,10,Victoria Point,829,8826,1,2
4294133,"May 27, 2022 12:00:00 AM",2022,May,27,Friday,0,27,QV Market-Peel St,18,4195,5,5
458994,"May 08, 2012 02:00:00 PM",2012,May,8,Tuesday,14,6,Flinders Street Station Underpass,1675,53444,5,2
298674,"April 19, 2011 08:00:00 PM",2011,April,19,Tuesday,20,15,State Library,1018,50017,4,2
1548060,"July 05, 2016 02:00:00 AM",2016,July,5,Tuesday,2,13,Flagstaff Station,19,16612,7,2
4082582,"October 03, 2021 12:00:00 PM",2021,October,3,Sunday,12,6,Flinders Street Station Underpass,542,53444,10,7
365730,"October 01, 2011 05:00:00 AM",2011,October,1,Saturday,5,6,Flinders Street Station Underpass,93,53444,10,6
4082363,"May 25, 2021 09:00:00 AM",2021,May,25,Tuesday,9,14,Sandridge Bridge,362,22489,5,2
3894987,"September 21, 2021 02:00:00 PM",2021,September,21,Tuesday,14,7,Birrarung Marr,126,19635,9,2
265030,"January 26, 2011 08:00:00 AM",2011,January,26,Wednesday,8,7,Birrarung Marr,131,19635,1,3
4030231,"December 10, 2021 04:00:00 AM",2021,December,10,Friday,4,21,Bourke St-Russell St (West),34,19095,12,5
1841168,"May 11, 2017 11:00:00 AM",2017,May,11,Thursday,11,1,Bourke Street Mall (North),2080,39294,5,4
3589603,"March 10, 2021 04:00:00 PM",2021,March,10,Wednesday,16,37,Lygon St (East),106,5038,3,3
1815674,"April 13, 2017 03:00:00 PM",2017,April,13,Thursday,15,12,New Quay,330,9339,4,4
3895246,"September 21, 2021 05:00:00 PM",2021,September,21,Tuesday,17,66,State Library-New,528,804,9,2
624771,"May 29, 2013 04:00:00 PM",2013,May,29,Wednesday,16,2,Bourke Street Mall (South),2149,51884,5,3
1498352,"May 17, 2016 05:00:00 AM",2016,May,17,Tuesday,5,21,Bourke St-Russell St (West),31,19095,5,2
2961325,"December 27, 2019 09:00:00 PM",2019,December,27,Friday,21,39,Alfred Place,97,5676,12,5
986634,"November 12, 2014 09:00:00 PM",2014,November,12,Wednesday,21,34,Flinders St-Spark La,127,3015,11,3
3497182,"January 09, 2021 10:00:00 PM",2021,January,9,Saturday,22,27,QV Market-Peel St,65,4195,1,6
2211629,"April 26, 2018 07:00:00 PM",2018,April,26,Thursday,19,27,QV Market-Peel St,101,4195,4,4
1342495,"December 13, 2015 03:00:00 AM",2015,December,13,Sunday,3,14,Sandridge Bridge,54,22489,12,7
4337520,"June 18, 2022 07:00:00 PM",2022,June,18,Saturday,19,6,Flinders Street Station Underpass,1385,53444,6,6
2011823,"November 01, 2017 09:00:00 AM",2017,November,1,Wednesday,9,18,Collins Place (North),1051,19958,11,3
2906144,"November 15, 2019 11:00:00 PM",2019,November,15,Friday,23,54,Lincoln-Swanston(West),76,634,11,5
2663181,"May 08, 2019 06:00:00 PM",2019,May,8,Wednesday,18,5,Princes Bridge,2380,52415,5,3
1915062,"July 30, 2017 06:00:00 AM",2017,July,30,Sunday,6,10,Victoria Point,16,8826,7,7
737603,"December 21, 2013 06:00:00 AM",2013,December,21,Saturday,6,19,Chinatown-Swanston St (North),23,9047,12,6
2638742,"April 19, 2019 04:00:00 AM",2019,April,19,Friday,4,6,Flinders Street Station Underpass,133,53444,4,5
1832404,"May 01, 2017 07:00:00 PM",2017,May,1,Monday,19,28,The Arts Centre,494,18152,5,1
3734682,"June 17, 2021 12:00:00 PM",2021,June,17,Thursday,12,7,Birrarung Marr,107,19635,6,4
252622,"December 26, 2010 10:00:00 PM",2010,December,26,Sunday,22,9,Southern Cross Station,50,19152,12,7
2352603,"August 24, 2018 06:00:00 PM",2018,August,24,Friday,18,24,Spencer St-Collins St (North),2797,28852,8,5
3274732,"August 11, 2020 10:00:00 AM",2020,August,11,Tuesday,10,50,Faraday St-Lygon St (West),62,4434,8,2
4242662,"April 26, 2022 10:00:00 AM",2022,April,26,Tuesday,10,8,Webb Bridge,199,10114,4,2
2330371,"August 06, 2018 01:00:00 PM",2018,August,6,Monday,13,31,Lygon St (West),433,7422,8,1
1750731,"February 01, 2017 11:00:00 PM",2017,February,1,Wednesday,23,24,Spencer St-Collins St (North),343,28852,2,3
2005271,"October 26, 2017 09:00:00 AM",2017,October,26,Thursday,9,29,St Kilda Rd-Alexandra Gardens,388,11995,10,4
3344322,"September 28, 2020 09:00:00 PM",2020,September,28,Monday,21,56,Lonsdale St - Elizabeth St (North),15,2480,9,1
3824912,"August 10, 2021 05:00:00 PM",2021,August,10,Tuesday,17,15,State Library,569,50017,8,2
1239407,"August 27, 2015 05:00:00 AM",2015,August,27,Thursday,5,9,Southern Cross Station,55,19152,8,4
3240938,"July 17, 2020 09:00:00 AM",2020,July,17,Friday,9,3,Melbourne Central,197,36815,7,5
788699,"February 26, 2014 12:00:00 PM",2014,February,26,Wednesday,12,26,QV Market-Elizabeth St (West),1201,17253,2,3
163835,"May 25, 2010 12:00:00 PM",2010,May,25,Tuesday,12,11,Waterfront City,98,3858,5,2
708737,"November 09, 2013 11:00:00 PM",2013,November,9,Saturday,23,1,Bourke Street Mall (North),364,39294,11,6
503026,"August 18, 2012 12:00:00 PM",2012,August,18,Saturday,12,10,Victoria Point,149,8826,8,6
2115863,"February 02, 2018 07:00:00 AM",2018,February,2,Friday,7,51,QVM-Franklin St (North),44,2358,2,5
3264589,"August 03, 2020 07:00:00 PM",2020,August,3,Monday,19,23,Spencer St-Collins St (South),34,7263,8,1
4301593,"May 27, 2022 08:00:00 PM",2022,May,27,Friday,20,29,St Kilda Rd-Alexandra Gardens,166,11995,5,5
2719432,"June 22, 2019 08:00:00 PM",2019,June,22,Saturday,20,49,QVM-Therry St (South),95,3064,6,6
3486078,"January 02, 2021 10:00:00 PM",2021,January,2,Saturday,22,64,Royal Pde-Grattan St,22,271,1,6
384980,"November 17, 2011 11:00:00 AM",2011,November,17,Thursday,11,2,Bourke Street Mall (South),2317,51884,11,4
3493007,"January 07, 2021 07:00:00 AM",2021,January,7,Thursday,7,37,Lygon St (East),25,5038,1,4
3190495,"June 11, 2020 02:00:00 AM",2020,June,11,Thursday,2,4,Town Hall (West),16,66031,6,4
2837247,"September 23, 2019 12:00:00 AM",2019,September,23,Monday,0,58,Bourke St - Spencer St (North),73,3666,9,1
581517,"February 18, 2013 01:00:00 PM",2013,February,18,Monday,13,2,Bourke Street Mall (South),3091,51884,2,1
1138033,"May 12, 2015 01:00:00 PM",2015,May,12,Tuesday,13,20,Chinatown-Lt Bourke St (South),639,9613,5,2
3502417,"January 13, 2021 04:00:00 AM",2021,January,13,Wednesday,4,29,St Kilda Rd-Alexandra Gardens,1,11995,1,3
4457427,"August 08, 2022 09:00:00 PM",2022,August,8,Monday,21,65,Swanston St - City Square,128,2073,8,1
1641675,"October 07, 2016 10:00:00 PM",2016,October,7,Friday,22,42,Grattan St-Swanston St (West),117,4073,10,5
2980465,"January 11, 2020 02:00:00 AM",2020,January,11,Saturday,2,4,Town Hall (West),180,66031,1,6
3957360,"October 28, 2021 05:00:00 PM",2021,October,28,Thursday,17,62,La Trobe St (North),115,1047,10,4
1864995,"June 06, 2017 03:00:00 PM",2017,June,6,Tuesday,15,12,New Quay,97,9339,6,2
727567,"December 06, 2013 05:00:00 PM",2013,December,6,Friday,17,21,Bourke St-Russell St (West),1349,19095,12,5
2392197,"September 25, 2018 08:00:00 PM",2018,September,25,Tuesday,20,15,State Library,1203,50017,9,2
767064,"January 29, 2014 12:00:00 AM",2014,January,29,Wednesday,0,2,Bourke Street Mall (South),49,51884,1,3
982049,"November 07, 2014 03:00:00 AM",2014,November,7,Friday,3,1,Bourke Street Mall (North),25,39294,11,5
2955805,"December 23, 2019 06:00:00 PM",2019,December,23,Monday,18,61,Swanston St - RMIT Building 14,561,2350,12,1
3682655,"May 11, 2021 12:00:00 AM",2021,May,11,Tuesday,0,45,Little Collins St-Swanston St (East),33,10394,5,2
2447515,"November 10, 2018 05:00:00 AM",2018,November,10,Saturday,5,10,Victoria Point,19,8826,11,6
1130615,"May 04, 2015 08:00:00 AM",2015,May,4,Monday,8,26,QV Market-Elizabeth St (West),495,17253,5,1
4165383,"February 10, 2022 02:00:00 PM",2022,February,10,Thursday,14,51,QVM-Franklin St (North),124,2358,2,4
2575684,"February 25, 2019 06:00:00 PM",2019,February,25,Monday,18,29,St Kilda Rd-Alexandra Gardens,1657,11995,2,1
2813040,"September 04, 2019 12:00:00 AM",2019,September,4,Wednesday,0,9,Southern Cross Station,15,19152,9,3
1182012,"June 27, 2015 05:00:00 AM",2015,June,27,Saturday,5,15,State Library,62,50017,6,6
1034109,"January 13, 2015 07:00:00 PM",2015,January,13,Tuesday,19,7,Birrarung Marr,319,19635,1,2
934125,"September 06, 2014 04:00:00 PM",2014,September,6,Saturday,16,25,Melbourne Convention Exhibition Centre,1456,21974,9,6
3025140,"February 13, 2020 12:00:00 AM",2020,February,13,Thursday,0,30,Lonsdale St (South),205,11717,2,4
2750721,"July 17, 2019 03:00:00 PM",2019,July,17,Wednesday,15,18,Collins Place (North),589,19958,7,3
2859650,"October 11, 2019 03:00:00 AM",2019,October,11,Friday,3,47,Melbourne Central-Elizabeth St (East),81,25243,10,5
4062005,"December 14, 2021 02:00:00 AM",2021,December,14,Tuesday,2,77,Harbour Esplanade (West) - Ped Path,5,1603,12,2
826368,"April 18, 2014 04:00:00 AM",2014,April,18,Friday,4,23,Spencer St-Collins St (South),34,7263,4,5
1705609,"December 15, 2016 01:00:00 AM",2016,December,15,Thursday,1,15,State Library,78,50017,12,4
1114141,"April 16, 2015 09:00:00 AM",2015,April,16,Thursday,9,39,Alfred Place,439,5676,4,4
2899711,"November 11, 2019 01:00:00 AM",2019,November,11,Monday,1,29,St Kilda Rd-Alexandra Gardens,8,11995,11,1
2396393,"September 29, 2018 04:00:00 AM",2018,September,29,Saturday,4,54,Lincoln-Swanston (West),6,504,9,6
358227,"September 12, 2011 07:00:00 PM",2011,September,12,Monday,19,17,Collins Place (South),344,20168,9,1
2021185,"November 09, 2017 08:00:00 PM",2017,November,9,Thursday,20,41,Flinders La-Swanston St (West),2201,18345,11,4
2634008,"April 15, 2019 05:00:00 AM",2019,April,15,Monday,5,49,QVM-Therry St (South),26,3064,4,1
131374,"March 11, 2010 09:00:00 AM",2010,March,11,Thursday,9,4,Town Hall (West),1400,66031,3,4
654773,"August 11, 2013 04:00:00 PM",2013,August,11,Sunday,16,13,Flagstaff Station,120,16612,8,7
2979295,"January 10, 2020 05:00:00 AM",2020,January,10,Friday,5,31,Lygon St (West),18,7422,1,5
853385,"May 24, 2014 08:00:00 PM",2014,May,24,Saturday,20,27,QV Market-Peel St,75,4195,5,6
1336493,"December 07, 2015 12:00:00 AM",2015,December,7,Monday,0,43,Monash Rd-Swanston St (West),4,5218,12,1
2830371,"September 17, 2019 10:00:00 AM",2019,September,17,Tuesday,10,50,Faraday St-Lygon St (West),250,4434,9,2
1777394,"March 03, 2017 05:00:00 AM",2017,March,3,Friday,5,2,Bourke Street Mall (South),18,51884,3,5
2623497,"April 06, 2019 11:00:00 AM",2019,April,6,Saturday,11,35,Southbank,2117,39528,4,6
180093,"July 02, 2010 05:00:00 AM",2010,July,2,Friday,5,3,Melbourne Central,58,36815,7,5
2049977,"December 05, 2017 10:00:00 PM",2017,December,5,Tuesday,22,15,State Library,606,50017,12,2
4156696,"February 12, 2022 03:00:00 PM",2022,February,12,Saturday,15,40,Lonsdale St-Spring St (West),220,6131,2,6
285933,"March 19, 2011 03:00:00 PM",2011,March,19,Saturday,15,7,Birrarung Marr,421,19635,3,6
3425081,"November 24, 2020 02:00:00 AM",2020,November,24,Tuesday,2,29,St Kilda Rd-Alexandra Gardens,11,11995,11,2
2005192,"October 26, 2017 07:00:00 AM",2017,October,26,Thursday,7,43,Monash Rd-Swanston St (West),109,5218,10,4
4349428,"June 11, 2022 09:00:00 PM",2022,June,11,Saturday,21,47,Melbourne Central-Elizabeth St (East),981,25243,6,6
4317896,"May 04, 2022 03:00:00 AM",2022,May,4,Wednesday,3,70,Errol Street (East),0,145,5,3
246140,"December 10, 2010 08:00:00 PM",2010,December,10,Friday,20,14,Sandridge Bridge,547,22489,12,5
3196294,"June 15, 2020 05:00:00 AM",2020,June,15,Monday,5,34,Flinders St-Spark La,28,3015,6,1
1951122,"September 05, 2017 02:00:00 AM",2017,September,5,Tuesday,2,46,Pelham St (South),5,950,9,2
2723167,"June 25, 2019 09:00:00 PM",2019,June,25,Tuesday,21,59,Swanston St - RMIT Building 80,23,4148,6,2
1612349,"September 08, 2016 11:00:00 AM",2016,September,8,Thursday,11,36,Queen St (West),521,5556,9,4
491179,"July 22, 2012 02:00:00 AM",2012,July,22,Sunday,2,7,Birrarung Marr,11,19635,7,7
2971393,"January 04, 2020 09:00:00 AM",2020,January,4,Saturday,9,24,Spencer St-Collins St (North),531,28852,1,6
59364,"September 25, 2009 04:00:00 PM",2009,September,25,Friday,16,12,New Quay,91,9339,9,5
2245223,"May 26, 2018 07:00:00 AM",2018,May,26,Saturday,7,25,Melbourne Convention Exhibition Centre,123,21974,5,6
3519364,"January 23, 2021 09:00:00 PM",2021,January,23,Saturday,21,56,Lonsdale St - Elizabeth St (North),285,2480,1,6
15919,"June 11, 2009 06:00:00 AM",2009,June,11,Thursday,6,1,Bourke Street Mall (North),89,39294,6,4
49282,"September 01, 2009 12:00:00 AM",2009,September,1,Tuesday,0,11,Waterfront City,2,3858,9,2
1134823,"May 09, 2015 12:00:00 AM",2015,May,9,Saturday,0,26,QV Market-Elizabeth St (West),237,17253,5,6
835549,"April 30, 2014 12:00:00 PM",2014,April,30,Wednesday,12,29,St Kilda Rd-Alexandra Gardens,504,11995,4,3
371245,"October 14, 2011 07:00:00 PM",2011,October,14,Friday,19,3,Melbourne Central,2830,36815,10,5
3245695,"July 20, 2020 08:00:00 PM",2020,July,20,Monday,20,36,Queen St (West),26,5556,7,1
1136760,"May 11, 2015 03:00:00 AM",2015,May,11,Monday,3,25,Melbourne Convention Exhibition Centre,11,21974,5,1
4290080,"May 13, 2022 03:00:00 AM",2022,May,13,Friday,3,6,Flinders Street Station Underpass,22,53444,5,5
604727,"April 13, 2013 06:00:00 AM",2013,April,13,Saturday,6,10,Victoria Point,29,8826,4,6
4512122,"September 14, 2022 05:00:00 AM",2022,September,14,Wednesday,5,78,Harbour Esplanade (West) - Bike Path,4,262,9,3
261126,"January 16, 2011 06:00:00 PM",2011,January,16,Sunday,18,13,Flagstaff Station,27,16612,1,7
4442840,"August 19, 2022 02:00:00 AM",2022,August,19,Friday,2,36,Queen St (West),9,5556,8,5
3064244,"March 12, 2020 02:00:00 PM",2020,March,12,Thursday,14,37,Lygon St (East),170,5038,3,4
641254,"July 08, 2013 10:00:00 PM",2013,July,8,Monday,22,7,Birrarung Marr,173,19635,7,1
3523787,"January 26, 2021 04:00:00 PM",2021,January,26,Tuesday,16,54,Lincoln-Swanston(West),19,634,1,2
2336248,"August 11, 2018 08:00:00 AM",2018,August,11,Saturday,8,41,Flinders La-Swanston St (West),600,18345,8,6
3981918,"November 12, 2021 06:00:00 AM",2021,November,12,Friday,6,45,Little Collins St-Swanston St (East),31,10394,11,5
1290066,"October 19, 2015 05:00:00 AM",2015,October,19,Monday,5,29,St Kilda Rd-Alexandra Gardens,37,11995,10,1
1892327,"July 07, 2017 12:00:00 AM",2017,July,7,Friday,0,2,Bourke Street Mall (South),63,51884,7,5
910420,"August 07, 2014 04:00:00 AM",2014,August,7,Thursday,4,34,Flinders St-Spark La,7,3015,8,4
793113,"March 04, 2014 11:00:00 AM",2014,March,4,Tuesday,11,6,Flinders Street Station Underpass,1059,53444,3,2
3485630,"January 02, 2021 04:00:00 PM",2021,January,2,Saturday,16,11,Waterfront City,80,3858,1,6
4422791,"August 20, 2022 05:00:00 PM",2022,August,20,Saturday,17,2,Bourke Street Mall (South),1574,51884,8,6
910109,"August 06, 2014 06:00:00 PM",2014,August,6,Wednesday,18,15,State Library,1453,50017,8,3
2961945,"December 28, 2019 08:00:00 AM",2019,December,28,Saturday,8,29,St Kilda Rd-Alexandra Gardens,88,11995,12,6
3328004,"September 17, 2020 10:00:00 PM",2020,September,17,Thursday,22,44,Tin Alley-Swanston St (West),0,2369,9,4
196583,"August 09, 2010 02:00:00 PM",2010,August,9,Monday,14,1,Bourke Street Mall (North),2194,39294,8,1
2555796,"February 08, 2019 11:00:00 PM",2019,February,8,Friday,23,54,Lincoln-Swanston (West),72,504,2,5
3633507,"April 07, 2021 01:00:00 PM",2021,April,7,Wednesday,13,59,Swanston St - RMIT Building 80,674,4148,4,3
78695,"November 09, 2009 10:00:00 AM",2009,November,9,Monday,10,11,Waterfront City,23,3858,11,1
2363289,"September 02, 2018 11:00:00 AM",2018,September,2,Sunday,11,54,Lincoln-Swanston (West),139,504,9,7
255137,"January 02, 2011 02:00:00 AM",2011,January,2,Sunday,2,8,Webb Bridge,1,10114,1,7
3367276,"October 15, 2020 05:00:00 AM",2020,October,15,Thursday,5,70,Errol Street (East),0,145,10,4
4184964,"March 13, 2022 10:00:00 AM",2022,March,13,Sunday,10,53,Collins St (North),679,10269,3,7
2340697,"August 15, 2018 12:00:00 AM",2018,August,15,Wednesday,0,1,Bourke Street Mall (North),78,39294,8,3
751003,"January 07, 2014 11:00:00 PM",2014,January,7,Tuesday,23,29,St Kilda Rd-Alexandra Gardens,42,11995,1,2
4123904,"January 31, 2022 07:00:00 AM",2022,January,31,Monday,7,64,Royal Pde - Grattan St,0,26,1,1
1355202,"December 26, 2015 01:00:00 AM",2015,December,26,Saturday,1,12,New Quay,12,9339,12,6
3191956,"June 12, 2020 03:00:00 AM",2020,June,12,Friday,3,11,Waterfront City,4,3858,6,5
510756,"September 05, 2012 11:00:00 AM",2012,September,5,Wednesday,11,18,Collins Place (North),433,19958,9,3
1859893,"June 01, 2017 12:00:00 AM",2017,June,1,Thursday,0,20,Chinatown-Lt Bourke St (South),67,9613,6,4
1553734,"July 10, 2016 07:00:00 PM",2016,July,10,Sunday,19,3,Melbourne Central,1885,36815,7,7
3823114,"August 09, 2021 03:00:00 PM",2021,August,9,Monday,15,53,Collins St (North),275,10269,8,1
1958711,"September 12, 2017 08:00:00 PM",2017,September,12,Tuesday,20,31,Lygon St (West),362,7422,9,2
2380340,"September 16, 2018 08:00:00 AM",2018,September,16,Sunday,8,14,Sandridge Bridge,185,22489,9,7
121078,"February 15, 2010 01:00:00 PM",2010,February,15,Monday,13,4,Town Hall (West),3738,66031,2,1
2108287,"January 26, 2018 03:00:00 PM",2018,January,26,Friday,15,24,Spencer St-Collins St (North),1203,28852,1,5
852606,"May 23, 2014 08:00:00 PM",2014,May,23,Friday,20,16,Australia on Collins,407,16700,5,5
1711850,"December 21, 2016 02:00:00 PM",2016,December,21,Wednesday,14,25,Melbourne Convention Exhibition Centre,1171,21974,12,3
836308,"May 01, 2014 01:00:00 PM",2014,May,1,Thursday,13,26,QV Market-Elizabeth St (West),1737,17253,5,4
2897886,"November 09, 2019 03:00:00 PM",2019,November,9,Saturday,15,50,Faraday St-Lygon St (West),670,4434,11,6
3933823,"October 14, 2021 02:00:00 PM",2021,October,14,Thursday,14,40,Lonsdale St-Spring St (West),122,6131,10,4
353662,"September 01, 2011 03:00:00 PM",2011,September,1,Thursday,15,8,Webb Bridge,147,10114,9,4
743341,"December 28, 2013 11:00:00 PM",2013,December,28,Saturday,23,22,Flinders St-Elizabeth St (East),798,44664,12,6
2719059,"June 22, 2019 01:00:00 PM",2019,June,22,Saturday,13,37,Lygon St (East),258,5038,6,6
4500141,"September 10, 2022 02:00:00 PM",2022,September,10,Saturday,14,50,Faraday St-Lygon St (West),518,4434,9,6
3914664,"October 03, 2021 04:00:00 AM",2021,October,3,Sunday,4,59,Swanston St - RMIT Building 80,3,4148,10,7
2037292,"November 24, 2017 01:00:00 PM",2017,November,24,Friday,13,33,Flinders St-Spring St (West),346,3961,11,5
4506927,"September 07, 2022 06:00:00 PM",2022,September,7,Wednesday,18,68,Flinders Ln - Degraves St (North),129,286,9,3
2564351,"February 16, 2019 07:00:00 AM",2019,February,16,Saturday,7,50,Faraday St-Lygon St (West),25,4434,2,6
1533948,"June 21, 2016 01:00:00 AM",2016,June,21,Tuesday,1,31,Lygon St (West),26,7422,6,2
1500642,"May 19, 2016 11:00:00 AM",2016,May,19,Thursday,11,24,Spencer St-Collins St (North),1436,28852,5,4
2642590,"April 22, 2019 06:00:00 AM",2019,April,22,Monday,6,6,Flinders Street Station Underpass,148,53444,4,1
2531541,"January 19, 2019 03:00:00 AM",2019,January,19,Saturday,3,54,Lincoln-Swanston (West),12,504,1,6
2695104,"June 03, 2019 11:00:00 AM",2019,June,3,Monday,11,57,Bourke St Bridge,569,7217,6,1
2541232,"January 27, 2019 10:00:00 AM",2019,January,27,Sunday,10,1,Bourke Street Mall (North),945,39294,1,7
166841,"June 01, 2010 12:00:00 PM",2010,June,1,Tuesday,12,17,Collins Place (South),1410,20168,6,2
4109184,"January 02, 2022 11:00:00 PM",2022,January,2,Sunday,23,48,QVM-Queen St (East),30,3752,1,7
1832000,"May 01, 2017 08:00:00 AM",2017,May,1,Monday,8,31,Lygon St (West),144,7422,5,1
1190790,"July 06, 2015 06:00:00 AM",2015,July,6,Monday,6,30,Lonsdale St (South),156,11717,7,1
2489656,"December 15, 2018 03:00:00 AM",2018,December,15,Saturday,3,9,Southern Cross Station,10,19152,12,6
3354212,"October 05, 2020 10:00:00 PM",2020,October,5,Monday,22,63,231 Bourke St,35,2097,10,1
1377522,"January 17, 2016 11:00:00 PM",2016,January,17,Sunday,23,23,Spencer St-Collins St (South),143,7263,1,7
2136370,"February 20, 2018 04:00:00 AM",2018,February,20,Tuesday,4,36,Queen St (West),9,5556,2,2
3048207,"February 29, 2020 09:00:00 PM",2020,February,29,Saturday,21,12,New Quay,790,9339,2,6
1028002,"January 06, 2015 02:00:00 AM",2015,January,6,Tuesday,2,5,Princes Bridge,22,52415,1,2
923512,"August 24, 2014 07:00:00 AM",2014,August,24,Sunday,7,3,Melbourne Central,171,36815,8,7
1275380,"October 03, 2015 01:00:00 PM",2015,October,3,Saturday,13,25,Melbourne Convention Exhibition Centre,931,21974,10,6
264744,"January 25, 2011 03:00:00 PM",2011,January,25,Tuesday,15,10,Victoria Point,253,8826,1,2
2517971,"January 07, 2019 06:00:00 PM",2019,January,7,Monday,18,23,Spencer St-Collins St (South),546,7263,1,1
4327899,"June 07, 2022 10:00:00 PM",2022,June,7,Tuesday,22,2,Bourke Street Mall (South),91,51884,6,2
2334666,"August 10, 2018 01:00:00 AM",2018,August,10,Friday,1,45,Little Collins St-Swanston St (East),84,10394,8,5
2457797,"November 18, 2018 02:00:00 PM",2018,November,18,Sunday,14,24,Spencer St-Collins St (North),1207,28852,11,7
1158262,"June 03, 2015 02:00:00 AM",2015,June,3,Wednesday,2,4,Town Hall (West),39,66031,6,3
1250733,"September 08, 2015 12:00:00 AM",2015,September,8,Tuesday,0,15,State Library,78,50017,9,2
2903293,"November 13, 2019 07:00:00 PM",2019,November,13,Wednesday,19,59,Swanston St - RMIT Building 80,243,4148,11,3
2433826,"October 29, 2018 09:00:00 PM",2018,October,29,Monday,21,48,QVM-Queen St (East),120,3752,10,1
855563,"May 27, 2014 04:00:00 PM",2014,May,27,Tuesday,16,13,Flagstaff Station,3249,16612,5,2
3218429,"June 30, 2020 11:00:00 PM",2020,June,30,Tuesday,23,34,Flinders St-Spark La,6,3015,6,2
4341415,"June 05, 2022 01:00:00 AM",2022,June,5,Sunday,1,14,Sandridge Bridge,169,22489,6,7
2356527,"August 27, 2018 11:00:00 PM",2018,August,27,Monday,23,21,Bourke St-Russell St (West),260,19095,8,1
2416482,"October 15, 2018 12:00:00 PM",2018,October,15,Monday,12,35,Southbank,3349,39528,10,1
2297609,"July 10, 2018 09:00:00 AM",2018,July,10,Tuesday,9,24,Spencer St-Collins St (North),2863,28852,7,2
3905269,"September 27, 2021 03:00:00 PM",2021,September,27,Monday,15,54,Lincoln-Swanston(West),173,634,9,1
1066503,"February 21, 2015 06:00:00 AM",2015,February,21,Saturday,6,30,Lonsdale St (South),53,11717,2,6
3180844,"June 04, 2020 04:00:00 AM",2020,June,4,Thursday,4,21,Bourke St-Russell St (West),8,19095,6,4
3389240,"October 30, 2020 09:00:00 AM",2020,October,30,Friday,9,51,QVM-Franklin St (North),92,2358,10,5
3603050,"March 19, 2021 07:00:00 AM",2021,March,19,Friday,7,52,Elizabeth St-Lonsdale St (South),102,1701,3,5
1537621,"June 24, 2016 05:00:00 PM",2016,June,24,Friday,17,32,City Square,2254,7715,6,5
4510651,"September 12, 2022 10:00:00 PM",2022,September,12,Monday,22,75,Spring St - Flinders St (West),0,0,9,1
817145,"April 06, 2014 02:00:00 AM",2014,April,6,Sunday,2,3,Melbourne Central,43,36815,4,7
1640937,"October 07, 2016 03:00:00 AM",2016,October,7,Friday,3,53,Collins St (North),9,10269,10,5
3275388,"August 11, 2020 10:00:00 PM",2020,August,11,Tuesday,22,46,Pelham St (S),0,40,8,2
3048907,"March 01, 2020 09:00:00 AM",2020,March,1,Sunday,9,31,Lygon St (West),112,7422,3,7
2220715,"May 04, 2018 06:00:00 PM",2018,May,4,Friday,18,47,Melbourne Central-Elizabeth St (East),2140,25243,5,5
2684187,"May 25, 2019 09:00:00 PM",2019,May,25,Saturday,21,53,Collins St (North),240,10269,5,6
3721284,"June 09, 2021 11:00:00 AM",2021,June,9,Wednesday,11,30,Lonsdale St (South),78,11717,6,3
474332,"June 13, 2012 02:00:00 AM",2012,June,13,Wednesday,2,8,Webb Bridge,1,10114,6,3
1246887,"September 04, 2015 12:00:00 AM",2015,September,4,Friday,0,9,Southern Cross Station,23,19152,9,5
1414093,"February 23, 2016 06:00:00 AM",2016,February,23,Tuesday,6,37,Lygon St (East),21,5038,2,2
4454779,"August 25, 2022 01:00:00 PM",2022,August,25,Thursday,13,58,Bourke St - Spencer St (North),1000,3666,8,4
3996449,"November 20, 2021 10:00:00 PM",2021,November,20,Saturday,22,10,Victoria Point,10,8826,11,6
1139010,"May 13, 2015 03:00:00 PM",2015,May,13,Wednesday,15,1,Bourke Street Mall (North),2071,39294,5,3
4319287,"May 31, 2022 02:00:00 AM",2022,May,31,Tuesday,2,71,Westwood Place,8,186,5,2
3014582,"February 05, 2020 07:00:00 AM",2020,February,5,Wednesday,7,6,Flinders Street Station Underpass,2038,53444,2,3
1531694,"June 18, 2016 08:00:00 PM",2016,June,18,Saturday,20,1,Bourke Street Mall (North),800,39294,6,6
1582478,"August 08, 2016 08:00:00 AM",2016,August,8,Monday,8,27,QV Market-Peel St,158,4195,8,1
3865935,"September 04, 2021 08:00:00 AM",2021,September,4,Saturday,8,53,Collins St (North),43,10269,9,6
1698900,"December 08, 2016 12:00:00 AM",2016,December,8,Thursday,0,18,Collins Place (North),19,19958,12,4
2121804,"February 07, 2018 11:00:00 AM",2018,February,7,Wednesday,11,39,Alfred Place,418,5676,2,3
1155284,"May 31, 2015 12:00:00 AM",2015,May,31,Sunday,0,13,Flagstaff Station,74,16612,5,7
738829,"December 22, 2013 10:00:00 PM",2013,December,22,Sunday,22,5,Princes Bridge,803,52415,12,7
3041750,"February 25, 2020 03:00:00 AM",2020,February,25,Tuesday,3,57,Bourke St Bridge,4,7217,2,2
3766162,"July 06, 2021 07:00:00 AM",2021,July,6,Tuesday,7,23,Spencer St-Collins St (South),244,7263,7,2
2671270,"May 15, 2019 08:00:00 AM",2019,May,15,Wednesday,8,6,Flinders Street Station Underpass,4032,53444,5,3
2323987,"August 01, 2018 10:00:00 AM",2018,August,1,Wednesday,10,29,St Kilda Rd-Alexandra Gardens,378,11995,8,3
2550039,"February 03, 2019 11:00:00 PM",2019,February,3,Sunday,23,58,Bourke St - Spencer St (North),217,3666,2,7
2014125,"November 03, 2017 11:00:00 AM",2017,November,3,Friday,11,20,Chinatown-Lt Bourke St (South),382,9613,11,5
4222656,"March 16, 2022 09:00:00 PM",2022,March,16,Wednesday,21,67,Flinders Ln - Degraves St (South),176,235,3,3
2974992,"January 07, 2020 01:00:00 AM",2020,January,7,Tuesday,1,36,Queen St (West),17,5556,1,2
3742883,"June 22, 2021 09:00:00 AM",2021,June,22,Tuesday,9,22,Flinders St-Elizabeth St (East),875,44664,6,2
362350,"September 22, 2011 10:00:00 PM",2011,September,22,Thursday,22,9,Southern Cross Station,48,19152,9,4
4107015,"January 05, 2022 02:00:00 PM",2022,January,5,Wednesday,14,40,Lonsdale St-Spring St (West),141,6131,1,3
3409572,"November 13, 2020 02:00:00 PM",2020,November,13,Friday,14,17,Collins Place (South),204,20168,11,5
1939471,"August 24, 2017 12:00:00 PM",2017,August,24,Thursday,12,42,Grattan St-Swanston St (West),956,4073,8,4
1704093,"December 13, 2016 10:00:00 AM",2016,December,13,Tuesday,10,21,Bourke St-Russell St (West),448,19095,12,2
4488293,"September 26, 2022 10:00:00 PM",2022,September,26,Monday,22,30,Lonsdale St (South),307,11717,9,1
2235880,"May 18, 2018 01:00:00 AM",2018,May,18,Friday,1,46,Pelham St (South),11,950,5,5
342622,"August 05, 2011 01:00:00 PM",2011,August,5,Friday,13,18,Collins Place (North),803,19958,8,5
3177715,"June 01, 2020 10:00:00 PM",2020,June,1,Monday,22,61,Swanston St - RMIT Building 14,54,2350,6,1
2720685,"June 23, 2019 09:00:00 PM",2019,June,23,Sunday,21,18,Collins Place (North),27,19958,6,7
4164117,"February 13, 2022 08:00:00 PM",2022,February,13,Sunday,20,52,Elizabeth St-Lonsdale St (South),233,1701,2,7
4056299,"December 24, 2021 08:00:00 AM",2021,December,24,Friday,8,68,Flinders Ln - Degraves St (North),138,286,12,5
1196624,"July 12, 2015 12:00:00 PM",2015,July,12,Sunday,12,12,New Quay,75,9339,7,7
2448971,"November 11, 2018 10:00:00 AM",2018,November,11,Sunday,10,18,Collins Place (North),131,19958,11,7
310254,"May 18, 2011 05:00:00 AM",2011,May,18,Wednesday,5,18,Collins Place (North),25,19958,5,3
2547800,"February 02, 2019 01:00:00 AM",2019,February,2,Saturday,1,21,Bourke St-Russell St (West),464,19095,2,6
34871,"July 27, 2009 04:00:00 PM",2009,July,27,Monday,16,16,Australia on Collins,1223,16700,7,1
3109587,"April 14, 2020 12:00:00 PM",2020,April,14,Tuesday,12,2,Bourke Street Mall (South),393,51884,4,2
564796,"January 10, 2013 12:00:00 PM",2013,January,10,Thursday,12,16,Australia on Collins,2356,16700,1,4
841793,"May 09, 2014 07:00:00 AM",2014,May,9,Friday,7,26,QV Market-Elizabeth St (West),390,17253,5,5
1525305,"June 12, 2016 11:00:00 AM",2016,June,12,Sunday,11,40,Lonsdale St-Spring St (West),284,6131,6,7
47639,"August 27, 2009 11:00:00 PM",2009,August,27,Thursday,23,17,Collins Place (South),50,20168,8,4
3802734,"July 28, 2021 05:00:00 AM",2021,July,28,Wednesday,5,43,Monash Rd-Swanston St (West),10,5218,7,3
715418,"November 19, 2013 08:00:00 AM",2013,November,19,Tuesday,8,4,Town Hall (West),1186,66031,11,2
1557374,"July 14, 2016 09:00:00 AM",2016,July,14,Thursday,9,33,Flinders St-Spring St (West),448,3961,7,4
2518760,"January 08, 2019 11:00:00 AM",2019,January,8,Tuesday,11,2,Bourke Street Mall (South),1712,51884,1,2
189921,"July 24, 2010 11:00:00 PM",2010,July,24,Saturday,23,3,Melbourne Central,1204,36815,7,6
1389515,"January 29, 2016 09:00:00 PM",2016,January,29,Friday,21,28,The Arts Centre,1195,18152,1,5
2572089,"February 22, 2019 06:00:00 PM",2019,February,22,Friday,18,35,Southbank,3946,39528,2,5
1690314,"November 28, 2016 09:00:00 PM",2016,November,28,Monday,21,19,Chinatown-Swanston St (North),721,9047,11,1
627606,"June 05, 2013 11:00:00 AM",2013,June,5,Wednesday,11,10,Victoria Point,150,8826,6,3
2149311,"March 03, 2018 09:00:00 AM",2018,March,3,Saturday,9,15,State Library,396,50017,3,6
156798,"May 09, 2010 05:00:00 AM",2010,May,9,Sunday,5,12,New Quay,8,9339,5,7
2422203,"October 20, 2018 04:00:00 AM",2018,October,20,Saturday,4,46,Pelham St (South),9,950,10,6
2878157,"October 25, 2019 10:00:00 AM",2019,October,25,Friday,10,28,The Arts Centre,1053,18152,10,5
3115695,"April 18, 2020 11:00:00 PM",2020,April,18,Saturday,23,53,Collins St (North),10,10269,4,6
2705876,"June 12, 2019 02:00:00 AM",2019,June,12,Wednesday,2,24,Spencer St-Collins St (North),11,28852,6,3
854663,"May 26, 2014 12:00:00 PM",2014,May,26,Monday,12,25,Melbourne Convention Exhibition Centre,673,21974,5,1
1051248,"February 03, 2015 05:00:00 PM",2015,February,3,Tuesday,17,27,QV Market-Peel St,219,4195,2,2
1838553,"May 08, 2017 02:00:00 PM",2017,May,8,Monday,14,9,Southern Cross Station,736,19152,5,1
1725155,"January 04, 2017 04:00:00 PM",2017,January,4,Wednesday,16,8,Webb Bridge,285,10114,1,3
4434940,"August 30, 2022 10:00:00 PM",2022,August,30,Tuesday,22,21,Bourke St-Russell St (West),269,19095,8,2
830859,"April 24, 2014 06:00:00 AM",2014,April,24,Thursday,6,5,Princes Bridge,279,52415,4,4
640511,"July 07, 2013 02:00:00 AM",2013,July,7,Sunday,2,12,New Quay,19,9339,7,7
2425119,"October 22, 2018 02:00:00 PM",2018,October,22,Monday,14,43,Monash Rd-Swanston St (West),333,5218,10,1
3297826,"August 28, 2020 07:00:00 AM",2020,August,28,Friday,7,28,The Arts Centre,79,18152,8,5
382007,"November 10, 2011 04:00:00 AM",2011,November,10,Thursday,4,4,Town Hall (West),37,66031,11,4
1733116,"January 13, 2017 03:00:00 PM",2017,January,13,Friday,15,17,Collins Place (South),528,20168,1,5
4259416,"April 04, 2022 12:00:00 PM",2022,April,4,Monday,12,41,Flinders La-Swanston St (West),2508,18345,4,1
3373856,"October 19, 2020 09:00:00 PM",2020,October,19,Monday,21,10,Victoria Point,8,8826,10,1
3327151,"September 17, 2020 08:00:00 AM",2020,September,17,Thursday,8,59,Swanston St - RMIT Building 80,19,4148,9,4
4288396,"May 04, 2022 11:00:00 PM",2022,May,4,Wednesday,23,8,Webb Bridge,9,10114,5,3
127059,"March 01, 2010 09:00:00 AM",2010,March,1,Monday,9,9,Southern Cross Station,955,19152,3,1
1964454,"September 18, 2017 11:00:00 AM",2017,September,18,Monday,11,6,Flinders Street Station Underpass,1283,53444,9,1
4234960,"April 14, 2022 01:00:00 PM",2022,April,14,Thursday,13,2,Bourke Street Mall (South),1981,51884,4,4
1390462,"January 30, 2016 08:00:00 PM",2016,January,30,Saturday,20,8,Webb Bridge,308,10114,1,6
1560049,"July 17, 2016 01:00:00 AM",2016,July,17,Sunday,1,19,Chinatown-Swanston St (North),264,9047,7,7
3133147,"May 01, 2020 01:00:00 PM",2020,May,1,Friday,13,29,St Kilda Rd-Alexandra Gardens,53,11995,5,5
3611400,"March 24, 2021 03:00:00 PM",2021,March,24,Wednesday,15,69,Flinders Ln -Degraves St (Crossing),212,318,3,3
4341976,"June 28, 2022 10:00:00 AM",2022,June,28,Tuesday,10,14,Sandridge Bridge,300,22489,6,2
3019063,"February 08, 2020 01:00:00 PM",2020,February,8,Saturday,13,56,Lonsdale St - Elizabeth St (North),574,2480,2,6
1922906,"August 07, 2017 04:00:00 PM",2017,August,7,Monday,16,35,Southbank,2210,39528,8,1
4034316,"December 29, 2021 09:00:00 AM",2021,December,29,Wednesday,9,57,Bourke St Bridge,192,7217,12,3
3978075,"November 09, 2021 11:00:00 PM",2021,November,9,Tuesday,23,51,QVM-Franklin St (North),87,2358,11,2
3144944,"May 09, 2020 09:00:00 PM",2020,May,9,Saturday,21,37,Lygon St (East),24,5038,5,6
1875714,"June 18, 2017 11:00:00 AM",2017,June,18,Sunday,11,26,QV Market-Elizabeth St (West),1352,17253,6,7
4083215,"October 29, 2021 09:00:00 PM",2021,October,29,Friday,21,6,Flinders Street Station Underpass,735,53444,10,5
2644279,"April 23, 2019 02:00:00 PM",2019,April,23,Tuesday,14,35,Southbank,2170,39528,4,2
3013429,"February 04, 2020 11:00:00 AM",2020,February,4,Tuesday,11,18,Collins Place (North),460,19958,2,2
90436,"December 06, 2009 02:00:00 PM",2009,December,6,Sunday,14,16,Australia on Collins,1579,16700,12,7
2206429,"April 22, 2018 04:00:00 AM",2018,April,22,Sunday,4,46,Pelham St (South),2,950,4,7
812947,"March 31, 2014 11:00:00 AM",2014,March,31,Monday,11,17,Collins Place (South),628,20168,3,1
3542211,"February 07, 2021 08:00:00 AM",2021,February,7,Sunday,8,26,QV Market-Elizabeth St (West),183,17253,2,7
179496,"June 30, 2010 07:00:00 PM",2010,June,30,Wednesday,19,18,Collins Place (North),334,19958,6,3
186602,"July 17, 2010 06:00:00 AM",2010,July,17,Saturday,6,14,Sandridge Bridge,55,22489,7,6
2945038,"December 15, 2019 04:00:00 PM",2019,December,15,Sunday,16,22,Flinders St-Elizabeth St (East),2680,44664,12,7
2373274,"September 10, 2018 03:00:00 PM",2018,September,10,Monday,15,43,Monash Rd-Swanston St (West),578,5218,9,1
1665791,"November 02, 2016 12:00:00 PM",2016,November,2,Wednesday,12,18,Collins Place (North),695,19958,11,3
4442638,"August 10, 2022 04:00:00 PM",2022,August,10,Wednesday,16,36,Queen St (West),342,5556,8,3
97033,"December 21, 2009 09:00:00 PM",2009,December,21,Monday,21,7,Birrarung Marr,175,19635,12,1
3869837,"September 06, 2021 03:00:00 PM",2021,September,6,Monday,15,62,La Trobe St (North),72,1047,9,1
3823793,"August 10, 2021 12:00:00 AM",2021,August,10,Tuesday,0,69,Flinders Ln -Degraves St (Crossing),2,318,8,2
2554914,"February 08, 2019 05:00:00 AM",2019,February,8,Friday,5,33,Flinders St-Spring St (West),13,3961,2,5
2696999,"June 04, 2019 11:00:00 PM",2019,June,4,Tuesday,23,43,Monash Rd-Swanston St (West),53,5218,6,2
3532983,"February 01, 2021 11:00:00 AM",2021,February,1,Monday,11,67,Flinders Ln -Degraves St (South),499,499,2,1
509200,"September 01, 2012 07:00:00 PM",2012,September,1,Saturday,19,10,Victoria Point,102,8826,9,6
976757,"October 31, 2014 08:00:00 AM",2014,October,31,Friday,8,9,Southern Cross Station,2309,19152,10,5
3581794,"March 05, 2021 02:00:00 PM",2021,March,5,Friday,14,28,The Arts Centre,1159,18152,3,5
1824490,"April 23, 2017 05:00:00 AM",2017,April,23,Sunday,5,11,Waterfront City,1,3858,4,7
2066705,"December 20, 2017 12:00:00 PM",2017,December,20,Wednesday,12,18,Collins Place (North),666,19958,12,3
3146745,"May 11, 2020 04:00:00 AM",2020,May,11,Monday,4,18,Collins Place (North),5,19958,5,1
2892780,"November 05, 2019 05:00:00 PM",2019,November,5,Tuesday,17,5,Princes Bridge,2083,52415,11,2
586932,"March 03, 2013 01:00:00 AM",2013,March,3,Sunday,1,17,Collins Place (South),119,20168,3,7
716132,"November 20, 2013 08:00:00 AM",2013,November,20,Wednesday,8,6,Flinders Street Station Underpass,2381,53444,11,3
3342556,"September 27, 2020 05:00:00 PM",2020,September,27,Sunday,17,23,Spencer St-Collins St (South),69,7263,9,7
2332688,"August 08, 2018 10:00:00 AM",2018,August,8,Wednesday,10,55,Elizabeth St-La Trobe St (East),968,8520,8,3
3397230,"November 04, 2020 11:00:00 PM",2020,November,4,Wednesday,23,9,Southern Cross Station,6,19152,11,3
1648667,"October 15, 2016 08:00:00 AM",2016,October,15,Saturday,8,34,Flinders St-Spark La,75,3015,10,6
2728906,"June 30, 2019 12:00:00 PM",2019,June,30,Sunday,12,51,QVM-Franklin St (North),276,2358,6,7
1712161,"December 21, 2016 10:00:00 PM",2016,December,21,Wednesday,22,14,Sandridge Bridge,429,22489,12,3
3475024,"December 26, 2020 10:00:00 PM",2020,December,26,Saturday,22,5,Princes Bridge,1886,52415,12,6
894509,"July 16, 2014 09:00:00 AM",2014,July,16,Wednesday,9,33,Flinders St-Spring St (West),217,3961,7,3
1205356,"July 21, 2015 08:00:00 PM",2015,July,21,Tuesday,20,8,Webb Bridge,51,10114,7,2
3667336,"April 28, 2021 04:00:00 PM",2021,April,28,Wednesday,16,49,QVM-Therry St (South),79,3064,4,3
374650,"October 23, 2011 03:00:00 AM",2011,October,23,Sunday,3,8,Webb Bridge,1,10114,10,7
2318883,"July 28, 2018 04:00:00 AM",2018,July,28,Saturday,4,47,Melbourne Central-Elizabeth St (East),85,25243,7,6
4420080,"July 22, 2022 06:00:00 PM",2022,July,22,Friday,18,87,Errol St (West),249,583,7,5
2482904,"December 09, 2018 02:00:00 PM",2018,December,9,Sunday,14,45,Little Collins St-Swanston St (East),2000,10394,12,7
4350651,"June 02, 2022 08:00:00 PM",2022,June,2,Thursday,20,44,Tin Alley-Swanston St (West),55,2369,6,4
2909045,"November 18, 2019 04:00:00 AM",2019,November,18,Monday,4,29,St Kilda Rd-Alexandra Gardens,6,11995,11,1
2135493,"February 19, 2018 10:00:00 AM",2018,February,19,Monday,10,22,Flinders St-Elizabeth St (East),1663,44664,2,1
1339134,"December 09, 2015 05:00:00 PM",2015,December,9,Wednesday,17,15,State Library,2262,50017,12,3
3503840,"January 14, 2021 01:00:00 AM",2021,January,14,Thursday,1,58,Bourke St - Spencer St (North),36,3666,1,4
337747,"July 24, 2011 03:00:00 PM",2011,July,24,Sunday,15,5,Princes Bridge,1484,52415,7,7
1442600,"March 22, 2016 03:00:00 PM",2016,March,22,Tuesday,15,25,Melbourne Convention Exhibition Centre,757,21974,3,2
3053332,"March 04, 2020 03:00:00 PM",2020,March,4,Wednesday,15,1,Bourke Street Mall (North),2382,39294,3,3
2282917,"June 28, 2018 12:00:00 AM",2018,June,28,Thursday,0,42,Grattan St-Swanston St (West),28,4073,6,4
1876814,"June 19, 2017 05:00:00 PM",2017,June,19,Monday,17,12,New Quay,352,9339,6,1
4225228,"March 31, 2022 01:00:00 AM",2022,March,31,Thursday,1,72,Flinders St - ACMI,75,125,3,4
1269681,"September 27, 2015 05:00:00 PM",2015,September,27,Sunday,17,2,Bourke Street Mall (South),2075,51884,9,7
2561270,"February 13, 2019 05:00:00 PM",2019,February,13,Wednesday,17,36,Queen St (West),892,5556,2,3
3006868,"January 30, 2020 02:00:00 PM",2020,January,30,Thursday,14,49,QVM-Therry St (South),157,3064,1,4
398596,"December 20, 2011 06:00:00 PM",2011,December,20,Tuesday,18,16,Australia on Collins,1150,16700,12,2
2225159,"May 08, 2018 03:00:00 PM",2018,May,8,Tuesday,15,25,Melbourne Convention Exhibition Centre,878,21974,5,2
1523621,"June 10, 2016 07:00:00 PM",2016,June,10,Friday,19,36,Queen St (West),305,5556,6,5
1163218,"June 08, 2015 02:00:00 AM",2015,June,8,Monday,2,43,Monash Rd-Swanston St (West),2,5218,6,1
3591359,"March 11, 2021 07:00:00 PM",2021,March,11,Thursday,19,58,Bourke St - Spencer St (North),385,3666,3,4
2776330,"August 06, 2019 07:00:00 AM",2019,August,6,Tuesday,7,26,QV Market-Elizabeth St (West),312,17253,8,2
1433274,"March 13, 2016 08:00:00 AM",2016,March,13,Sunday,8,22,Flinders St-Elizabeth St (East),500,44664,3,7
924505,"August 25, 2014 01:00:00 PM",2014,August,25,Monday,13,6,Flinders Street Station Underpass,1410,53444,8,1
3455359,"December 14, 2020 06:00:00 AM",2020,December,14,Monday,6,20,Chinatown-Lt Bourke St (South),16,9613,12,1
3596056,"March 14, 2021 08:00:00 PM",2021,March,14,Sunday,20,37,Lygon St (East),260,5038,3,7
383879,"November 14, 2011 06:00:00 PM",2011,November,14,Monday,18,6,Flinders Street Station Underpass,2339,53444,11,1
548898,"December 03, 2012 02:00:00 PM",2012,December,3,Monday,14,5,Princes Bridge,1387,52415,12,1
2993159,"January 20, 2020 08:00:00 AM",2020,January,20,Monday,8,26,QV Market-Elizabeth St (West),505,17253,1,1
3895402,"September 21, 2021 08:00:00 PM",2021,September,21,Tuesday,20,18,Collins Place (North),11,19958,9,2
3110231,"April 14, 2020 11:00:00 PM",2020,April,14,Tuesday,23,42,Grattan St-Swanston St (West),8,4073,4,2
536637,"November 05, 2012 05:00:00 AM",2012,November,5,Monday,5,2,Bourke Street Mall (South),29,51884,11,1
115446,"February 02, 2010 12:00:00 PM",2010,February,2,Tuesday,12,6,Flinders Street Station Underpass,1731,53444,2,2
1522968,"June 10, 2016 04:00:00 AM",2016,June,10,Friday,4,11,Waterfront City,0,3858,6,5
1231727,"August 19, 2015 12:00:00 AM",2015,August,19,Wednesday,0,19,Chinatown-Swanston St (North),83,9047,8,3
1391969,"February 01, 2016 08:00:00 AM",2016,February,1,Monday,8,3,Melbourne Central,793,36815,2,1
3060690,"March 09, 2020 11:00:00 PM",2020,March,9,Monday,23,49,QVM-Therry St (South),106,3064,3,1
2914700,"November 22, 2019 11:00:00 AM",2019,November,22,Friday,11,43,Monash Rd-Swanston St (West),268,5218,11,5
927938,"August 29, 2014 09:00:00 PM",2014,August,29,Friday,21,8,Webb Bridge,65,10114,8,5
3345037,"September 29, 2020 09:00:00 AM",2020,September,29,Tuesday,9,45,Little Collins St-Swanston St (East),90,10394,9,2
457112,"May 04, 2012 05:00:00 AM",2012,May,4,Friday,5,14,Sandridge Bridge,48,22489,5,5
2722872,"June 25, 2019 04:00:00 PM",2019,June,25,Tuesday,16,10,Victoria Point,690,8826,6,2
722566,"November 29, 2013 01:00:00 PM",2013,November,29,Friday,13,7,Birrarung Marr,87,19635,11,5
3190219,"June 10, 2020 09:00:00 PM",2020,June,10,Wednesday,21,5,Princes Bridge,228,52415,6,3
2143246,"February 26, 2018 03:00:00 AM",2018,February,26,Monday,3,50,Faraday St-Lygon St (West),3,4434,2,1
2842408,"September 27, 2019 07:00:00 AM",2019,September,27,Friday,7,43,Monash Rd-Swanston St (West),18,5218,9,5
3357698,"October 08, 2020 11:00:00 AM",2020,October,8,Thursday,11,5,Princes Bridge,274,52415,10,4
1837537,"May 07, 2017 11:00:00 AM",2017,May,7,Sunday,11,22,Flinders St-Elizabeth St (East),1805,44664,5,7
1977178,"September 30, 2017 08:00:00 AM",2017,September,30,Saturday,8,25,Melbourne Convention Exhibition Centre,353,21974,9,6
1105712,"April 06, 2015 06:00:00 PM",2015,April,6,Monday,18,23,Spencer St-Collins St (South),239,7263,4,1
3542670,"February 07, 2021 03:00:00 PM",2021,February,7,Sunday,15,43,Monash Rd-Swanston St (West),54,5218,2,7
799626,"March 13, 2014 05:00:00 AM",2014,March,13,Thursday,5,10,Victoria Point,20,8826,3,4
1489870,"May 09, 2016 12:00:00 AM",2016,May,9,Monday,0,9,Southern Cross Station,9,19152,5,1
2249429,"May 29, 2018 11:00:00 PM",2018,May,29,Tuesday,23,4,Town Hall (West),292,66031,5,2
3789196,"July 20, 2021 03:00:00 AM",2021,July,20,Tuesday,3,3,Melbourne Central,2,36815,7,2
162519,"May 22, 2010 11:00:00 AM",2010,May,22,Saturday,11,9,Southern Cross Station,93,19152,5,6
3452906,"December 12, 2020 03:00:00 PM",2020,December,12,Saturday,15,73,Bourke St - Spencer St (South),119,225,12,6
1086785,"March 16, 2015 07:00:00 AM",2015,March,16,Monday,7,10,Victoria Point,283,8826,3,1
4219543,"March 03, 2022 04:00:00 AM",2022,March,3,Thursday,4,64,Royal Pde - Grattan St,0,26,3,4
667006,"September 08, 2013 02:00:00 PM",2013,September,8,Sunday,14,7,Birrarung Marr,4758,19635,9,7
276778,"February 24, 2011 06:00:00 PM",2011,February,24,Thursday,18,12,New Quay,519,9339,2,4
756352,"January 15, 2014 01:00:00 AM",2014,January,15,Wednesday,1,10,Victoria Point,4,8826,1,3
85159,"November 24, 2009 09:00:00 AM",2009,November,24,Tuesday,9,13,Flagstaff Station,2466,16612,11,2
2711683,"June 16, 2019 04:00:00 PM",2019,June,16,Sunday,16,51,QVM-Franklin St (North),296,2358,6,7
3069959,"March 16, 2020 04:00:00 PM",2020,March,16,Monday,16,15,State Library,1600,50017,3,1
2135548,"February 19, 2018 11:00:00 AM",2018,February,19,Monday,11,29,St Kilda Rd-Alexandra Gardens,604,11995,2,1
438110,"March 21, 2012 06:00:00 AM",2012,March,21,Wednesday,6,2,Bourke Street Mall (South),112,51884,3,3
391359,"December 03, 2011 02:00:00 AM",2011,December,3,Saturday,2,6,Flinders Street Station Underpass,273,53444,12,6
421339,"February 11, 2012 10:00:00 AM",2012,February,11,Saturday,10,7,Birrarung Marr,115,19635,2,6
2597018,"March 15, 2019 09:00:00 AM",2019,March,15,Friday,9,15,State Library,804,50017,3,5
2165329,"March 17, 2018 11:00:00 AM",2018,March,17,Saturday,11,42,Grattan St-Swanston St (West),475,4073,3,6
448835,"April 15, 2012 01:00:00 AM",2012,April,15,Sunday,1,17,Collins Place (South),101,20168,4,7
3908003,"September 29, 2021 06:00:00 AM",2021,September,29,Wednesday,6,7,Birrarung Marr,75,19635,9,3
2489125,"December 14, 2018 04:00:00 PM",2018,December,14,Friday,16,45,Little Collins St-Swanston St (East),2006,10394,12,5
2044431,"December 01, 2017 12:00:00 AM",2017,December,1,Friday,0,15,State Library,198,50017,12,5
2576433,"February 26, 2019 09:00:00 AM",2019,February,26,Tuesday,9,26,QV Market-Elizabeth St (West),816,17253,2,2
1484440,"May 03, 2016 05:00:00 PM",2016,May,3,Tuesday,17,35,Southbank,3069,39528,5,2
4246014,"April 16, 2022 02:00:00 AM",2022,April,16,Saturday,2,21,Bourke St-Russell St (West),177,19095,4,6
431242,"March 05, 2012 08:00:00 AM",2012,March,5,Monday,8,10,Victoria Point,960,8826,3,1
1186678,"July 01, 2015 11:00:00 PM",2015,July,1,Wednesday,23,7,Birrarung Marr,42,19635,7,3
3014763,"February 05, 2020 10:00:00 AM",2020,February,5,Wednesday,10,27,QV Market-Peel St,176,4195,2,3
1939724,"August 24, 2017 06:00:00 PM",2017,August,24,Thursday,18,43,Monash Rd-Swanston St (West),744,5218,8,4
188125,"July 20, 2010 07:00:00 PM",2010,July,20,Tuesday,19,7,Birrarung Marr,60,19635,7,2
1166410,"June 11, 2015 08:00:00 AM",2015,June,11,Thursday,8,36,Queen St (West),720,5556,6,4
2081497,"January 02, 2018 09:00:00 AM",2018,January,2,Tuesday,9,49,QVM-Therry St (South),151,3064,1,2
1961177,"September 15, 2017 07:00:00 AM",2017,September,15,Friday,7,18,Collins Place (North),696,19958,9,5
3316803,"September 10, 2020 09:00:00 AM",2020,September,10,Thursday,9,66,State Library-New,77,804,9,4
503173,"August 18, 2012 08:00:00 PM",2012,August,18,Saturday,20,13,Flagstaff Station,48,16612,8,6
1809666,"April 07, 2017 03:00:00 AM",2017,April,7,Friday,3,23,Spencer St-Collins St (South),18,7263,4,5
3453689,"December 13, 2020 04:00:00 AM",2020,December,13,Sunday,4,14,Sandridge Bridge,43,22489,12,7
629361,"June 09, 2013 06:00:00 PM",2013,June,9,Sunday,18,14,Sandridge Bridge,526,22489,6,7
121507,"February 16, 2010 01:00:00 PM",2010,February,16,Tuesday,13,1,Bourke Street Mall (North),3241,39294,2,2
3151584,"May 14, 2020 02:00:00 PM",2020,May,14,Thursday,14,53,Collins St (North),541,10269,5,4
4423501,"August 19, 2022 07:00:00 AM",2022,August,19,Friday,7,1,Bourke Street Mall (North),137,39294,8,5
1482473,"May 01, 2016 06:00:00 PM",2016,May,1,Sunday,18,37,Lygon St (East),396,5038,5,7
2303791,"July 15, 2018 01:00:00 PM",2018,July,15,Sunday,13,46,Pelham St (South),126,950,7,7
3195441,"June 14, 2020 03:00:00 PM",2020,June,14,Sunday,15,17,Collins Place (South),119,20168,6,7
4255520,"April 22, 2022 04:00:00 AM",2022,April,22,Friday,4,48,QVM-Queen St (East),15,3752,4,5
939613,"September 13, 2014 07:00:00 PM",2014,September,13,Saturday,19,8,Webb Bridge,76,10114,9,6
383237,"November 13, 2011 04:00:00 AM",2011,November,13,Sunday,4,10,Victoria Point,6,8826,11,7
2406435,"October 07, 2018 07:00:00 AM",2018,October,7,Sunday,7,35,Southbank,351,39528,10,7
578276,"February 11, 2013 01:00:00 AM",2013,February,11,Monday,1,1,Bourke Street Mall (North),44,39294,2,1
4227132,"March 17, 2022 09:00:00 AM",2022,March,17,Thursday,9,78,Harbour Esplanade (West) - Bike Path,43,262,3,4
4336540,"June 07, 2022 11:00:00 PM",2022,June,7,Tuesday,23,25,Melbourne Convention Exhibition Centre,98,21974,6,2
3939349,"October 17, 2021 09:00:00 PM",2021,October,17,Sunday,21,30,Lonsdale St (South),34,11717,10,7
3222882,"July 04, 2020 05:00:00 AM",2020,July,4,Saturday,5,6,Flinders Street Station Underpass,28,53444,7,6
2318964,"July 28, 2018 06:00:00 AM",2018,July,28,Saturday,6,26,QV Market-Elizabeth St (West),105,17253,7,6
790582,"March 01, 2014 01:00:00 AM",2014,March,1,Saturday,1,18,Collins Place (North),35,19958,3,6
306889,"May 10, 2011 12:00:00 AM",2011,May,10,Tuesday,0,2,Bourke Street Mall (South),28,51884,5,2
2817826,"September 07, 2019 04:00:00 PM",2019,September,7,Saturday,16,48,QVM-Queen St (East),441,3752,9,6
1407298,"February 16, 2016 01:00:00 PM",2016,February,16,Tuesday,13,2,Bourke Street Mall (South),3075,51884,2,2
730855,"December 11, 2013 01:00:00 PM",2013,December,11,Wednesday,13,17,Collins Place (South),1298,20168,12,3
2997366,"January 23, 2020 11:00:00 AM",2020,January,23,Thursday,11,15,State Library,931,50017,1,4
1802808,"March 30, 2017 08:00:00 PM",2017,March,30,Thursday,20,12,New Quay,183,9339,3,4
1861068,"June 02, 2017 07:00:00 AM",2017,June,2,Friday,7,44,Tin Alley-Swanston St (West),52,2369,6,5
4161964,"February 08, 2022 03:00:00 AM",2022,February,8,Tuesday,3,35,Southbank,21,39528,2,2
985169,"November 11, 2014 01:00:00 AM",2014,November,11,Tuesday,1,21,Bourke St-Russell St (West),66,19095,11,2
2904052,"November 14, 2019 09:00:00 AM",2019,November,14,Thursday,9,51,QVM-Franklin St (North),162,2358,11,4
1245828,"September 02, 2015 09:00:00 PM",2015,September,2,Wednesday,21,32,City Square,136,7715,9,3
2727513,"June 29, 2019 10:00:00 AM",2019,June,29,Saturday,10,3,Melbourne Central,754,36815,6,6
4357365,"June 12, 2022 02:00:00 PM",2022,June,12,Sunday,14,54,Lincoln-Swanston(West),188,634,6,7
651988,"August 04, 2013 10:00:00 AM",2013,August,4,Sunday,10,11,Waterfront City,131,3858,8,7
1705739,"December 15, 2016 04:00:00 AM",2016,December,15,Thursday,4,31,Lygon St (West),7,7422,12,4
2340864,"August 15, 2018 03:00:00 AM",2018,August,15,Wednesday,3,18,Collins Place (North),8,19958,8,3
233753,"November 08, 2010 04:00:00 PM",2010,November,8,Monday,16,10,Victoria Point,532,8826,11,1
19396,"June 19, 2009 06:00:00 PM",2009,June,19,Friday,18,11,Waterfront City,228,3858,6,5
36226,"July 31, 2009 12:00:00 AM",2009,July,31,Friday,0,11,Waterfront City,2,3858,7,5
889021,"July 09, 2014 06:00:00 AM",2014,July,9,Wednesday,6,17,Collins Place (South),324,20168,7,3
1755091,"February 06, 2017 07:00:00 PM",2017,February,6,Monday,19,43,Monash Rd-Swanston St (West),110,5218,2,1
3498872,"January 10, 2021 11:00:00 PM",2021,January,10,Sunday,23,41,Flinders La-Swanston St (West),283,18345,1,7
1544396,"July 01, 2016 11:00:00 AM",2016,July,1,Friday,11,1,Bourke Street Mall (North),2444,39294,7,5
3182661,"June 05, 2020 11:00:00 AM",2020,June,5,Friday,11,10,Victoria Point,89,8826,6,5
1362833,"January 03, 2016 04:00:00 AM",2016,January,3,Sunday,4,38,Flinders St-Swanston St (West),665,25944,1,7
4355516,"June 25, 2022 01:00:00 PM",2022,June,25,Saturday,13,49,QVM-Therry St (South),597,3064,6,6
4179754,"February 28, 2022 09:00:00 AM",2022,February,28,Monday,9,79,Flinders St (South),425,3382,2,1
1667415,"November 04, 2016 05:00:00 AM",2016,November,4,Friday,5,53,Collins St (North),27,10269,11,5
2439056,"November 03, 2018 05:00:00 AM",2018,November,3,Saturday,5,20,Chinatown-Lt Bourke St (South),72,9613,11,6
315384,"May 30, 2011 07:00:00 PM",2011,May,30,Monday,19,14,Sandridge Bridge,268,22489,5,1
156399,"May 08, 2010 07:00:00 AM",2010,May,8,Saturday,7,9,Southern Cross Station,42,19152,5,6
1120344,"April 23, 2015 02:00:00 AM",2015,April,23,Thursday,2,12,New Quay,6,9339,4,4
725435,"December 03, 2013 04:00:00 PM",2013,December,3,Tuesday,16,5,Princes Bridge,1797,52415,12,2
3543486,"February 08, 2021 04:00:00 AM",2021,February,8,Monday,4,40,Lonsdale St-Spring St (West),0,6131,2,1
2112741,"January 30, 2018 02:00:00 PM",2018,January,30,Tuesday,14,10,Victoria Point,225,8826,1,2
363900,"September 26, 2011 05:00:00 PM",2011,September,26,Monday,17,12,New Quay,263,9339,9,1
3902250,"September 25, 2021 09:00:00 PM",2021,September,25,Saturday,21,9,Southern Cross Station,4,19152,9,6
358430,"September 13, 2011 07:00:00 AM",2011,September,13,Tuesday,7,16,Australia on Collins,372,16700,9,2
4464195,"August 11, 2022 09:00:00 PM",2022,August,11,Thursday,21,78,Harbour Esplanade (West) - Bike Path,9,262,8,4
2463675,"November 23, 2018 05:00:00 PM",2018,November,23,Friday,17,30,Lonsdale St (South),1236,11717,11,5
4436702,"August 11, 2022 08:00:00 AM",2022,August,11,Thursday,8,14,Sandridge Bridge,697,22489,8,4
3501570,"January 12, 2021 03:00:00 PM",2021,January,12,Tuesday,15,65,Swanston St - City Square,484,2073,1,2
865276,"June 09, 2014 12:00:00 AM",2014,June,9,Monday,0,31,Lygon St (West),119,7422,6,1
2572155,"February 22, 2019 07:00:00 PM",2019,February,22,Friday,19,54,Lincoln-Swanston (West),205,504,2,5
544573,"November 23, 2012 01:00:00 PM",2012,November,23,Friday,13,18,Collins Place (North),753,19958,11,5
4211859,"March 09, 2022 01:00:00 AM",2022,March,9,Wednesday,1,46,Pelham St (South),4,950,3,3
1970667,"September 24, 2017 06:00:00 AM",2017,September,24,Sunday,6,27,QV Market-Peel St,19,4195,9,7
1679348,"November 17, 2016 01:00:00 AM",2016,November,17,Thursday,1,39,Alfred Place,11,5676,11,4
177557,"June 26, 2010 08:00:00 AM",2010,June,26,Saturday,8,5,Princes Bridge,233,52415,6,6
2730031,"July 01, 2019 10:00:00 AM",2019,July,1,Monday,10,29,St Kilda Rd-Alexandra Gardens,300,11995,7,1
2929990,"December 04, 2019 07:00:00 AM",2019,December,4,Wednesday,7,35,Southbank,1111,39528,12,3
4094897,"January 20, 2022 04:00:00 PM",2022,January,20,Thursday,16,11,Waterfront City,30,3858,1,4
4429629,"August 26, 2022 03:00:00 PM",2022,August,26,Friday,15,12,New Quay,240,9339,8,5
2495493,"December 19, 2018 09:00:00 PM",2018,December,19,Wednesday,21,36,Queen St (West),191,5556,12,3
285857,"March 19, 2011 10:00:00 AM",2011,March,19,Saturday,10,16,Australia on Collins,901,16700,3,6
1976053,"September 29, 2017 06:00:00 AM",2017,September,29,Friday,6,46,Pelham St (South),9,950,9,5
490624,"July 20, 2012 07:00:00 PM",2012,July,20,Friday,19,10,Victoria Point,550,8826,7,5
3963610,"November 01, 2021 10:00:00 AM",2021,November,1,Monday,10,71,Westwood Place,42,186,11,1
2521877,"January 11, 2019 02:00:00 AM",2019,January,11,Friday,2,39,Alfred Place,6,5676,1,5
604287,"April 12, 2013 06:00:00 AM",2013,April,12,Friday,6,2,Bourke Street Mall (South),95,51884,4,5
3526057,"January 28, 2021 03:00:00 AM",2021,January,28,Thursday,3,9,Southern Cross Station,1,19152,1,4
4031940,"December 19, 2021 09:00:00 AM",2021,December,19,Sunday,9,27,QV Market-Peel St,155,4195,12,7
627708,"June 05, 2013 05:00:00 PM",2013,June,5,Wednesday,17,10,Victoria Point,398,8826,6,3
4397985,"July 30, 2022 04:00:00 AM",2022,July,30,Saturday,4,44,Tin Alley-Swanston St (West),0,2369,7,6
4228530,"March 15, 2022 03:00:00 PM",2022,March,15,Tuesday,15,79,Flinders St (South),583,3382,3,2
1530356,"June 17, 2016 12:00:00 PM",2016,June,17,Friday,12,7,Birrarung Marr,334,19635,6,5
1645037,"October 11, 2016 01:00:00 PM",2016,October,11,Tuesday,13,7,Birrarung Marr,676,19635,10,2
2924590,"November 30, 2019 03:00:00 AM",2019,November,30,Saturday,3,6,Flinders Street Station Underpass,160,53444,11,6
288697,"March 26, 2011 09:00:00 AM",2011,March,26,Saturday,9,17,Collins Place (South),228,20168,3,6
2933179,"December 06, 2019 06:00:00 PM",2019,December,6,Friday,18,37,Lygon St (East),302,5038,12,5
514596,"September 14, 2012 09:00:00 PM",2012,September,14,Friday,21,16,Australia on Collins,332,16700,9,5
3938989,"October 17, 2021 04:00:00 PM",2021,October,17,Sunday,16,24,Spencer St-Collins St (North),229,28852,10,7
3337158,"September 24, 2020 02:00:00 AM",2020,September,24,Thursday,2,6,Flinders Street Station Underpass,1,53444,9,4
735171,"December 17, 2013 08:00:00 PM",2013,December,17,Tuesday,20,1,Bourke Street Mall (North),1685,39294,12,2
516416,"September 19, 2012 08:00:00 AM",2012,September,19,Wednesday,8,17,Collins Place (South),1807,20168,9,3
420002,"February 08, 2012 08:00:00 AM",2012,February,8,Wednesday,8,2,Bourke Street Mall (South),809,51884,2,3
478262,"June 22, 2012 04:00:00 AM",2012,June,22,Friday,4,14,Sandridge Bridge,61,22489,6,5
1594076,"August 20, 2016 01:00:00 PM",2016,August,20,Saturday,13,4,Town Hall (West),3410,66031,8,6
3314378,"September 08, 2020 06:00:00 PM",2020,September,8,Tuesday,18,50,Faraday St-Lygon St (West),81,4434,9,2
1916652,"July 31, 2017 11:00:00 PM",2017,July,31,Monday,23,35,Southbank,270,39528,7,1
246644,"December 12, 2010 04:00:00 AM",2010,December,12,Sunday,4,5,Princes Bridge,98,52415,12,7
1575855,"August 01, 2016 05:00:00 PM",2016,August,1,Monday,17,34,Flinders St-Spark La,206,3015,8,1
1467798,"April 16, 2016 11:00:00 PM",2016,April,16,Saturday,23,12,New Quay,94,9339,4,6
1799851,"March 27, 2017 01:00:00 PM",2017,March,27,Monday,13,25,Melbourne Convention Exhibition Centre,823,21974,3,1
3530280,"January 30, 2021 07:00:00 PM",2021,January,30,Saturday,19,15,State Library,1229,50017,1,6
2817704,"September 07, 2019 02:00:00 PM",2019,September,7,Saturday,14,33,Flinders St-Spring St (West),108,3961,9,6
2586732,"March 06, 2019 07:00:00 PM",2019,March,6,Wednesday,19,23,Spencer St-Collins St (South),316,7263,3,3
3714738,"June 05, 2021 11:00:00 AM",2021,June,5,Saturday,11,12,New Quay,285,9339,6,6
4273483,"April 22, 2022 03:00:00 PM",2022,April,22,Friday,15,76,Macaulay Rd - Bellair St,111,268,4,5
2287067,"July 01, 2018 02:00:00 PM",2018,July,1,Sunday,14,33,Flinders St-Spring St (West),120,3961,7,7
1343384,"December 14, 2015 01:00:00 AM",2015,December,14,Monday,1,1,Bourke Street Mall (North),48,39294,12,1
2895858,"November 08, 2019 02:00:00 AM",2019,November,8,Friday,2,5,Princes Bridge,37,52415,11,5
3789827,"July 20, 2021 12:00:00 PM",2021,July,20,Tuesday,12,15,State Library,200,50017,7,2
2852411,"October 05, 2019 11:00:00 AM",2019,October,5,Saturday,11,27,QV Market-Peel St,486,4195,10,6
4025805,"December 08, 2021 06:00:00 PM",2021,December,8,Wednesday,18,25,Melbourne Convention Exhibition Centre,1208,21974,12,3
4290956,"May 18, 2022 03:00:00 PM",2022,May,18,Wednesday,15,20,Chinatown-Lt Bourke St (South),234,9613,5,3
4038412,"December 14, 2021 01:00:00 AM",2021,December,14,Tuesday,1,36,Queen St (West),6,5556,12,2
858345,"May 31, 2014 04:00:00 AM",2014,May,31,Saturday,4,23,Spencer St-Collins St (South),14,7263,5,6
2760561,"July 25, 2019 07:00:00 AM",2019,July,25,Thursday,7,27,QV Market-Peel St,81,4195,7,4
3134248,"May 02, 2020 08:00:00 AM",2020,May,2,Saturday,8,7,Birrarung Marr,96,19635,5,6
1312816,"November 12, 2015 03:00:00 PM",2015,November,12,Thursday,15,11,Waterfront City,108,3858,11,4
4224447,"March 29, 2022 12:00:00 PM",2022,March,29,Tuesday,12,71,Westwood Place,90,186,3,2
2169388,"March 21, 2018 01:00:00 AM",2018,March,21,Wednesday,1,30,Lonsdale St (South),143,11717,3,3
3448901,"December 10, 2020 01:00:00 AM",2020,December,10,Thursday,1,56,Lonsdale St - Elizabeth St (North),7,2480,12,4
3339998,"September 26, 2020 12:00:00 AM",2020,September,26,Saturday,0,53,Collins St (North),1,10269,9,6
4087150,"January 07, 2022 09:00:00 PM",2022,January,7,Friday,21,2,Bourke Street Mall (South),186,51884,1,5
852073,"May 23, 2014 03:00:00 AM",2014,May,23,Friday,3,27,QV Market-Peel St,2,4195,5,5
1254541,"September 11, 2015 11:00:00 PM",2015,September,11,Friday,23,25,Melbourne Convention Exhibition Centre,302,21974,9,5
77082,"November 05, 2009 04:00:00 PM",2009,November,5,Thursday,16,18,Collins Place (North),1008,19958,11,4
3201508,"June 18, 2020 11:00:00 PM",2020,June,18,Thursday,23,53,Collins St (North),38,10269,6,4
1009429,"December 12, 2014 03:00:00 PM",2014,December,12,Friday,15,2,Bourke Street Mall (South),3270,51884,12,5
4031573,"December 04, 2021 02:00:00 AM",2021,December,4,Saturday,2,27,QV Market-Peel St,8,4195,12,6
1724968,"January 04, 2017 11:00:00 AM",2017,January,4,Wednesday,11,11,Waterfront City,110,3858,1,3
4132766,"January 28, 2022 01:00:00 PM",2022,January,28,Friday,13,77,Harbour Esplanade (West) - Ped Path,94,1603,1,5
3440002,"December 04, 2020 06:00:00 AM",2020,December,4,Friday,6,63,231 Bourke St,35,2097,12,5
4307345,"May 12, 2022 12:00:00 PM",2022,May,12,Thursday,12,46,Pelham St (South),203,950,5,4
747391,"January 03, 2014 07:00:00 AM",2014,January,3,Friday,7,1,Bourke Street Mall (North),189,39294,1,5
1441715,"March 21, 2016 06:00:00 PM",2016,March,21,Monday,18,15,State Library,2199,50017,3,1
1228181,"August 15, 2015 03:00:00 AM",2015,August,15,Saturday,3,29,St Kilda Rd-Alexandra Gardens,14,11995,8,6
1054236,"February 07, 2015 04:00:00 AM",2015,February,7,Saturday,4,27,QV Market-Peel St,8,4195,2,6
3275754,"August 12, 2020 05:00:00 AM",2020,August,12,Wednesday,5,20,Chinatown-Lt Bourke St (South),6,9613,8,3
902350,"July 26, 2014 11:00:00 PM",2014,July,26,Saturday,23,8,Webb Bridge,42,10114,7,6
1873113,"June 15, 2017 01:00:00 PM",2017,June,15,Thursday,13,11,Waterfront City,140,3858,6,4
1585089,"August 11, 2016 12:00:00 AM",2016,August,11,Thursday,0,25,Melbourne Convention Exhibition Centre,36,21974,8,4
2404073,"October 05, 2018 09:00:00 AM",2018,October,5,Friday,9,18,Collins Place (North),922,19958,10,5
956278,"October 05, 2014 05:00:00 AM",2014,October,5,Sunday,5,13,Flagstaff Station,15,16612,10,7
1601485,"August 28, 2016 09:00:00 AM",2016,August,28,Sunday,9,28,The Arts Centre,704,18152,8,7
2296693,"July 09, 2018 03:00:00 PM",2018,July,9,Monday,15,6,Flinders Street Station Underpass,2197,53444,7,1
1773459,"February 27, 2017 12:00:00 AM",2017,February,27,Monday,0,7,Birrarung Marr,64,19635,2,1
3980120,"November 11, 2021 04:00:00 AM",2021,November,11,Thursday,4,68,Flinders Ln -Degraves St (North),0,787,11,4
1189126,"July 04, 2015 12:00:00 PM",2015,July,4,Saturday,12,14,Sandridge Bridge,400,22489,7,6
2985407,"January 14, 2020 04:00:00 PM",2020,January,14,Tuesday,16,41,Flinders La-Swanston St (West),3186,18345,1,2
2673054,"May 16, 2019 07:00:00 PM",2019,May,16,Thursday,19,30,Lonsdale St (South),984,11717,5,4
2187267,"April 05, 2018 02:00:00 PM",2018,April,5,Thursday,14,40,Lonsdale St-Spring St (West),601,6131,4,4
4430331,"August 24, 2022 09:00:00 PM",2022,August,24,Wednesday,21,11,Waterfront City,53,3858,8,3
1580520,"August 06, 2016 09:00:00 AM",2016,August,6,Saturday,9,44,Tin Alley-Swanston St (West),96,2369,8,6
1194178,"July 09, 2015 09:00:00 PM",2015,July,9,Thursday,21,25,Melbourne Convention Exhibition Centre,275,21974,7,4
3019281,"February 08, 2020 05:00:00 PM",2020,February,8,Saturday,17,41,Flinders La-Swanston St (West),2851,18345,2,6
1669969,"November 06, 2016 11:00:00 PM",2016,November,6,Sunday,23,24,Spencer St-Collins St (North),249,28852,11,7
849393,"May 19, 2014 02:00:00 PM",2014,May,19,Monday,14,19,Chinatown-Swanston St (North),831,9047,5,1
1775516,"March 01, 2017 04:00:00 AM",2017,March,1,Wednesday,4,40,Lonsdale St-Spring St (West),8,6131,3,3
3407694,"November 12, 2020 07:00:00 AM",2020,November,12,Thursday,7,4,Town Hall (West),226,66031,11,4
2670730,"May 14, 2019 09:00:00 PM",2019,May,14,Tuesday,21,30,Lonsdale St (South),608,11717,5,2
2331282,"August 07, 2018 07:00:00 AM",2018,August,7,Tuesday,7,24,Spencer St-Collins St (North),2434,28852,8,2
1432330,"March 12, 2016 10:00:00 AM",2016,March,12,Saturday,10,1,Bourke Street Mall (North),1460,39294,3,6
2903412,"November 13, 2019 10:00:00 PM",2019,November,13,Wednesday,22,9,Southern Cross Station,132,19152,11,3
1995043,"October 16, 2017 11:00:00 PM",2017,October,16,Monday,23,41,Flinders La-Swanston St (West),517,18345,10,1
2466372,"November 25, 2018 11:00:00 PM",2018,November,25,Sunday,23,46,Pelham St (South),7,950,11,7
2229313,"May 12, 2018 06:00:00 AM",2018,May,12,Saturday,6,34,Flinders St-Spark La,62,3015,5,6
1076801,"March 05, 2015 01:00:00 AM",2015,March,5,Thursday,1,18,Collins Place (North),7,19958,3,4
1354146,"December 24, 2015 11:00:00 PM",2015,December,24,Thursday,23,23,Spencer St-Collins St (South),131,7263,12,4
3773640,"July 10, 2021 06:00:00 PM",2021,July,10,Saturday,18,55,Elizabeth St-La Trobe St (East),1520,8520,7,6
3968444,"November 04, 2021 06:00:00 AM",2021,November,4,Thursday,6,79,Flinders St (South),111,3382,11,4
4117555,"January 14, 2022 06:00:00 PM",2022,January,14,Friday,18,50,Faraday St-Lygon St (West),298,4434,1,5
2229027,"May 12, 2018 12:00:00 AM",2018,May,12,Saturday,0,29,St Kilda Rd-Alexandra Gardens,47,11995,5,6
1156960,"June 01, 2015 06:00:00 PM",2015,June,1,Monday,18,14,Sandridge Bridge,1514,22489,6,1
2947084,"December 17, 2019 05:00:00 AM",2019,December,17,Tuesday,5,42,Grattan St-Swanston St (West),12,4073,12,2
4334775,"June 24, 2022 10:00:00 AM",2022,June,24,Friday,10,12,New Quay,75,9339,6,5
2882654,"October 28, 2019 09:00:00 PM",2019,October,28,Monday,21,47,Melbourne Central-Elizabeth St (East),686,25243,10,1
3713857,"June 04, 2021 10:00:00 PM",2021,June,4,Friday,22,6,Flinders Street Station Underpass,139,53444,6,5
2708309,"June 14, 2019 01:00:00 AM",2019,June,14,Friday,1,10,Victoria Point,4,8826,6,5
3340190,"September 26, 2020 03:00:00 AM",2020,September,26,Saturday,3,10,Victoria Point,3,8826,9,6
2582194,"March 03, 2019 02:00:00 AM",2019,March,3,Sunday,2,24,Spencer St-Collins St (North),154,28852,3,7
692112,"October 17, 2013 08:00:00 PM",2013,October,17,Thursday,20,27,QV Market-Peel St,107,4195,10,4
134121,"March 17, 2010 05:00:00 PM",2010,March,17,Wednesday,17,15,State Library,2292,50017,3,3
2112902,"January 30, 2018 05:00:00 PM",2018,January,30,Tuesday,17,34,Flinders St-Spark La,292,3015,1,2
3085375,"March 27, 2020 04:00:00 PM",2020,March,27,Friday,16,63,231 Bourke St,248,2097,3,5
3377282,"October 22, 2020 05:00:00 AM",2020,October,22,Thursday,5,24,Spencer St-Collins St (North),104,28852,10,4
4053800,"December 13, 2021 05:00:00 AM",2021,December,13,Monday,5,64,Royal Pde - Grattan St,26,26,12,1
2108789,"January 27, 2018 02:00:00 AM",2018,January,27,Saturday,2,6,Flinders Street Station Underpass,238,53444,1,6
1612336,"September 08, 2016 11:00:00 AM",2016,September,8,Thursday,11,23,Spencer St-Collins St (South),504,7263,9,4
549676,"December 05, 2012 09:00:00 AM",2012,December,5,Wednesday,9,9,Southern Cross Station,1312,19152,12,3
3919567,"October 06, 2021 02:00:00 AM",2021,October,6,Wednesday,2,63,231 Bourke St,55,2097,10,3
2155400,"March 08, 2018 04:00:00 PM",2018,March,8,Thursday,16,53,Collins St (North),1635,10269,3,4
3476671,"December 27, 2020 11:00:00 PM",2020,December,27,Sunday,23,35,Southbank,232,39528,12,7
1196106,"July 11, 2015 11:00:00 PM",2015,July,11,Saturday,23,1,Bourke Street Mall (North),240,39294,7,6
1386423,"January 26, 2016 08:00:00 PM",2016,January,26,Tuesday,20,1,Bourke Street Mall (North),491,39294,1,2
492618,"July 25, 2012 10:00:00 AM",2012,July,25,Wednesday,10,6,Flinders Street Station Underpass,1093,53444,7,3
4046755,"December 20, 2021 04:00:00 PM",2021,December,20,Monday,16,49,QVM-Therry St (South),83,3064,12,1
2279408,"June 24, 2018 11:00:00 PM",2018,June,24,Sunday,23,35,Southbank,306,39528,6,7
3491707,"January 06, 2021 11:00:00 AM",2021,January,6,Wednesday,11,57,Bourke St Bridge,136,7217,1,3
397683,"December 18, 2011 02:00:00 PM",2011,December,18,Sunday,14,6,Flinders Street Station Underpass,1737,53444,12,7
571498,"January 26, 2013 08:00:00 AM",2013,January,26,Saturday,8,9,Southern Cross Station,59,19152,1,6
3957127,"October 28, 2021 02:00:00 PM",2021,October,28,Thursday,14,40,Lonsdale St-Spring St (West),130,6131,10,4
3108965,"April 14, 2020 12:00:00 AM",2020,April,14,Tuesday,0,65,Swanston St - City Square,3,2073,4,2
2439135,"November 03, 2018 06:00:00 AM",2018,November,3,Saturday,6,51,QVM-Franklin St (North),23,2358,11,6
969449,"October 21, 2014 09:00:00 PM",2014,October,21,Tuesday,21,31,Lygon St (West),732,7422,10,2
467625,"May 28, 2012 01:00:00 PM",2012,May,28,Monday,13,15,State Library,1769,50017,5,1
920194,"August 20, 2014 12:00:00 AM",2014,August,20,Wednesday,0,13,Flagstaff Station,14,16612,8,3
2257633,"June 06, 2018 01:00:00 AM",2018,June,6,Wednesday,1,53,Collins St (North),26,10269,6,3
3267141,"August 05, 2020 04:00:00 PM",2020,August,5,Wednesday,16,59,Swanston St - RMIT Building 80,70,4148,8,3
3158055,"May 19, 2020 04:00:00 AM",2020,May,19,Tuesday,4,9,Southern Cross Station,2,19152,5,2
2957122,"December 24, 2019 06:00:00 PM",2019,December,24,Tuesday,18,31,Lygon St (West),351,7422,12,2
157499,"May 10, 2010 08:00:00 PM",2010,May,10,Monday,20,11,Waterfront City,54,3858,5,1
1371258,"January 11, 2016 06:00:00 PM",2016,January,11,Monday,18,17,Collins Place (South),674,20168,1,1
1079796,"March 08, 2015 10:00:00 AM",2015,March,8,Sunday,10,14,Sandridge Bridge,419,22489,3,7
2883424,"October 29, 2019 12:00:00 PM",2019,October,29,Tuesday,12,4,Town Hall (West),3081,66031,10,2
2333353,"August 09, 2018 12:00:00 AM",2018,August,9,Thursday,0,1,Bourke Street Mall (North),110,39294,8,4
3837039,"August 17, 2021 11:00:00 PM",2021,August,17,Tuesday,23,10,Victoria Point,4,8826,8,2
824159,"April 15, 2014 05:00:00 AM",2014,April,15,Tuesday,5,14,Sandridge Bridge,89,22489,4,2
289630,"March 28, 2011 04:00:00 PM",2011,March,28,Monday,16,15,State Library,1981,50017,3,1
129664,"March 07, 2010 10:00:00 AM",2010,March,7,Sunday,10,4,Town Hall (West),1323,66031,3,7
2353910,"August 25, 2018 08:00:00 PM",2018,August,25,Saturday,20,3,Melbourne Central,2508,36815,8,6
4305332,"May 21, 2022 03:00:00 PM",2022,May,21,Saturday,15,35,Southbank,3284,39528,5,6
3300704,"August 30, 2020 09:00:00 AM",2020,August,30,Sunday,9,53,Collins St (North),26,10269,8,7
1661669,"October 29, 2016 02:00:00 AM",2016,October,29,Saturday,2,31,Lygon St (West),62,7422,10,6
2881245,"October 27, 2019 07:00:00 PM",2019,October,27,Sunday,19,43,Monash Rd-Swanston St (West),151,5218,10,7
3318615,"September 11, 2020 03:00:00 PM",2020,September,11,Friday,15,12,New Quay,191,9339,9,5
784823,"February 21, 2014 04:00:00 AM",2014,February,21,Friday,4,17,Collins Place (South),21,20168,2,5
1737105,"January 18, 2017 12:00:00 AM",2017,January,18,Wednesday,0,15,State Library,115,50017,1,3
1757422,"February 09, 2017 12:00:00 PM",2017,February,9,Thursday,12,15,State Library,1300,50017,2,4
2734441,"July 04, 2019 10:00:00 PM",2019,July,4,Thursday,22,26,QV Market-Elizabeth St (West),237,17253,7,4
1773129,"February 26, 2017 03:00:00 PM",2017,February,26,Sunday,15,30,Lonsdale St (South),991,11717,2,7
1628900,"September 24, 2016 09:00:00 PM",2016,September,24,Saturday,21,39,Alfred Place,114,5676,9,6
4424962,"August 18, 2022 04:00:00 AM",2022,August,18,Thursday,4,66,State Library - New,15,3945,8,4
1800760,"March 28, 2017 02:00:00 PM",2017,March,28,Tuesday,14,6,Flinders Street Station Underpass,2191,53444,3,2
3122400,"April 23, 2020 06:00:00 PM",2020,April,23,Thursday,18,48,QVM-Queen St (East),60,3752,4,4
2126336,"February 11, 2018 10:00:00 AM",2018,February,11,Sunday,10,34,Flinders St-Spark La,80,3015,2,7
1380494,"January 20, 2016 10:00:00 PM",2016,January,20,Wednesday,22,12,New Quay,220,9339,1,3
2469506,"November 28, 2018 02:00:00 PM",2018,November,28,Wednesday,14,26,QV Market-Elizabeth St (West),754,17253,11,3
687075,"October 10, 2013 04:00:00 PM",2013,October,10,Thursday,16,14,Sandridge Bridge,630,22489,10,4
2926037,"December 01, 2019 06:00:00 AM",2019,December,1,Sunday,6,31,Lygon St (West),21,7422,12,7
780495,"February 15, 2014 01:00:00 PM",2014,February,15,Saturday,13,9,Southern Cross Station,18,19152,2,6
1728002,"January 07, 2017 07:00:00 PM",2017,January,7,Saturday,19,28,The Arts Centre,941,18152,1,6
356451,"September 08, 2011 11:00:00 AM",2011,September,8,Thursday,11,9,Southern Cross Station,343,19152,9,4
399874,"December 23, 2011 05:00:00 PM",2011,December,23,Friday,17,16,Australia on Collins,1550,16700,12,5
3856614,"August 29, 2021 06:00:00 PM",2021,August,29,Sunday,18,69,Flinders Ln -Degraves St (Crossing),10,318,8,7
2108715,"January 27, 2018 12:00:00 AM",2018,January,27,Saturday,0,29,St Kilda Rd-Alexandra Gardens,99,11995,1,6
1042874,"January 24, 2015 08:00:00 PM",2015,January,24,Saturday,20,11,Waterfront City,447,3858,1,6
1454140,"April 03, 2016 03:00:00 AM",2016,April,3,Sunday,3,34,Flinders St-Spark La,5,3015,4,7
2261237,"June 09, 2018 05:00:00 AM",2018,June,9,Saturday,5,4,Town Hall (West),107,66031,6,6
3210031,"June 24, 2020 11:00:00 PM",2020,June,24,Wednesday,23,40,Lonsdale St-Spring St (West),14,6131,6,3
4446204,"August 04, 2022 06:00:00 AM",2022,August,4,Thursday,6,44,Tin Alley-Swanston St (West),16,2369,8,4
1355145,"December 25, 2015 11:00:00 PM",2015,December,25,Friday,23,39,Alfred Place,76,5676,12,5
329282,"July 03, 2011 09:00:00 PM",2011,July,3,Sunday,21,6,Flinders Street Station Underpass,606,53444,7,7
2269936,"June 16, 2018 06:00:00 PM",2018,June,16,Saturday,18,18,Collins Place (North),169,19958,6,6
4282181,"May 25, 2022 12:00:00 AM",2022,May,25,Wednesday,0,3,Melbourne Central,191,36815,5,3
2168589,"March 20, 2018 08:00:00 AM",2018,March,20,Tuesday,8,49,QVM-Therry St (South),211,3064,3,2
500291,"August 12, 2012 04:00:00 AM",2012,August,12,Sunday,4,11,Waterfront City,10,3858,8,7
3730768,"June 15, 2021 04:00:00 AM",2021,June,15,Tuesday,4,23,Spencer St-Collins St (South),6,7263,6,2
497805,"August 06, 2012 10:00:00 AM",2012,August,6,Monday,10,9,Southern Cross Station,396,19152,8,1
3101464,"April 08, 2020 10:00:00 AM",2020,April,8,Wednesday,10,66,State Library-New,177,804,4,3
2494425,"December 19, 2018 12:00:00 AM",2018,December,19,Wednesday,0,40,Lonsdale St-Spring St (West),28,6131,12,3
3850614,"August 26, 2021 04:00:00 AM",2021,August,26,Thursday,4,70,Errol Street (East),1,145,8,4
3906946,"September 28, 2021 03:00:00 PM",2021,September,28,Tuesday,15,21,Bourke St-Russell St (West),275,19095,9,2
2918310,"November 25, 2019 06:00:00 AM",2019,November,25,Monday,6,31,Lygon St (West),43,7422,11,1
1289665,"October 18, 2015 07:00:00 PM",2015,October,18,Sunday,19,15,State Library,1170,50017,10,7
1164593,"June 09, 2015 12:00:00 PM",2015,June,9,Tuesday,12,22,Flinders St-Elizabeth St (East),2637,44664,6,2
3087511,"March 29, 2020 05:00:00 AM",2020,March,29,Sunday,5,51,QVM-Franklin St (North),2,2358,3,7
4196361,"March 23, 2022 07:00:00 AM",2022,March,23,Wednesday,7,20,Chinatown-Lt Bourke St (South),44,9613,3,3
2272233,"June 18, 2018 06:00:00 PM",2018,June,18,Monday,18,8,Webb Bridge,321,10114,6,1
4088460,"January 31, 2022 11:00:00 AM",2022,January,31,Monday,11,1,Bourke Street Mall (North),953,39294,1,1
3408439,"November 12, 2020 07:00:00 PM",2020,November,12,Thursday,19,6,Flinders Street Station Underpass,635,53444,11,4
274894,"February 19, 2011 08:00:00 PM",2011,February,19,Saturday,20,16,Australia on Collins,269,16700,2,6
209367,"September 09, 2010 12:00:00 AM",2010,September,9,Thursday,0,1,Bourke Street Mall (North),176,39294,9,4
680819,"October 01, 2013 01:00:00 AM",2013,October,1,Tuesday,1,7,Birrarung Marr,3,19635,10,2
22752,"June 27, 2009 11:00:00 PM",2009,June,27,Saturday,23,18,Collins Place (North),104,19958,6,6
4277267,"April 05, 2022 06:00:00 AM",2022,April,5,Tuesday,6,86,Queensberry St - Errol St (South),32,313,4,2
4199648,"March 05, 2022 06:00:00 AM",2022,March,5,Saturday,6,14,Sandridge Bridge,46,22489,3,6
594575,"March 20, 2013 06:00:00 PM",2013,March,20,Wednesday,18,10,Victoria Point,318,8826,3,3
1799641,"March 27, 2017 07:00:00 AM",2017,March,27,Monday,7,40,Lonsdale St-Spring St (West),226,6131,3,1
1310688,"November 10, 2015 10:00:00 AM",2015,November,10,Tuesday,10,20,Chinatown-Lt Bourke St (South),234,9613,11,2
3436747,"December 02, 2020 02:00:00 AM",2020,December,2,Wednesday,2,37,Lygon St (East),3,5038,12,3
473826,"June 11, 2012 10:00:00 PM",2012,June,11,Monday,22,6,Flinders Street Station Underpass,343,53444,6,1
2486566,"December 12, 2018 02:00:00 PM",2018,December,12,Wednesday,14,33,Flinders St-Spring St (West),258,3961,12,3
346233,"August 14, 2011 10:00:00 AM",2011,August,14,Sunday,10,8,Webb Bridge,177,10114,8,7
2798053,"August 23, 2019 04:00:00 AM",2019,August,23,Friday,4,28,The Arts Centre,53,18152,8,5
1870343,"June 12, 2017 12:00:00 PM",2017,June,12,Monday,12,2,Bourke Street Mall (South),2269,51884,6,1
1558833,"July 15, 2016 08:00:00 PM",2016,July,15,Friday,20,21,Bourke St-Russell St (West),1408,19095,7,5
1652019,"October 18, 2016 09:00:00 PM",2016,October,18,Tuesday,21,32,City Square,597,7715,10,2
560541,"December 31, 2012 02:00:00 AM",2012,December,31,Monday,2,10,Victoria Point,1,8826,12,1
398014,"December 19, 2011 09:00:00 AM",2011,December,19,Monday,9,14,Sandridge Bridge,429,22489,12,1
1773778,"February 27, 2017 08:00:00 AM",2017,February,27,Monday,8,14,Sandridge Bridge,1293,22489,2,1
400554,"December 25, 2011 07:00:00 AM",2011,December,25,Sunday,7,12,New Quay,8,9339,12,7
2766157,"July 29, 2019 02:00:00 PM",2019,July,29,Monday,14,22,Flinders St-Elizabeth St (East),2928,44664,7,1
514644,"September 15, 2012 12:00:00 AM",2012,September,15,Saturday,0,12,New Quay,44,9339,9,6
129772,"March 07, 2010 04:00:00 PM",2010,March,7,Sunday,16,4,Town Hall (West),2949,66031,3,7
2518890,"January 08, 2019 01:00:00 PM",2019,January,8,Tuesday,13,47,Melbourne Central-Elizabeth St (East),2311,25243,1,2
3253714,"July 26, 2020 06:00:00 PM",2020,July,26,Sunday,18,54,Lincoln-Swanston(West),4,634,7,7
2772401,"August 03, 2019 07:00:00 AM",2019,August,3,Saturday,7,54,Lincoln-Swanston(West),32,634,8,6
4340804,"June 09, 2022 02:00:00 PM",2022,June,9,Thursday,14,27,QV Market-Peel St,156,4195,6,4
3294842,"August 26, 2020 03:00:00 AM",2020,August,26,Wednesday,3,66,State Library-New,1,804,8,3
2246272,"May 27, 2018 05:00:00 AM",2018,May,27,Sunday,5,18,Collins Place (North),10,19958,5,7
1381743,"January 22, 2016 04:00:00 AM",2016,January,22,Friday,4,5,Princes Bridge,69,52415,1,5
3240458,"July 17, 2020 12:00:00 AM",2020,July,17,Friday,0,41,Flinders La-Swanston St (West),48,18345,7,5
1814999,"April 12, 2017 09:00:00 PM",2017,April,12,Wednesday,21,23,Spencer St-Collins St (South),195,7263,4,3
115106,"February 01, 2010 05:00:00 PM",2010,February,1,Monday,17,8,Webb Bridge,332,10114,2,1
3472498,"December 25, 2020 06:00:00 AM",2020,December,25,Friday,6,54,Lincoln-Swanston(West),3,634,12,5
704062,"November 03, 2013 11:00:00 AM",2013,November,3,Sunday,11,6,Flinders Street Station Underpass,1002,53444,11,7
2757722,"July 23, 2019 02:00:00 AM",2019,July,23,Tuesday,2,53,Collins St (North),12,10269,7,2
3979678,"November 10, 2021 10:00:00 PM",2021,November,10,Wednesday,22,45,Little Collins St-Swanston St (East),175,10394,11,3
2853154,"October 06, 2019 01:00:00 AM",2019,October,6,Sunday,1,45,Little Collins St-Swanston St (East),317,10394,10,7
4463462,"August 12, 2022 08:00:00 AM",2022,August,12,Friday,8,76,Macaulay Rd - Bellair St,133,268,8,5
1780644,"March 06, 2017 04:00:00 PM",2017,March,6,Monday,16,17,Collins Place (South),780,20168,3,1
1039246,"January 20, 2015 12:00:00 PM",2015,January,20,Tuesday,12,11,Waterfront City,206,3858,1,2
3649468,"April 17, 2021 01:00:00 PM",2021,April,17,Saturday,13,72,Flinders St-ACMI,720,1442,4,6
1122383,"April 25, 2015 07:00:00 AM",2015,April,25,Saturday,7,43,Monash Rd-Swanston St (West),34,5218,4,6
2420877,"October 19, 2018 02:00:00 AM",2018,October,19,Friday,2,46,Pelham St (South),2,950,10,5
190993,"July 27, 2010 10:00:00 AM",2010,July,27,Tuesday,10,13,Flagstaff Station,1266,16612,7,2
3238579,"July 15, 2020 03:00:00 PM",2020,July,15,Wednesday,15,47,Melbourne Central-Elizabeth St (East),752,25243,7,3
785743,"February 22, 2014 09:00:00 AM",2014,February,22,Saturday,9,27,QV Market-Peel St,279,4195,2,6
2734625,"July 05, 2019 01:00:00 AM",2019,July,5,Friday,1,51,QVM-Franklin St (North),8,2358,7,5
432494,"March 08, 2012 06:00:00 AM",2012,March,8,Thursday,6,2,Bourke Street Mall (South),103,51884,3,4
3443684,"December 06, 2020 04:00:00 PM",2020,December,6,Sunday,16,48,QVM-Queen St (East),325,3752,12,7
2265213,"June 12, 2018 03:00:00 PM",2018,June,12,Tuesday,15,49,QVM-Therry St (South),256,3064,6,2
4012558,"November 30, 2021 05:00:00 PM",2021,November,30,Tuesday,17,72,Flinders St-ACMI,504,1442,11,2
3755923,"June 30, 2021 04:00:00 AM",2021,June,30,Wednesday,4,57,Bourke St Bridge,5,7217,6,3
1224680,"August 11, 2015 09:00:00 AM",2015,August,11,Tuesday,9,11,Waterfront City,22,3858,8,2
4255587,"April 24, 2022 11:00:00 PM",2022,April,24,Sunday,23,48,QVM-Queen St (East),90,3752,4,7
4166543,"February 02, 2022 10:00:00 PM",2022,February,2,Wednesday,22,54,Lincoln-Swanston(West),80,634,2,3
4319530,"May 10, 2022 05:00:00 AM",2022,May,10,Tuesday,5,72,Flinders St - ACMI,50,125,5,2
1940454,"August 25, 2017 11:00:00 AM",2017,August,25,Friday,11,47,Melbourne Central-Elizabeth St (East),1512,25243,8,5
2041474,"November 28, 2017 08:00:00 AM",2017,November,28,Tuesday,8,27,QV Market-Peel St,201,4195,11,2
2495728,"December 20, 2018 02:00:00 AM",2018,December,20,Thursday,2,12,New Quay,24,9339,12,4
1969207,"September 22, 2017 10:00:00 PM",2017,September,22,Friday,22,4,Town Hall (West),1545,66031,9,5
3507635,"January 16, 2021 12:00:00 PM",2021,January,16,Saturday,12,8,Webb Bridge,234,10114,1,6
3337465,"September 24, 2020 07:00:00 AM",2020,September,24,Thursday,7,8,Webb Bridge,132,10114,9,4
2408065,"October 08, 2018 03:00:00 PM",2018,October,8,Monday,15,33,Flinders St-Spring St (West),259,3961,10,1
711535,"November 13, 2013 08:00:00 PM",2013,November,13,Wednesday,20,9,Southern Cross Station,186,19152,11,3
1259530,"September 17, 2015 04:00:00 AM",2015,September,17,Thursday,4,12,New Quay,4,9339,9,4
3122521,"April 23, 2020 08:00:00 PM",2020,April,23,Thursday,20,54,Lincoln-Swanston(West),32,634,4,4
4473534,"September 06, 2022 01:00:00 AM",2022,September,6,Tuesday,1,66,State Library - New,36,3945,9,2
1524897,"June 12, 2016 02:00:00 AM",2016,June,12,Sunday,2,8,Webb Bridge,9,10114,6,7
1167916,"June 12, 2015 09:00:00 PM",2015,June,12,Friday,21,24,Spencer St-Collins St (North),569,28852,6,5
3321590,"September 13, 2020 03:00:00 PM",2020,September,13,Sunday,15,10,Victoria Point,41,8826,9,7
2735768,"July 05, 2019 10:00:00 PM",2019,July,5,Friday,22,61,Swanston St - RMIT Building 14,274,2350,7,5
1801454,"March 29, 2017 08:00:00 AM",2017,March,29,Wednesday,8,29,St Kilda Rd-Alexandra Gardens,756,11995,3,3
1277081,"October 05, 2015 09:00:00 AM",2015,October,5,Monday,9,3,Melbourne Central,927,36815,10,1
1672685,"November 09, 2016 09:00:00 PM",2016,November,9,Wednesday,21,8,Webb Bridge,68,10114,11,3
33150,"July 23, 2009 11:00:00 AM",2009,July,23,Thursday,11,12,New Quay,117,9339,7,4
4037680,"December 14, 2021 01:00:00 PM",2021,December,14,Tuesday,13,40,Lonsdale St-Spring St (West),321,6131,12,2
2231651,"May 14, 2018 08:00:00 AM",2018,May,14,Monday,8,21,Bourke St-Russell St (West),325,19095,5,1
2370472,"September 08, 2018 08:00:00 AM",2018,September,8,Saturday,8,41,Flinders La-Swanston St (West),721,18345,9,6
407135,"January 09, 2012 01:00:00 PM",2012,January,9,Monday,13,5,Princes Bridge,1455,52415,1,1
3746427,"June 24, 2021 11:00:00 AM",2021,June,24,Thursday,11,77,Harbour Esplanade (West) - Ped Path,160,1603,6,4
3626973,"April 03, 2021 11:00:00 AM",2021,April,3,Saturday,11,29,St Kilda Rd-Alexandra Gardens,348,11995,4,6
879159,"June 26, 2014 10:00:00 AM",2014,June,26,Thursday,10,10,Victoria Point,180,8826,6,4
4336350,"June 30, 2022 01:00:00 AM",2022,June,30,Thursday,1,8,Webb Bridge,1,10114,6,4
4242451,"April 17, 2022 03:00:00 PM",2022,April,17,Sunday,15,8,Webb Bridge,481,10114,4,7
1601920,"August 28, 2016 08:00:00 PM",2016,August,28,Sunday,20,23,Spencer St-Collins St (South),173,7263,8,7
1974509,"September 27, 2017 07:00:00 PM",2017,September,27,Wednesday,19,46,Pelham St (South),88,950,9,3
3252851,"July 26, 2020 03:00:00 AM",2020,July,26,Sunday,3,22,Flinders St-Elizabeth St (East),37,44664,7,7
4172551,"February 08, 2022 06:00:00 AM",2022,February,8,Tuesday,6,68,Flinders Ln - Degraves St (North),19,286,2,2
1341714,"December 12, 2015 08:00:00 AM",2015,December,12,Saturday,8,12,New Quay,83,9339,12,6
1075660,"March 03, 2015 06:00:00 PM",2015,March,3,Tuesday,18,19,Chinatown-Swanston St (North),1122,9047,3,2
1307125,"November 06, 2015 03:00:00 PM",2015,November,6,Friday,15,5,Princes Bridge,1791,52415,11,5
4401490,"July 21, 2022 05:00:00 AM",2022,July,21,Thursday,5,46,Pelham St (South),6,950,7,4
127818,"March 03, 2010 03:00:00 AM",2010,March,3,Wednesday,3,12,New Quay,0,9339,3,3
52116,"September 07, 2009 11:00:00 PM",2009,September,7,Monday,23,5,Princes Bridge,240,52415,9,1
2812046,"September 03, 2019 05:00:00 AM",2019,September,3,Tuesday,5,46,Pelham St (S),9,40,9,2
589198,"March 08, 2013 07:00:00 AM",2013,March,8,Friday,7,15,State Library,265,50017,3,5
981507,"November 06, 2014 10:00:00 AM",2014,November,6,Thursday,10,22,Flinders St-Elizabeth St (East),1987,44664,11,4
4202769,"March 11, 2022 07:00:00 AM",2022,March,11,Friday,7,30,Lonsdale St (South),61,11717,3,5
838621,"May 04, 2014 07:00:00 PM",2014,May,4,Sunday,19,21,Bourke St-Russell St (West),625,19095,5,7
1731210,"January 11, 2017 12:00:00 PM",2017,January,11,Wednesday,12,28,The Arts Centre,1962,18152,1,3
4103696,"January 19, 2022 07:00:00 AM",2022,January,19,Wednesday,7,57,Bourke St Bridge,170,7217,1,3
4183139,"March 30, 2022 09:00:00 AM",2022,March,30,Wednesday,9,4,Town Hall (West),976,66031,3,3
1050475,"February 02, 2015 08:00:00 PM",2015,February,2,Monday,20,8,Webb Bridge,73,10114,2,1
2360661,"August 31, 2018 08:00:00 AM",2018,August,31,Friday,8,24,Spencer St-Collins St (North),3913,28852,8,5
2041729,"November 28, 2017 02:00:00 PM",2017,November,28,Tuesday,14,4,Town Hall (West),3111,66031,11,2
3514813,"January 21, 2021 01:00:00 AM",2021,January,21,Thursday,1,62,La Trobe St (North),31,1047,1,4
2247709,"May 28, 2018 11:00:00 AM",2018,May,28,Monday,11,12,New Quay,178,9339,5,1
4116052,"January 14, 2022 03:00:00 AM",2022,January,14,Friday,3,49,QVM-Therry St (South),24,3064,1,5
1222922,"August 09, 2015 12:00:00 PM",2015,August,9,Sunday,12,22,Flinders St-Elizabeth St (East),2237,44664,8,7
4338976,"June 19, 2022 11:00:00 AM",2022,June,19,Sunday,11,19,Chinatown-Swanston St (North),528,9047,6,7
4506123,"September 04, 2022 06:00:00 AM",2022,September,4,Sunday,6,69,Flinders Ln - Degraves St (Crossing),3,225,9,7
1136898,"May 11, 2015 07:00:00 AM",2015,May,11,Monday,7,9,Southern Cross Station,1460,19152,5,1
2973395,"January 05, 2020 09:00:00 PM",2020,January,5,Sunday,21,2,Bourke Street Mall (South),235,51884,1,7
2135515,"February 19, 2018 10:00:00 AM",2018,February,19,Monday,10,46,Pelham St (South),152,950,2,1
450600,"April 19, 2012 03:00:00 AM",2012,April,19,Thursday,3,18,Collins Place (North),3,19958,4,4
3252941,"July 26, 2020 05:00:00 AM",2020,July,26,Sunday,5,17,Collins Place (South),7,20168,7,7
3659022,"April 23, 2021 12:00:00 PM",2021,April,23,Friday,12,35,Southbank,1727,39528,4,5
2653678,"May 01, 2019 03:00:00 AM",2019,May,1,Wednesday,3,20,Chinatown-Lt Bourke St (South),36,9613,5,3
2697010,"June 04, 2019 11:00:00 PM",2019,June,4,Tuesday,23,54,Lincoln-Swanston (West),36,504,6,2
1372870,"January 13, 2016 08:00:00 AM",2016,January,13,Wednesday,8,33,Flinders St-Spring St (West),496,3961,1,3
2045166,"December 01, 2017 03:00:00 PM",2017,December,1,Friday,15,50,Faraday St-Lygon St (West),221,4434,12,5
340458,"July 31, 2011 06:00:00 AM",2011,July,31,Sunday,6,13,Flagstaff Station,8,16612,7,7
2356893,"August 28, 2018 06:00:00 AM",2018,August,28,Tuesday,6,30,Lonsdale St (South),87,11717,8,2
914003,"August 11, 2014 10:00:00 PM",2014,August,11,Monday,22,31,Lygon St (West),177,7422,8,1
931474,"September 03, 2014 08:00:00 AM",2014,September,3,Wednesday,8,13,Flagstaff Station,4863,16612,9,3
755226,"January 13, 2014 01:00:00 PM",2014,January,13,Monday,13,26,QV Market-Elizabeth St (West),770,17253,1,1
1592585,"August 18, 2016 10:00:00 PM",2016,August,18,Thursday,22,39,Alfred Place,74,5676,8,4
3063546,"March 12, 2020 02:00:00 AM",2020,March,12,Thursday,2,14,Sandridge Bridge,12,22489,3,4
4420249,"July 29, 2022 07:00:00 PM",2022,July,29,Friday,19,87,Errol St (West),164,583,7,5
2952630,"December 21, 2019 10:00:00 AM",2019,December,21,Saturday,10,6,Flinders Street Station Underpass,1245,53444,12,6
444118,"April 04, 2012 03:00:00 AM",2012,April,4,Wednesday,3,16,Australia on Collins,8,16700,4,3
4240439,"April 23, 2022 07:00:00 PM",2022,April,23,Saturday,19,10,Victoria Point,99,8826,4,6
3409777,"November 13, 2020 05:00:00 PM",2020,November,13,Friday,17,39,Alfred Place,54,5676,11,5
3419210,"November 20, 2020 04:00:00 AM",2020,November,20,Friday,4,53,Collins St (North),4,10269,11,5
2950208,"December 19, 2019 02:00:00 PM",2019,December,19,Thursday,14,22,Flinders St-Elizabeth St (East),3184,44664,12,4
2648379,"April 26, 2019 09:00:00 PM",2019,April,26,Friday,21,25,Melbourne Convention Exhibition Centre,458,21974,4,5
2029149,"November 17, 2017 01:00:00 AM",2017,November,17,Friday,1,53,Collins St (North),77,10269,11,5
3277979,"August 13, 2020 09:00:00 PM",2020,August,13,Thursday,21,55,Elizabeth St-La Trobe St (East),84,8520,8,4
3042121,"February 25, 2020 10:00:00 AM",2020,February,25,Tuesday,10,19,Chinatown-Swanston St (North),273,9047,2,2
1694484,"December 03, 2016 08:00:00 AM",2016,December,3,Saturday,8,18,Collins Place (North),96,19958,12,6
123212,"February 20, 2010 11:00:00 AM",2010,February,20,Saturday,11,14,Sandridge Bridge,270,22489,2,6
1384460,"January 24, 2016 09:00:00 PM",2016,January,24,Sunday,21,12,New Quay,303,9339,1,7
1107826,"April 09, 2015 05:00:00 AM",2015,April,9,Thursday,5,10,Victoria Point,21,8826,4,4
3118266,"April 20, 2020 07:00:00 PM",2020,April,20,Monday,19,22,Flinders St-Elizabeth St (East),523,44664,4,1
2140833,"February 24, 2018 01:00:00 AM",2018,February,24,Saturday,1,35,Southbank,624,39528,2,6
4025979,"December 16, 2021 12:00:00 AM",2021,December,16,Thursday,0,25,Melbourne Convention Exhibition Centre,117,21974,12,4
1723098,"January 02, 2017 10:00:00 AM",2017,January,2,Monday,10,1,Bourke Street Mall (North),1065,39294,1,1
2717601,"June 21, 2019 09:00:00 AM",2019,June,21,Friday,9,35,Southbank,1215,39528,6,5
1074058,"March 01, 2015 09:00:00 PM",2015,March,1,Sunday,21,38,Flinders St-Swanston St (West),1907,25944,3,7
1005655,"December 07, 2014 05:00:00 PM",2014,December,7,Sunday,17,4,Town Hall (West),2776,66031,12,7
1595014,"August 21, 2016 01:00:00 PM",2016,August,21,Sunday,13,6,Flinders Street Station Underpass,1518,53444,8,7
183497,"July 10, 2010 02:00:00 AM",2010,July,10,Saturday,2,5,Princes Bridge,110,52415,7,6
4328957,"June 22, 2022 12:00:00 AM",2022,June,22,Wednesday,0,1,Bourke Street Mall (North),19,39294,6,3
1142756,"May 17, 2015 03:00:00 PM",2015,May,17,Sunday,15,3,Melbourne Central,2481,36815,5,7
2239923,"May 21, 2018 03:00:00 PM",2018,May,21,Monday,15,47,Melbourne Central-Elizabeth St (East),1866,25243,5,1
1940947,"August 25, 2017 11:00:00 PM",2017,August,25,Friday,23,20,Chinatown-Lt Bourke St (South),596,9613,8,5
2241786,"May 23, 2018 07:00:00 AM",2018,May,23,Wednesday,7,28,The Arts Centre,890,18152,5,3
2536179,"January 23, 2019 02:00:00 AM",2019,January,23,Wednesday,2,10,Victoria Point,1,8826,1,3
3629695,"April 05, 2021 04:00:00 AM",2021,April,5,Monday,4,52,Elizabeth St-Lonsdale St (South),33,1701,4,1
496609,"August 03, 2012 04:00:00 PM",2012,August,3,Friday,16,1,Bourke Street Mall (North),2932,39294,8,5
1712223,"December 21, 2016 11:00:00 PM",2016,December,21,Wednesday,23,38,Flinders St-Swanston St (West),1591,25944,12,3
142592,"April 06, 2010 08:00:00 AM",2010,April,6,Tuesday,8,8,Webb Bridge,308,10114,4,2
3957161,"October 28, 2021 02:00:00 PM",2021,October,28,Thursday,14,75,Spring St- Flinders St (West),43,67,10,4
3650012,"April 17, 2021 10:00:00 PM",2021,April,17,Saturday,22,3,Melbourne Central,826,36815,4,6
3584665,"March 07, 2021 11:00:00 AM",2021,March,7,Sunday,11,23,Spencer St-Collins St (South),180,7263,3,7
3485336,"January 02, 2021 11:00:00 AM",2021,January,2,Saturday,11,58,Bourke St - Spencer St (North),245,3666,1,6
2785614,"August 13, 2019 01:00:00 PM",2019,August,13,Tuesday,13,51,QVM-Franklin St (North),340,2358,8,2
4473860,"September 19, 2022 03:00:00 PM",2022,September,19,Monday,15,66,State Library - New,1828,3945,9,1
3997188,"November 21, 2021 08:00:00 AM",2021,November,21,Sunday,8,65,Swanston St - City Square,93,2073,11,7
2354626,"August 26, 2018 10:00:00 AM",2018,August,26,Sunday,10,5,Princes Bridge,1440,52415,8,7
1103206,"April 03, 2015 08:00:00 PM",2015,April,3,Friday,20,38,Flinders St-Swanston St (West),3700,25944,4,5
392458,"December 05, 2011 06:00:00 PM",2011,December,5,Monday,18,17,Collins Place (South),893,20168,12,1
3773560,"July 10, 2021 05:00:00 PM",2021,July,10,Saturday,17,35,Southbank,2744,39528,7,6
3805456,"July 29, 2021 08:00:00 PM",2021,July,29,Thursday,20,30,Lonsdale St (South),278,11717,7,4
2581594,"March 02, 2019 02:00:00 PM",2019,March,2,Saturday,14,37,Lygon St (East),179,5038,3,6
1271570,"September 29, 2015 03:00:00 PM",2015,September,29,Tuesday,15,5,Princes Bridge,1937,52415,9,2
3538709,"February 05, 2021 01:00:00 AM",2021,February,5,Friday,1,28,The Arts Centre,34,18152,2,5
1263820,"September 21, 2015 03:00:00 PM",2015,September,21,Monday,15,24,Spencer St-Collins St (North),1970,28852,9,1
1840829,"May 11, 2017 02:00:00 AM",2017,May,11,Thursday,2,5,Princes Bridge,36,52415,5,4
3731540,"June 15, 2021 03:00:00 PM",2021,June,15,Tuesday,15,21,Bourke St-Russell St (West),351,19095,6,2
3681109,"May 09, 2021 04:00:00 PM",2021,May,9,Sunday,16,68,Flinders Ln -Degraves St (North),257,787,5,7
4023542,"December 07, 2021 11:00:00 AM",2021,December,7,Tuesday,11,12,New Quay,52,9339,12,2
2633280,"April 14, 2019 03:00:00 PM",2019,April,14,Sunday,15,15,State Library,2018,50017,4,7
3808861,"July 31, 2021 10:00:00 PM",2021,July,31,Saturday,22,28,The Arts Centre,115,18152,7,6
1478629,"April 27, 2016 10:00:00 PM",2016,April,27,Wednesday,22,36,Queen St (West),92,5556,4,3
2406106,"October 07, 2018 01:00:00 AM",2018,October,7,Sunday,1,9,Southern Cross Station,41,19152,10,7
2989972,"January 18, 2020 12:00:00 AM",2020,January,18,Saturday,0,20,Chinatown-Lt Bourke St (South),331,9613,1,6
2709962,"June 15, 2019 08:00:00 AM",2019,June,15,Saturday,8,22,Flinders St-Elizabeth St (East),755,44664,6,6
4094191,"January 22, 2022 06:00:00 AM",2022,January,22,Saturday,6,12,New Quay,51,9339,1,6
3430629,"November 27, 2020 10:00:00 PM",2020,November,27,Friday,22,45,Little Collins St-Swanston St (East),772,10394,11,5
1668308,"November 05, 2016 04:00:00 AM",2016,November,5,Saturday,4,40,Lonsdale St-Spring St (West),7,6131,11,6
4490087,"September 11, 2022 04:00:00 PM",2022,September,11,Sunday,16,40,Lonsdale St-Spring St (West),356,6131,9,7
1972371,"September 25, 2017 08:00:00 PM",2017,September,25,Monday,20,21,Bourke St-Russell St (West),1016,19095,9,1
4354281,"June 04, 2022 02:00:00 AM",2022,June,4,Saturday,2,46,Pelham St (South),4,950,6,6
1098239,"March 29, 2015 04:00:00 AM",2015,March,29,Sunday,4,33,Flinders St-Spring St (West),1,3961,3,7
3866628,"September 04, 2021 05:00:00 PM",2021,September,4,Saturday,17,75,Spring St- Flinders St (West),24,67,9,6
4023782,"December 17, 2021 11:00:00 AM",2021,December,17,Friday,11,12,New Quay,188,9339,12,5
3204049,"June 20, 2020 06:00:00 PM",2020,June,20,Saturday,18,9,Southern Cross Station,79,19152,6,6
1797078,"March 24, 2017 12:00:00 PM",2017,March,24,Friday,12,10,Victoria Point,649,8826,3,5
4481314,"September 30, 2022 05:00:00 AM",2022,September,30,Friday,5,6,Flinders Street Station Underpass,146,53444,9,5
2730715,"July 01, 2019 11:00:00 PM",2019,July,1,Monday,23,39,Alfred Place,43,5676,7,1
1087150,"March 16, 2015 05:00:00 PM",2015,March,16,Monday,17,5,Princes Bridge,3352,52415,3,1
3042831,"February 25, 2020 10:00:00 PM",2020,February,25,Tuesday,22,55,Elizabeth St-La Trobe St (East),687,8520,2,2
3868147,"September 05, 2021 03:00:00 PM",2021,September,5,Sunday,15,50,Faraday St-Lygon St (West),186,4434,9,7
1690001,"November 28, 2016 01:00:00 PM",2016,November,28,Monday,13,9,Southern Cross Station,1275,19152,11,1
39053,"August 06, 2009 10:00:00 PM",2009,August,6,Thursday,22,16,Australia on Collins,170,16700,8,4
2326105,"August 03, 2018 03:00:00 AM",2018,August,3,Friday,3,14,Sandridge Bridge,9,22489,8,5
4287243,"May 18, 2022 10:00:00 PM",2022,May,18,Wednesday,22,12,New Quay,97,9339,5,3
2494063,"December 18, 2018 05:00:00 PM",2018,December,18,Tuesday,17,34,Flinders St-Spark La,239,3015,12,2
504761,"August 22, 2012 12:00:00 PM",2012,August,22,Wednesday,12,17,Collins Place (South),1387,20168,8,3
1370369,"January 10, 2016 09:00:00 PM",2016,January,10,Sunday,21,9,Southern Cross Station,58,19152,1,7
4194145,"March 23, 2022 11:00:00 PM",2022,March,23,Wednesday,23,8,Webb Bridge,32,10114,3,3
498298,"August 07, 2012 01:00:00 PM",2012,August,7,Tuesday,13,16,Australia on Collins,2675,16700,8,2
3817338,"August 06, 2021 03:00:00 AM",2021,August,6,Friday,3,18,Collins Place (North),2,19958,8,5
4452675,"August 25, 2022 09:00:00 PM",2022,August,25,Thursday,21,50,Faraday St-Lygon St (West),269,4434,8,4
113134,"January 28, 2010 03:00:00 AM",2010,January,28,Thursday,3,16,Australia on Collins,2,16700,1,4
1630593,"September 26, 2016 02:00:00 PM",2016,September,26,Monday,14,8,Webb Bridge,217,10114,9,1
1889834,"July 04, 2017 08:00:00 AM",2017,July,4,Tuesday,8,34,Flinders St-Spark La,298,3015,7,2
249112,"December 18, 2010 07:00:00 AM",2010,December,18,Saturday,7,18,Collins Place (North),34,19958,12,6
4461433,"August 20, 2022 07:00:00 PM",2022,August,20,Saturday,19,71,Westwood Place,12,186,8,6
1542668,"June 29, 2016 05:00:00 PM",2016,June,29,Wednesday,17,39,Alfred Place,463,5676,6,3
2762484,"July 26, 2019 07:00:00 PM",2019,July,26,Friday,19,3,Melbourne Central,1725,36815,7,5
1729072,"January 09, 2017 01:00:00 AM",2017,January,9,Monday,1,10,Victoria Point,9,8826,1,1
2908600,"November 17, 2019 08:00:00 PM",2019,November,17,Sunday,20,30,Lonsdale St (South),667,11717,11,7
2637451,"April 18, 2019 02:00:00 AM",2019,April,18,Thursday,2,40,Lonsdale St-Spring St (West),5,6131,4,4
3964632,"November 02, 2021 01:00:00 AM",2021,November,2,Tuesday,1,21,Bourke St-Russell St (West),134,19095,11,2
3678892,"May 07, 2021 07:00:00 PM",2021,May,7,Friday,19,55,Elizabeth St-La Trobe St (East),1563,8520,5,5
148954,"April 21, 2010 01:00:00 AM",2010,April,21,Wednesday,1,16,Australia on Collins,18,16700,4,3
4369988,"June 28, 2022 01:00:00 PM",2022,June,28,Tuesday,13,77,Harbour Esplanade (West) - Ped Path,216,1603,6,2
1519272,"June 06, 2016 01:00:00 PM",2016,June,6,Monday,13,29,St Kilda Rd-Alexandra Gardens,842,11995,6,1
628407,"June 07, 2013 10:00:00 AM",2013,June,7,Friday,10,12,New Quay,117,9339,6,5
639668,"July 05, 2013 01:00:00 AM",2013,July,5,Friday,1,2,Bourke Street Mall (South),45,51884,7,5
2939306,"December 11, 2019 08:00:00 AM",2019,December,11,Wednesday,8,11,Waterfront City,110,3858,12,3
4117040,"January 24, 2022 07:00:00 AM",2022,January,24,Monday,7,51,QVM-Franklin St (North),23,2358,1,1
2646729,"April 25, 2019 01:00:00 PM",2019,April,25,Thursday,13,43,Monash Rd-Swanston St (West),160,5218,4,4
1079205,"March 07, 2015 06:00:00 PM",2015,March,7,Saturday,18,17,Collins Place (South),534,20168,3,6
37871,"August 04, 2009 01:00:00 AM",2009,August,4,Tuesday,1,6,Flinders Street Station Underpass,33,53444,8,2
407508,"January 10, 2012 09:00:00 AM",2012,January,10,Tuesday,9,18,Collins Place (North),765,19958,1,2
36651,"August 01, 2009 01:00:00 AM",2009,August,1,Saturday,1,11,Waterfront City,7,3858,8,6
2191950,"April 09, 2018 02:00:00 PM",2018,April,9,Monday,14,17,Collins Place (South),866,20168,4,1
241138,"November 27, 2010 08:00:00 PM",2010,November,27,Saturday,20,3,Melbourne Central,1256,36815,11,6
923198,"August 23, 2014 09:00:00 PM",2014,August,23,Saturday,21,21,Bourke St-Russell St (West),887,19095,8,6
563618,"January 07, 2013 03:00:00 PM",2013,January,7,Monday,15,10,Victoria Point,117,8826,1,1
2145,"May 06, 2009 10:00:00 PM",2009,May,6,Wednesday,22,18,Collins Place (North),69,19958,5,3
361668,"September 21, 2011 06:00:00 AM",2011,September,21,Wednesday,6,7,Birrarung Marr,8,19635,9,3
678806,"September 27, 2013 10:00:00 PM",2013,September,27,Friday,22,18,Collins Place (North),99,19958,9,5
3900331,"September 24, 2021 05:00:00 PM",2021,September,24,Friday,17,56,Lonsdale St - Elizabeth St (North),145,2480,9,5
3592224,"March 12, 2021 09:00:00 AM",2021,March,12,Friday,9,25,Melbourne Convention Exhibition Centre,476,21974,3,5
3843074,"August 21, 2021 02:00:00 PM",2021,August,21,Saturday,14,14,Sandridge Bridge,157,22489,8,6
2788741,"August 15, 2019 11:00:00 PM",2019,August,15,Thursday,23,59,Swanston St - RMIT Building 80,48,4148,8,4
2247555,"May 28, 2018 08:00:00 AM",2018,May,28,Monday,8,2,Bourke Street Mall (South),609,51884,5,1
2480145,"December 07, 2018 08:00:00 AM",2018,December,7,Friday,8,21,Bourke St-Russell St (West),373,19095,12,5
1704257,"December 13, 2016 02:00:00 PM",2016,December,13,Tuesday,14,31,Lygon St (West),387,7422,12,2
481970,"June 30, 2012 06:00:00 PM",2012,June,30,Saturday,18,14,Sandridge Bridge,595,22489,6,6
1692316,"December 01, 2016 12:00:00 AM",2016,December,1,Thursday,0,36,Queen St (West),70,5556,12,4
3488158,"January 04, 2021 06:00:00 AM",2021,January,4,Monday,6,19,Chinatown-Swanston St (North),14,9047,1,1
3371872,"October 18, 2020 11:00:00 AM",2020,October,18,Sunday,11,64,Royal Pde-Grattan St,62,271,10,7
503682,"August 20, 2012 12:00:00 AM",2012,August,20,Monday,0,18,Collins Place (North),4,19958,8,1
1250890,"September 08, 2015 04:00:00 AM",2015,September,8,Tuesday,4,12,New Quay,1,9339,9,2
1769969,"February 23, 2017 06:00:00 AM",2017,February,23,Thursday,6,29,St Kilda Rd-Alexandra Gardens,168,11995,2,4
768454,"January 30, 2014 07:00:00 PM",2014,January,30,Thursday,19,16,Australia on Collins,439,16700,1,4
120962,"February 15, 2010 06:00:00 AM",2010,February,15,Monday,6,14,Sandridge Bridge,117,22489,2,1
2053084,"December 08, 2017 04:00:00 PM",2017,December,8,Friday,16,21,Bourke St-Russell St (West),1127,19095,12,5
477147,"June 19, 2012 02:00:00 PM",2012,June,19,Tuesday,14,15,State Library,1619,50017,6,2
4304218,"May 13, 2022 05:00:00 AM",2022,May,13,Friday,5,44,Tin Alley-Swanston St (West),7,2369,5,5
1793680,"March 20, 2017 06:00:00 PM",2017,March,20,Monday,18,8,Webb Bridge,319,10114,3,1
4005317,"November 26, 2021 07:00:00 AM",2021,November,26,Friday,7,37,Lygon St (East),30,5038,11,5
2044176,"November 30, 2017 06:00:00 PM",2017,November,30,Thursday,18,46,Pelham St (South),88,950,11,4
3767426,"July 07, 2021 01:00:00 AM",2021,July,7,Wednesday,1,19,Chinatown-Swanston St (North),20,9047,7,3
220250,"October 06, 2010 02:00:00 PM",2010,October,6,Wednesday,14,4,Town Hall (West),2846,66031,10,3
1072634,"February 28, 2015 06:00:00 AM",2015,February,28,Saturday,6,17,Collins Place (South),63,20168,2,6
171818,"June 13, 2010 01:00:00 AM",2010,June,13,Sunday,1,8,Webb Bridge,4,10114,6,7
2416954,"October 15, 2018 09:00:00 PM",2018,October,15,Monday,21,50,Faraday St-Lygon St (West),252,4434,10,1
4145982,"February 14, 2022 05:00:00 AM",2022,February,14,Monday,5,11,Waterfront City,6,3858,2,1
1328526,"November 28, 2015 06:00:00 PM",2015,November,28,Saturday,18,53,Collins St (North),636,10269,11,6
1775948,"March 01, 2017 03:00:00 PM",2017,March,1,Wednesday,15,44,Tin Alley-Swanston St (West),417,2369,3,3
3353986,"October 05, 2020 06:00:00 PM",2020,October,5,Monday,18,61,Swanston St - RMIT Building 14,110,2350,10,1
1021352,"December 28, 2014 11:00:00 AM",2014,December,28,Sunday,11,18,Collins Place (North),117,19958,12,7
4415896,"July 03, 2022 10:00:00 AM",2022,July,3,Sunday,10,77,Harbour Esplanade (West) - Ped Path,322,1603,7,7
4151037,"February 28, 2022 08:00:00 PM",2022,February,28,Monday,20,5,Princes Bridge,1121,52415,2,1
893090,"July 14, 2014 01:00:00 PM",2014,July,14,Monday,13,22,Flinders St-Elizabeth St (East),2725,44664,7,1
4265545,"April 19, 2022 09:00:00 PM",2022,April,19,Tuesday,21,58,Bourke St - Spencer St (North),248,3666,4,2
965839,"October 17, 2014 07:00:00 AM",2014,October,17,Friday,7,3,Melbourne Central,640,36815,10,5
2202562,"April 18, 2018 06:00:00 PM",2018,April,18,Wednesday,18,31,Lygon St (West),490,7422,4,3
2122929,"February 08, 2018 11:00:00 AM",2018,February,8,Thursday,11,22,Flinders St-Elizabeth St (East),1612,44664,2,4
2920681,"November 27, 2019 02:00:00 AM",2019,November,27,Wednesday,2,20,Chinatown-Lt Bourke St (South),26,9613,11,3
3144357,"May 09, 2020 11:00:00 AM",2020,May,9,Saturday,11,29,St Kilda Rd-Alexandra Gardens,48,11995,5,6
4014440,"December 31, 2021 05:00:00 AM",2021,December,31,Friday,5,4,Town Hall (West),36,66031,12,5
3008774,"February 01, 2020 01:00:00 AM",2020,February,1,Saturday,1,21,Bourke St-Russell St (West),318,19095,2,6
1571063,"July 27, 2016 11:00:00 PM",2016,July,27,Wednesday,23,30,Lonsdale St (South),329,11717,7,3
4388047,"July 19, 2022 02:00:00 AM",2022,July,19,Tuesday,2,14,Sandridge Bridge,15,22489,7,2
3938846,"October 17, 2021 02:00:00 PM",2021,October,17,Sunday,14,5,Princes Bridge,661,52415,10,7
592517,"March 16, 2013 12:00:00 AM",2013,March,16,Saturday,0,4,Town Hall (West),1414,66031,3,6
4421774,"August 31, 2022 08:00:00 AM",2022,August,31,Wednesday,8,59,Swanston St - RMIT Building 80,340,4148,8,3
2322392,"July 31, 2018 03:00:00 AM",2018,July,31,Tuesday,3,2,Bourke Street Mall (South),17,51884,7,2
602251,"April 07, 2013 12:00:00 PM",2013,April,7,Sunday,12,18,Collins Place (North),213,19958,4,7
1253442,"September 10, 2015 08:00:00 PM",2015,September,10,Thursday,20,4,Town Hall (West),1409,66031,9,4
3369669,"October 16, 2020 10:00:00 PM",2020,October,16,Friday,22,43,Monash Rd-Swanston St (West),17,5218,10,5
180996,"July 04, 2010 07:00:00 AM",2010,July,4,Sunday,7,6,Flinders Street Station Underpass,182,53444,7,7
3967132,"November 03, 2021 12:00:00 PM",2021,November,3,Wednesday,12,43,Monash Rd-Swanston St (West),63,5218,11,3
3919186,"October 05, 2021 09:00:00 PM",2021,October,5,Tuesday,21,27,QV Market-Peel St,16,4195,10,2
961174,"October 11, 2014 09:00:00 AM",2014,October,11,Saturday,9,26,QV Market-Elizabeth St (West),974,17253,10,6
97981,"December 24, 2009 02:00:00 AM",2009,December,24,Thursday,2,1,Bourke Street Mall (North),29,39294,12,4
2430987,"October 27, 2018 01:00:00 PM",2018,October,27,Saturday,13,2,Bourke Street Mall (South),2645,51884,10,6
2585643,"March 05, 2019 10:00:00 PM",2019,March,5,Tuesday,22,2,Bourke Street Mall (South),181,51884,3,2
2530845,"January 18, 2019 02:00:00 PM",2019,January,18,Friday,14,1,Bourke Street Mall (North),3138,39294,1,5
1171686,"June 16, 2015 05:00:00 PM",2015,June,16,Tuesday,17,22,Flinders St-Elizabeth St (East),3767,44664,6,2
3382456,"October 25, 2020 05:00:00 PM",2020,October,25,Sunday,17,58,Bourke St - Spencer St (North),151,3666,10,7
1290312,"October 19, 2015 11:00:00 AM",2015,October,19,Monday,11,43,Monash Rd-Swanston St (West),556,5218,10,1
1814920,"April 12, 2017 07:00:00 PM",2017,April,12,Wednesday,19,20,Chinatown-Lt Bourke St (South),1198,9613,4,3
2291594,"July 05, 2018 09:00:00 AM",2018,July,5,Thursday,9,7,Birrarung Marr,265,19635,7,4
3572650,"February 27, 2021 04:00:00 PM",2021,February,27,Saturday,16,47,Melbourne Central-Elizabeth St (East),1479,25243,2,6
2467741,"November 27, 2018 03:00:00 AM",2018,November,27,Tuesday,3,9,Southern Cross Station,14,19152,11,2
1784263,"March 10, 2017 01:00:00 PM",2017,March,10,Friday,13,8,Webb Bridge,593,10114,3,5
892776,"July 14, 2014 03:00:00 AM",2014,July,14,Monday,3,28,The Arts Centre,63,18152,7,1
3749077,"June 26, 2021 01:00:00 AM",2021,June,26,Saturday,1,65,Swanston St - City Square,125,2073,6,6
4232454,"April 30, 2022 03:00:00 AM",2022,April,30,Saturday,3,4,Town Hall (West),145,66031,4,6
1163616,"June 08, 2015 12:00:00 PM",2015,June,8,Monday,12,29,St Kilda Rd-Alexandra Gardens,1354,11995,6,1
3382185,"October 25, 2020 01:00:00 PM",2020,October,25,Sunday,13,19,Chinatown-Swanston St (North),304,9047,10,7
493805,"July 28, 2012 04:00:00 AM",2012,July,28,Saturday,4,5,Princes Bridge,66,52415,7,6
3293543,"August 25, 2020 05:00:00 AM",2020,August,25,Tuesday,5,42,Grattan St-Swanston St (West),4,4073,8,2
258300,"January 09, 2011 08:00:00 PM",2011,January,9,Sunday,20,9,Southern Cross Station,56,19152,1,7
1746703,"January 28, 2017 01:00:00 PM",2017,January,28,Saturday,13,24,Spencer St-Collins St (North),1127,28852,1,6
2903388,"November 13, 2019 09:00:00 PM",2019,November,13,Wednesday,21,45,Little Collins St-Swanston St (East),975,10394,11,3
1158198,"June 03, 2015 12:00:00 AM",2015,June,3,Wednesday,0,23,Spencer St-Collins St (South),14,7263,6,3
2844753,"September 29, 2019 06:00:00 AM",2019,September,29,Sunday,6,37,Lygon St (East),6,5038,9,7
2566352,"February 17, 2019 11:00:00 PM",2019,February,17,Sunday,23,51,QVM-Franklin St (North),63,2358,2,7
3508520,"January 17, 2021 01:00:00 AM",2021,January,17,Sunday,1,58,Bourke St - Spencer St (North),142,3666,1,7
3454198,"December 13, 2020 12:00:00 PM",2020,December,13,Sunday,12,7,Birrarung Marr,77,19635,12,7
668400,"September 10, 2013 10:00:00 PM",2013,September,10,Tuesday,22,1,Bourke Street Mall (North),259,39294,9,2
1893479,"July 08, 2017 04:00:00 AM",2017,July,8,Saturday,4,50,Faraday St-Lygon St (West),10,4434,7,6
462335,"May 16, 2012 07:00:00 AM",2012,May,16,Wednesday,7,17,Collins Place (South),731,20168,5,3
1402030,"February 11, 2016 07:00:00 AM",2016,February,11,Thursday,7,27,QV Market-Peel St,100,4195,2,4
826203,"April 17, 2014 11:00:00 PM",2014,April,17,Thursday,23,12,New Quay,78,9339,4,4
1182448,"June 27, 2015 03:00:00 PM",2015,June,27,Saturday,15,44,Tin Alley-Swanston St (West),77,2369,6,6
2163689,"March 16, 2018 12:00:00 AM",2018,March,16,Friday,0,46,Pelham St (South),2,950,3,5
2894318,"November 06, 2019 09:00:00 PM",2019,November,6,Wednesday,21,47,Melbourne Central-Elizabeth St (East),686,25243,11,3
77296,"November 06, 2009 04:00:00 AM",2009,November,6,Friday,4,16,Australia on Collins,9,16700,11,5
856856,"May 29, 2014 07:00:00 AM",2014,May,29,Thursday,7,19,Chinatown-Swanston St (North),93,9047,5,4
1436632,"March 16, 2016 04:00:00 PM",2016,March,16,Wednesday,16,37,Lygon St (East),202,5038,3,3
467841,"May 29, 2012 01:00:00 AM",2012,May,29,Tuesday,1,15,State Library,47,50017,5,2
1909194,"July 24, 2017 06:00:00 AM",2017,July,24,Monday,6,41,Flinders La-Swanston St (West),417,18345,7,1
4488054,"September 16, 2022 11:00:00 PM",2022,September,16,Friday,23,30,Lonsdale St (South),739,11717,9,5
427879,"February 26, 2012 01:00:00 PM",2012,February,26,Sunday,13,13,Flagstaff Station,56,16612,2,7
1759480,"February 11, 2017 07:00:00 PM",2017,February,11,Saturday,19,44,Tin Alley-Swanston St (West),59,2369,2,6
683511,"October 05, 2013 04:00:00 AM",2013,October,5,Saturday,4,27,QV Market-Peel St,12,4195,10,6
4312448,"May 08, 2022 03:00:00 AM",2022,May,8,Sunday,3,58,Bourke St - Spencer St (North),111,3666,5,7
4335516,"June 25, 2022 07:00:00 AM",2022,June,25,Saturday,7,11,Waterfront City,40,3858,6,6
1791582,"March 18, 2017 10:00:00 AM",2017,March,18,Saturday,10,44,Tin Alley-Swanston St (West),147,2369,3,6
2271730,"June 18, 2018 07:00:00 AM",2018,June,18,Monday,7,37,Lygon St (East),30,5038,6,1
502010,"August 16, 2012 04:00:00 AM",2012,August,16,Thursday,4,2,Bourke Street Mall (South),8,51884,8,4
390080,"November 29, 2011 11:00:00 PM",2011,November,29,Tuesday,23,2,Bourke Street Mall (South),193,51884,11,2
617356,"May 12, 2013 12:00:00 PM",2013,May,12,Sunday,12,3,Melbourne Central,1777,36815,5,7
3462174,"December 18, 2020 03:00:00 PM",2020,December,18,Friday,15,59,Swanston St - RMIT Building 80,576,4148,12,5
3298171,"August 28, 2020 01:00:00 PM",2020,August,28,Friday,13,19,Chinatown-Swanston St (North),154,9047,8,5
3057891,"March 07, 2020 10:00:00 PM",2020,March,7,Saturday,22,7,Birrarung Marr,3803,19635,3,6
920481,"August 20, 2014 09:00:00 AM",2014,August,20,Wednesday,9,12,New Quay,138,9339,8,3
510496,"September 04, 2012 08:00:00 PM",2012,September,4,Tuesday,20,12,New Quay,91,9339,9,2
3914396,"October 03, 2021 12:00:00 AM",2021,October,3,Sunday,0,72,Flinders St-ACMI,26,1442,10,7
943486,"September 18, 2014 08:00:00 PM",2014,September,18,Thursday,20,9,Southern Cross Station,139,19152,9,4
4247676,"April 25, 2022 08:00:00 AM",2022,April,25,Monday,8,27,QV Market-Peel St,45,4195,4,1
1123440,"April 26, 2015 11:00:00 AM",2015,April,26,Sunday,11,33,Flinders St-Spring St (West),60,3961,4,7
427549,"February 25, 2012 07:00:00 PM",2012,February,25,Saturday,19,7,Birrarung Marr,153,19635,2,6
592753,"March 16, 2013 01:00:00 PM",2013,March,16,Saturday,13,6,Flinders Street Station Underpass,1254,53444,3,6
722720,"November 29, 2013 06:00:00 PM",2013,November,29,Friday,18,17,Collins Place (South),778,20168,11,5
3042470,"February 25, 2020 04:00:00 PM",2020,February,25,Tuesday,16,39,Alfred Place,516,5676,2,2
171764,"June 12, 2010 10:00:00 PM",2010,June,12,Saturday,22,8,Webb Bridge,273,10114,6,6
2967811,"January 01, 2020 05:00:00 PM",2020,January,1,Wednesday,17,25,Melbourne Convention Exhibition Centre,2222,21974,1,3
2496424,"December 20, 2018 03:00:00 PM",2018,December,20,Thursday,15,51,QVM-Franklin St (North),158,2358,12,4
3234104,"July 12, 2020 09:00:00 AM",2020,July,12,Sunday,9,58,Bourke St - Spencer St (North),61,3666,7,7
2241064,"May 22, 2018 04:00:00 PM",2018,May,22,Tuesday,16,7,Birrarung Marr,332,19635,5,2
2325825,"August 02, 2018 09:00:00 PM",2018,August,2,Thursday,21,49,QVM-Therry St (South),117,3064,8,4
148105,"April 19, 2010 02:00:00 AM",2010,April,19,Monday,2,13,Flagstaff Station,7,16612,4,1
318688,"June 07, 2011 10:00:00 PM",2011,June,7,Tuesday,22,3,Melbourne Central,573,36815,6,2
3648264,"April 16, 2021 07:00:00 PM",2021,April,16,Friday,19,76,Macaulay Rd-Bellair St,73,221,4,5
1113271,"April 15, 2015 11:00:00 AM",2015,April,15,Wednesday,11,25,Melbourne Convention Exhibition Centre,489,21974,4,3
1727242,"January 06, 2017 11:00:00 PM",2017,January,6,Friday,23,2,Bourke Street Mall (South),254,51884,1,5
4285769,"May 19, 2022 12:00:00 PM",2022,May,19,Thursday,12,9,Southern Cross Station,764,19152,5,4
1844163,"May 14, 2017 05:00:00 PM",2017,May,14,Sunday,17,37,Lygon St (East),388,5038,5,7
2012655,"November 02, 2017 03:00:00 AM",2017,November,2,Thursday,3,22,Flinders St-Elizabeth St (East),46,44664,11,4
869145,"June 13, 2014 07:00:00 PM",2014,June,13,Friday,19,13,Flagstaff Station,426,16612,6,5
2276622,"June 22, 2018 01:00:00 PM",2018,June,22,Friday,13,33,Flinders St-Spring St (West),349,3961,6,5
3707712,"June 01, 2021 05:00:00 AM",2021,June,1,Tuesday,5,34,Flinders St-Spark La,21,3015,6,2
2725763,"June 28, 2019 12:00:00 AM",2019,June,28,Friday,0,23,Spencer St-Collins St (South),59,7263,6,5
3481172,"December 30, 2020 08:00:00 PM",2020,December,30,Wednesday,20,61,Swanston St - RMIT Building 14,224,2350,12,3
2799277,"August 24, 2019 03:00:00 AM",2019,August,24,Saturday,3,39,Alfred Place,10,5676,8,6
3204991,"June 21, 2020 10:00:00 AM",2020,June,21,Sunday,10,3,Melbourne Central,362,36815,6,7
3505695,"January 15, 2021 06:00:00 AM",2021,January,15,Friday,6,20,Chinatown-Lt Bourke St (South),21,9613,1,5
2722103,"June 25, 2019 01:00:00 AM",2019,June,25,Tuesday,1,6,Flinders Street Station Underpass,41,53444,6,2
924927,"August 26, 2014 01:00:00 AM",2014,August,26,Tuesday,1,34,Flinders St-Spark La,2,3015,8,2
2085806,"January 06, 2018 07:00:00 AM",2018,January,6,Saturday,7,31,Lygon St (West),28,7422,1,6
4326361,"June 15, 2022 08:00:00 PM",2022,June,15,Wednesday,20,59,Swanston St - RMIT Building 80,415,4148,6,3
3455714,"December 14, 2020 11:00:00 AM",2020,December,14,Monday,11,64,Royal Pde-Grattan St,136,271,12,1
190726,"July 26, 2010 07:00:00 PM",2010,July,26,Monday,19,16,Australia on Collins,286,16700,7,1
4480125,"September 10, 2022 04:00:00 PM",2022,September,10,Saturday,16,25,Melbourne Convention Exhibition Centre,2595,21974,9,6
3816565,"August 05, 2021 03:00:00 PM",2021,August,5,Thursday,15,52,Elizabeth St-Lonsdale St (South),297,1701,8,4
498548,"August 08, 2012 03:00:00 AM",2012,August,8,Wednesday,3,14,Sandridge Bridge,4,22489,8,3
747196,"January 03, 2014 12:00:00 AM",2014,January,3,Friday,0,30,Lonsdale St (South),233,11717,1,5
3074960,"March 20, 2020 05:00:00 AM",2020,March,20,Friday,5,19,Chinatown-Swanston St (North),20,9047,3,5
2658886,"May 05, 2019 07:00:00 AM",2019,May,5,Sunday,7,28,The Arts Centre,187,18152,5,7
851639,"May 22, 2014 02:00:00 PM",2014,May,22,Thursday,14,9,Southern Cross Station,581,19152,5,4
2495124,"December 19, 2018 02:00:00 PM",2018,December,19,Wednesday,14,23,Spencer St-Collins St (South),730,7263,12,3
82769,"November 18, 2009 08:00:00 PM",2009,November,18,Wednesday,20,17,Collins Place (South),279,20168,11,3
811014,"March 28, 2014 08:00:00 PM",2014,March,28,Friday,20,9,Southern Cross Station,200,19152,3,5
3829501,"August 13, 2021 10:00:00 AM",2021,August,13,Friday,10,59,Swanston St - RMIT Building 80,198,4148,8,5
3682726,"May 11, 2021 01:00:00 AM",2021,May,11,Tuesday,1,68,Flinders Ln -Degraves St (North),0,787,5,2
34889,"July 27, 2009 05:00:00 PM",2009,July,27,Monday,17,17,Collins Place (South),1393,20168,7,1
294886,"April 10, 2011 01:00:00 PM",2011,April,10,Sunday,13,18,Collins Place (North),132,19958,4,7
1996013,"October 17, 2017 09:00:00 PM",2017,October,17,Tuesday,21,23,Spencer St-Collins St (South),160,7263,10,2
2286873,"July 01, 2018 10:00:00 AM",2018,July,1,Sunday,10,40,Lonsdale St-Spring St (West),222,6131,7,7
1497094,"May 16, 2016 12:00:00 AM",2016,May,16,Monday,0,9,Southern Cross Station,14,19152,5,1
4354042,"June 24, 2022 03:00:00 AM",2022,June,24,Friday,3,41,Flinders La-Swanston St (West),198,18345,6,5
3165149,"May 24, 2020 02:00:00 AM",2020,May,24,Sunday,2,47,Melbourne Central-Elizabeth St (East),30,25243,5,7
277195,"February 25, 2011 08:00:00 PM",2011,February,25,Friday,20,13,Flagstaff Station,290,16612,2,5
2437954,"November 02, 2018 07:00:00 AM",2018,November,2,Friday,7,43,Monash Rd-Swanston St (West),105,5218,11,5
3698193,"May 24, 2021 05:00:00 AM",2021,May,24,Monday,5,49,QVM-Therry St (South),20,3064,5,1
227217,"October 23, 2010 04:00:00 PM",2010,October,23,Saturday,16,1,Bourke Street Mall (North),2254,39294,10,6
862286,"June 05, 2014 04:00:00 AM",2014,June,5,Thursday,4,8,Webb Bridge,1,10114,6,4
2355173,"August 26, 2018 08:00:00 PM",2018,August,26,Sunday,20,46,Pelham St (South),42,950,8,7
4471769,"September 22, 2022 12:00:00 PM",2022,September,22,Thursday,12,2,Bourke Street Mall (South),1912,51884,9,4
3852167,"August 27, 2021 03:00:00 AM",2021,August,27,Friday,3,27,QV Market-Peel St,0,4195,8,5
2940525,"December 12, 2019 06:00:00 AM",2019,December,12,Thursday,6,21,Bourke St-Russell St (West),76,19095,12,4
980402,"November 05, 2014 01:00:00 AM",2014,November,5,Wednesday,1,4,Town Hall (West),61,66031,11,3
298805,"April 20, 2011 04:00:00 AM",2011,April,20,Wednesday,4,10,Victoria Point,0,8826,4,3
708455,"November 09, 2013 01:00:00 PM",2013,November,9,Saturday,13,20,Chinatown-Lt Bourke St (South),623,9613,11,6
796594,"March 09, 2014 03:00:00 AM",2014,March,9,Sunday,3,16,Australia on Collins,49,16700,3,7
967651,"October 19, 2014 01:00:00 PM",2014,October,19,Sunday,13,39,Alfred Place,93,5676,10,7
4245538,"April 26, 2022 06:00:00 AM",2022,April,26,Tuesday,6,19,Chinatown-Swanston St (North),25,9047,4,2
133728,"March 16, 2010 07:00:00 PM",2010,March,16,Tuesday,19,18,Collins Place (North),277,19958,3,2
978126,"November 02, 2014 03:00:00 AM",2014,November,2,Sunday,3,19,Chinatown-Swanston St (North),81,9047,11,7
3960344,"October 30, 2021 12:00:00 PM",2021,October,30,Saturday,12,34,Flinders St-Spark La,156,3015,10,6
2475747,"December 03, 2018 05:00:00 PM",2018,December,3,Monday,17,28,The Arts Centre,3006,18152,12,1
2877196,"October 24, 2019 04:00:00 PM",2019,October,24,Thursday,16,44,Tin Alley-Swanston St (West),241,2369,10,4
4441627,"August 30, 2022 01:00:00 PM",2022,August,30,Tuesday,13,37,Lygon St (East),253,5038,8,2
660748,"August 27, 2013 06:00:00 AM",2013,August,27,Tuesday,6,3,Melbourne Central,153,36815,8,2
91911,"December 10, 2009 12:00:00 AM",2009,December,10,Thursday,0,15,State Library,102,50017,12,4
1548361,"July 05, 2016 09:00:00 AM",2016,July,5,Tuesday,9,29,St Kilda Rd-Alexandra Gardens,158,11995,7,2
3805855,"July 30, 2021 02:00:00 AM",2021,July,30,Friday,2,8,Webb Bridge,1,10114,7,5
2686312,"May 27, 2019 02:00:00 PM",2019,May,27,Monday,14,4,Town Hall (West),2530,66031,5,1
2691525,"May 31, 2019 04:00:00 PM",2019,May,31,Friday,16,25,Melbourne Convention Exhibition Centre,1222,21974,5,5
2345289,"August 18, 2018 06:00:00 PM",2018,August,18,Saturday,18,3,Melbourne Central,2456,36815,8,6
850198,"May 20, 2014 04:00:00 PM",2014,May,20,Tuesday,16,8,Webb Bridge,374,10114,5,2
554227,"December 15, 2012 10:00:00 PM",2012,December,15,Saturday,22,6,Flinders Street Station Underpass,1360,53444,12,6
3819242,"August 07, 2021 06:00:00 AM",2021,August,7,Saturday,6,72,Flinders St-ACMI,25,1442,8,6
3279857,"August 15, 2020 07:00:00 AM",2020,August,15,Saturday,7,41,Flinders La-Swanston St (West),119,18345,8,6
4267517,"April 12, 2022 01:00:00 AM",2022,April,12,Tuesday,1,65,Swanston St - City Square,21,2073,4,2
3106343,"April 12, 2020 02:00:00 AM",2020,April,12,Sunday,2,3,Melbourne Central,42,36815,4,7
742648,"December 28, 2013 01:00:00 AM",2013,December,28,Saturday,1,11,Waterfront City,31,3858,12,6
1728727,"January 08, 2017 03:00:00 PM",2017,January,8,Sunday,15,29,St Kilda Rd-Alexandra Gardens,1008,11995,1,7
860728,"June 03, 2014 04:00:00 AM",2014,June,3,Tuesday,4,30,Lonsdale St (South),34,11717,6,2
1746741,"January 28, 2017 02:00:00 PM",2017,January,28,Saturday,14,24,Spencer St-Collins St (North),991,28852,1,6
1600002,"August 26, 2016 08:00:00 PM",2016,August,26,Friday,20,20,Chinatown-Lt Bourke St (South),1087,9613,8,5
1598000,"August 24, 2016 05:00:00 PM",2016,August,24,Wednesday,17,4,Town Hall (West),3016,66031,8,3
2222045,"May 05, 2018 10:00:00 PM",2018,May,5,Saturday,22,31,Lygon St (West),737,7422,5,6
4305187,"May 15, 2022 02:00:00 PM",2022,May,15,Sunday,14,35,Southbank,2802,39528,5,7
1976397,"September 29, 2017 02:00:00 PM",2017,September,29,Friday,14,37,Lygon St (East),266,5038,9,5
1104634,"April 05, 2015 12:00:00 PM",2015,April,5,Sunday,12,25,Melbourne Convention Exhibition Centre,1141,21974,4,7
3879139,"September 12, 2021 04:00:00 AM",2021,September,12,Sunday,4,59,Swanston St - RMIT Building 80,1,4148,9,7
570954,"January 25, 2013 02:00:00 AM",2013,January,25,Friday,2,5,Princes Bridge,71,52415,1,5
503320,"August 19, 2012 04:00:00 AM",2012,August,19,Sunday,4,16,Australia on Collins,87,16700,8,7
1984079,"October 06, 2017 08:00:00 PM",2017,October,6,Friday,20,11,Waterfront City,8,3858,10,5
3930196,"October 12, 2021 10:00:00 AM",2021,October,12,Tuesday,10,50,Faraday St-Lygon St (West),206,4434,10,2
3464119,"December 19, 2020 09:00:00 PM",2020,December,19,Saturday,21,54,Lincoln-Swanston(West),21,634,12,6
837115,"May 02, 2014 05:00:00 PM",2014,May,2,Friday,17,8,Webb Bridge,565,10114,5,5
541087,"November 15, 2012 12:00:00 PM",2012,November,15,Thursday,12,6,Flinders Street Station Underpass,1937,53444,11,4
3409887,"November 13, 2020 07:00:00 PM",2020,November,13,Friday,19,23,Spencer St-Collins St (South),137,7263,11,5
264129,"January 24, 2011 03:00:00 AM",2011,January,24,Monday,3,7,Birrarung Marr,11,19635,1,1
1763434,"February 16, 2017 05:00:00 AM",2017,February,16,Thursday,5,18,Collins Place (North),37,19958,2,4
340901,"August 01, 2011 08:00:00 AM",2011,August,1,Monday,8,14,Sandridge Bridge,909,22489,8,1
11714,"May 31, 2009 10:00:00 PM",2009,May,31,Sunday,22,13,Flagstaff Station,10,16612,5,7
2312575,"July 22, 2018 10:00:00 PM",2018,July,22,Sunday,22,39,Alfred Place,39,5676,7,7
224705,"October 17, 2010 12:00:00 PM",2010,October,17,Sunday,12,5,Princes Bridge,1684,52415,10,7
1454568,"April 03, 2016 01:00:00 PM",2016,April,3,Sunday,13,44,Tin Alley-Swanston St (West),116,2369,4,7
2395658,"September 28, 2018 02:00:00 PM",2018,September,28,Friday,14,47,Melbourne Central-Elizabeth St (East),1854,25243,9,5
3489551,"January 05, 2021 03:00:00 AM",2021,January,5,Tuesday,3,31,Lygon St (West),16,7422,1,2
4072069,"May 30, 2021 11:00:00 AM",2021,May,30,Sunday,11,9,Southern Cross Station,34,19152,5,7
820149,"April 09, 2014 11:00:00 PM",2014,April,9,Wednesday,23,31,Lygon St (West),126,7422,4,3
2718492,"June 22, 2019 02:00:00 AM",2019,June,22,Saturday,2,44,Tin Alley-Swanston St (West),3,2369,6,6
6341,"May 18, 2009 02:00:00 PM",2009,May,18,Monday,14,14,Sandridge Bridge,543,22489,5,1
1183355,"June 28, 2015 02:00:00 PM",2015,June,28,Sunday,14,5,Princes Bridge,2417,52415,6,7
4006657,"November 27, 2021 03:00:00 AM",2021,November,27,Saturday,3,10,Victoria Point,0,8826,11,6
2292632,"July 06, 2018 05:00:00 AM",2018,July,6,Friday,5,49,QVM-Therry St (South),20,3064,7,5
4478376,"September 27, 2022 07:00:00 PM",2022,September,27,Tuesday,19,12,New Quay,201,9339,9,2
2649850,"April 28, 2019 01:00:00 AM",2019,April,28,Sunday,1,44,Tin Alley-Swanston St (West),18,2369,4,7
2363224,"September 02, 2018 10:00:00 AM",2018,September,2,Sunday,10,39,Alfred Place,155,5676,9,7
2076873,"December 29, 2017 08:00:00 AM",2017,December,29,Friday,8,8,Webb Bridge,152,10114,12,5
2125952,"February 11, 2018 02:00:00 AM",2018,February,11,Sunday,2,34,Flinders St-Spark La,22,3015,2,7
3246765,"July 21, 2020 03:00:00 PM",2020,July,21,Tuesday,15,23,Spencer St-Collins St (South),102,7263,7,2
238314,"November 20, 2010 11:00:00 AM",2010,November,20,Saturday,11,12,New Quay,384,9339,11,6
3732273,"June 16, 2021 01:00:00 AM",2021,June,16,Wednesday,1,61,Swanston St - RMIT Building 14,6,2350,6,3
207684,"September 05, 2010 12:00:00 AM",2010,September,5,Sunday,0,1,Bourke Street Mall (North),288,39294,9,7
3815900,"August 05, 2021 05:00:00 AM",2021,August,5,Thursday,5,69,Flinders Ln -Degraves St (Crossing),2,318,8,4
4146441,"February 05, 2022 08:00:00 AM",2022,February,5,Saturday,8,8,Webb Bridge,103,10114,2,6
351053,"August 26, 2011 05:00:00 AM",2011,August,26,Friday,5,17,Collins Place (South),70,20168,8,5
3989223,"November 16, 2021 02:00:00 PM",2021,November,16,Tuesday,14,71,Westwood Place,27,186,11,2
1502454,"May 21, 2016 05:00:00 AM",2016,May,21,Saturday,5,44,Tin Alley-Swanston St (West),2,2369,5,6
299558,"April 22, 2011 12:00:00 AM",2011,April,22,Friday,0,15,State Library,396,50017,4,5
3195872,"June 14, 2020 10:00:00 PM",2020,June,14,Sunday,22,23,Spencer St-Collins St (South),49,7263,6,7
1860467,"June 01, 2017 03:00:00 PM",2017,June,1,Thursday,15,43,Monash Rd-Swanston St (West),323,5218,6,4
3844002,"August 22, 2021 03:00:00 AM",2021,August,22,Sunday,3,57,Bourke St Bridge,0,7217,8,7
4466154,"August 31, 2022 12:00:00 PM",2022,August,31,Wednesday,12,79,Flinders St (South),722,3382,8,3
178615,"June 28, 2010 07:00:00 PM",2010,June,28,Monday,19,1,Bourke Street Mall (North),317,39294,6,1
3932390,"October 13, 2021 05:00:00 PM",2021,October,13,Wednesday,17,78,Harbour Esplanade (West) - Bike Path,88,262,10,3
1727601,"January 07, 2017 08:00:00 AM",2017,January,7,Saturday,8,34,Flinders St-Spark La,58,3015,1,6
1152186,"May 27, 2015 04:00:00 PM",2015,May,27,Wednesday,16,38,Flinders St-Swanston St (West),5052,25944,5,3
985567,"November 11, 2014 01:00:00 PM",2014,November,11,Tuesday,13,23,Spencer St-Collins St (South),755,7263,11,2
3612709,"March 25, 2021 11:00:00 AM",2021,March,25,Thursday,11,57,Bourke St Bridge,354,7217,3,4
3295701,"August 26, 2020 06:00:00 PM",2020,August,26,Wednesday,18,52,Elizabeth St-Lonsdale St (South),73,1701,8,3
2321885,"July 30, 2018 04:00:00 PM",2018,July,30,Monday,16,49,QVM-Therry St (South),115,3064,7,1
3639404,"April 11, 2021 05:00:00 AM",2021,April,11,Sunday,5,72,Flinders St-ACMI,14,1442,4,7
4259059,"April 19, 2022 03:00:00 PM",2022,April,19,Tuesday,15,45,Little Collins St-Swanston St (East),707,10394,4,2
193280,"August 01, 2010 05:00:00 PM",2010,August,1,Sunday,17,14,Sandridge Bridge,316,22489,8,7
4139037,"February 04, 2022 08:00:00 PM",2022,February,4,Friday,20,2,Bourke Street Mall (South),482,51884,2,5
4178854,"February 18, 2022 09:00:00 PM",2022,February,18,Friday,21,77,Harbour Esplanade (West) - Ped Path,182,1603,2,5
1847005,"May 17, 2017 08:00:00 PM",2017,May,17,Wednesday,20,28,The Arts Centre,499,18152,5,3
1038675,"January 19, 2015 07:00:00 PM",2015,January,19,Monday,19,9,Southern Cross Station,285,19152,1,1
3894154,"September 21, 2021 02:00:00 AM",2021,September,21,Tuesday,2,40,Lonsdale St-Spring St (West),0,6131,9,2
2548419,"February 02, 2019 02:00:00 PM",2019,February,2,Saturday,14,15,State Library,1105,50017,2,6
4150098,"February 17, 2022 05:00:00 PM",2022,February,17,Thursday,17,21,Bourke St-Russell St (West),627,19095,2,4
2606106,"March 23, 2019 12:00:00 AM",2019,March,23,Saturday,0,42,Grattan St-Swanston St (West),28,4073,3,6
1488832,"May 08, 2016 12:00:00 AM",2016,May,8,Sunday,0,3,Melbourne Central,982,36815,5,7
1048906,"February 01, 2015 12:00:00 AM",2015,February,1,Sunday,0,25,Melbourne Convention Exhibition Centre,143,21974,2,7
2151804,"March 05, 2018 01:00:00 PM",2018,March,5,Monday,13,11,Waterfront City,253,3858,3,1
4508646,"September 19, 2022 09:00:00 AM",2022,September,19,Monday,9,70,Errol Street (East),144,145,9,1
2498905,"December 22, 2018 04:00:00 PM",2018,December,22,Saturday,16,56,Lonsdale St - Elizabeth St (North),412,2480,12,6
2012858,"November 02, 2017 07:00:00 AM",2017,November,2,Thursday,7,45,Little Collins St-Swanston St (East),456,10394,11,4
3332719,"September 21, 2020 02:00:00 AM",2020,September,21,Monday,2,41,Flinders La-Swanston St (West),28,18345,9,1
1225184,"August 11, 2015 10:00:00 PM",2015,August,11,Tuesday,22,8,Webb Bridge,31,10114,8,2
3512239,"January 19, 2021 11:00:00 AM",2021,January,19,Tuesday,11,17,Collins Place (South),294,20168,1,2
2206181,"April 21, 2018 11:00:00 PM",2018,April,21,Saturday,23,31,Lygon St (West),535,7422,4,6
147908,"April 18, 2010 03:00:00 PM",2010,April,18,Sunday,15,14,Sandridge Bridge,542,22489,4,7
1421116,"March 01, 2016 06:00:00 AM",2016,March,1,Tuesday,6,4,Town Hall (West),183,66031,3,2
3586038,"March 08, 2021 08:00:00 AM",2021,March,8,Monday,8,69,Flinders Ln -Degraves St (Crossing),62,318,3,1
2086219,"January 06, 2018 04:00:00 PM",2018,January,6,Saturday,16,29,St Kilda Rd-Alexandra Gardens,212,11995,1,6
2820844,"September 10, 2019 12:00:00 AM",2019,September,10,Tuesday,0,43,Monash Rd-Swanston St (West),13,5218,9,2
3671650,"May 01, 2021 02:00:00 PM",2021,May,1,Saturday,14,56,Lonsdale St - Elizabeth St (North),449,2480,5,6
1352052,"December 22, 2015 08:00:00 PM",2015,December,22,Tuesday,20,20,Chinatown-Lt Bourke St (South),882,9613,12,2
679146,"September 28, 2013 11:00:00 AM",2013,September,28,Saturday,11,8,Webb Bridge,138,10114,9,6
3339147,"September 25, 2020 10:00:00 AM",2020,September,25,Friday,10,25,Melbourne Convention Exhibition Centre,185,21974,9,5
312144,"May 22, 2011 09:00:00 PM",2011,May,22,Sunday,21,4,Town Hall (West),961,66031,5,7
4422130,"August 24, 2022 04:00:00 AM",2022,August,24,Wednesday,4,53,Collins St (North),7,10269,8,3
1996657,"October 18, 2017 11:00:00 AM",2017,October,18,Wednesday,11,39,Alfred Place,394,5676,10,3
1604631,"August 31, 2016 05:00:00 PM",2016,August,31,Wednesday,17,21,Bourke St-Russell St (West),1095,19095,8,3
1053179,"February 05, 2015 11:00:00 PM",2015,February,5,Thursday,23,12,New Quay,42,9339,2,4
1578623,"August 04, 2016 12:00:00 PM",2016,August,4,Thursday,12,36,Queen St (West),949,5556,8,4
2382026,"September 17, 2018 04:00:00 PM",2018,September,17,Monday,16,39,Alfred Place,380,5676,9,1
2599936,"March 17, 2019 08:00:00 PM",2019,March,17,Sunday,20,47,Melbourne Central-Elizabeth St (East),873,25243,3,7
566920,"January 15, 2013 05:00:00 PM",2013,January,15,Tuesday,17,14,Sandridge Bridge,1333,22489,1,2
2337088,"August 12, 2018 01:00:00 AM",2018,August,12,Sunday,1,15,State Library,180,50017,8,7
2720793,"June 23, 2019 11:00:00 PM",2019,June,23,Sunday,23,26,QV Market-Elizabeth St (West),149,17253,6,7
796127,"March 08, 2014 12:00:00 PM",2014,March,8,Saturday,12,14,Sandridge Bridge,460,22489,3,6
2845545,"September 29, 2019 10:00:00 PM",2019,September,29,Sunday,22,19,Chinatown-Swanston St (North),306,9047,9,7
1343508,"December 14, 2015 04:00:00 AM",2015,December,14,Monday,4,2,Bourke Street Mall (South),13,51884,12,1
2605298,"March 22, 2019 08:00:00 AM",2019,March,22,Friday,8,51,QVM-Franklin St (North),190,2358,3,5
507761,"August 29, 2012 11:00:00 AM",2012,August,29,Wednesday,11,11,Waterfront City,127,3858,8,3
2557252,"February 10, 2019 06:00:00 AM",2019,February,10,Sunday,6,17,Collins Place (South),29,20168,2,7
380022,"November 05, 2011 07:00:00 AM",2011,November,5,Saturday,7,8,Webb Bridge,55,10114,11,6
641071,"July 08, 2013 11:00:00 AM",2013,July,8,Monday,11,11,Waterfront City,177,3858,7,1
2494366,"December 18, 2018 11:00:00 PM",2018,December,18,Tuesday,23,30,Lonsdale St (South),318,11717,12,2
1446546,"March 26, 2016 01:00:00 PM",2016,March,26,Saturday,13,40,Lonsdale St-Spring St (West),490,6131,3,6
1653323,"October 20, 2016 07:00:00 AM",2016,October,20,Thursday,7,7,Birrarung Marr,494,19635,10,4
3137319,"May 04, 2020 12:00:00 PM",2020,May,4,Monday,12,14,Sandridge Bridge,104,22489,5,1
2063895,"December 18, 2017 01:00:00 AM",2017,December,18,Monday,1,44,Tin Alley-Swanston St (West),5,2369,12,1
3544122,"February 08, 2021 02:00:00 PM",2021,February,8,Monday,14,45,Little Collins St-Swanston St (East),626,10394,2,1
4029,"May 12, 2009 04:00:00 AM",2009,May,12,Tuesday,4,12,New Quay,0,9339,5,2
1315756,"November 15, 2015 02:00:00 PM",2015,November,15,Sunday,14,44,Tin Alley-Swanston St (West),159,2369,11,7
1765172,"February 18, 2017 02:00:00 AM",2017,February,18,Saturday,2,21,Bourke St-Russell St (West),443,19095,2,6
2403650,"October 05, 2018 12:00:00 AM",2018,October,5,Friday,0,58,Bourke St - Spencer St (North),88,3666,10,5
352817,"August 30, 2011 01:00:00 PM",2011,August,30,Tuesday,13,13,Flagstaff Station,1308,16612,8,2
3001208,"January 26, 2020 07:00:00 AM",2020,January,26,Sunday,7,55,Elizabeth St-La Trobe St (East),185,8520,1,7
3875485,"September 10, 2021 12:00:00 AM",2021,September,10,Friday,0,36,Queen St (West),2,5556,9,5
2430887,"October 27, 2018 11:00:00 AM",2018,October,27,Saturday,11,2,Bourke Street Mall (South),2079,51884,10,6
2537822,"January 24, 2019 11:00:00 AM",2019,January,24,Thursday,11,56,Lonsdale St - Elizabeth St (North),508,2480,1,4
1439050,"March 19, 2016 02:00:00 AM",2016,March,19,Saturday,2,30,Lonsdale St (South),332,11717,3,6
1771306,"February 24, 2017 04:00:00 PM",2017,February,24,Friday,16,43,Monash Rd-Swanston St (West),427,5218,2,5
1098283,"March 29, 2015 06:00:00 AM",2015,March,29,Sunday,6,1,Bourke Street Mall (North),51,39294,3,7
2664106,"May 09, 2019 11:00:00 AM",2019,May,9,Thursday,11,53,Collins St (North),1298,10269,5,4
957998,"October 07, 2014 09:00:00 AM",2014,October,7,Tuesday,9,18,Collins Place (North),654,19958,10,2
1877163,"June 20, 2017 02:00:00 AM",2017,June,20,Tuesday,2,33,Flinders St-Spring St (West),1,3961,6,2
1304012,"November 03, 2015 06:00:00 AM",2015,November,3,Tuesday,6,12,New Quay,33,9339,11,2
4446772,"August 27, 2022 10:00:00 PM",2022,August,27,Saturday,22,44,Tin Alley-Swanston St (West),30,2369,8,6
3158871,"May 19, 2020 05:00:00 PM",2020,May,19,Tuesday,17,65,Swanston St - City Square,313,2073,5,2
2593417,"March 12, 2019 08:00:00 AM",2019,March,12,Tuesday,8,30,Lonsdale St (South),390,11717,3,2
1667282,"November 04, 2016 02:00:00 AM",2016,November,4,Friday,2,28,The Arts Centre,31,18152,11,5
2254484,"June 03, 2018 08:00:00 AM",2018,June,3,Sunday,8,22,Flinders St-Elizabeth St (East),588,44664,6,7
3503835,"January 14, 2021 01:00:00 AM",2021,January,14,Thursday,1,52,Elizabeth St-Lonsdale St (South),12,1701,1,4
442820,"April 01, 2012 03:00:00 AM",2012,April,1,Sunday,3,14,Sandridge Bridge,48,22489,4,7
1318530,"November 18, 2015 10:00:00 AM",2015,November,18,Wednesday,10,28,The Arts Centre,1092,18152,11,3
1299204,"October 29, 2015 12:00:00 AM",2015,October,29,Thursday,0,26,QV Market-Elizabeth St (West),142,17253,10,4
4481546,"September 09, 2022 09:00:00 PM",2022,September,9,Friday,21,20,Chinatown-Lt Bourke St (South),724,9613,9,5
1022666,"December 30, 2014 05:00:00 AM",2014,December,30,Tuesday,5,31,Lygon St (West),9,7422,12,2
3044567,"February 27, 2020 05:00:00 AM",2020,February,27,Thursday,5,24,Spencer St-Collins St (North),273,28852,2,4
4260277,"April 10, 2022 09:00:00 AM",2022,April,10,Sunday,9,46,Pelham St (South),29,950,4,7
2315381,"July 25, 2018 06:00:00 AM",2018,July,25,Wednesday,6,41,Flinders La-Swanston St (West),540,18345,7,3
2038613,"November 25, 2017 06:00:00 PM",2017,November,25,Saturday,18,18,Collins Place (North),195,19958,11,6
2840465,"September 25, 2019 05:00:00 PM",2019,September,25,Wednesday,17,6,Flinders Street Station Underpass,5208,53444,9,3
1322241,"November 22, 2015 06:00:00 AM",2015,November,22,Sunday,6,22,Flinders St-Elizabeth St (East),137,44664,11,7
929127,"August 31, 2014 09:00:00 AM",2014,August,31,Sunday,9,9,Southern Cross Station,72,19152,8,7
4282584,"May 10, 2022 07:00:00 PM",2022,May,10,Tuesday,19,66,State Library - New,1295,3945,5,2
587097,"March 03, 2013 11:00:00 AM",2013,March,3,Sunday,11,2,Bourke Street Mall (South),1729,51884,3,7
1956658,"September 10, 2017 07:00:00 PM",2017,September,10,Sunday,19,39,Alfred Place,72,5676,9,7
1144226,"May 19, 2015 04:00:00 AM",2015,May,19,Tuesday,4,33,Flinders St-Spring St (West),5,3961,5,2
1945676,"August 30, 2017 02:00:00 PM",2017,August,30,Wednesday,14,14,Sandridge Bridge,468,22489,8,3
3453612,"December 13, 2020 03:00:00 AM",2020,December,13,Sunday,3,17,Collins Place (South),19,20168,12,7
4458429,"August 19, 2022 03:00:00 PM",2022,August,19,Friday,15,69,Flinders Ln - Degraves St (Crossing),218,225,8,5
124544,"February 23, 2010 01:00:00 PM",2010,February,23,Tuesday,13,14,Sandridge Bridge,452,22489,2,2
2397393,"September 30, 2018 12:00:00 AM",2018,September,30,Sunday,0,11,Waterfront City,16,3858,9,7
2316637,"July 26, 2018 07:00:00 AM",2018,July,26,Thursday,7,51,QVM-Franklin St (North),58,2358,7,4
4093870,"January 08, 2022 09:00:00 PM",2022,January,8,Saturday,21,12,New Quay,219,9339,1,6
2105112,"January 23, 2018 07:00:00 PM",2018,January,23,Tuesday,19,14,Sandridge Bridge,611,22489,1,2
275660,"February 21, 2011 08:00:00 PM",2011,February,21,Monday,20,14,Sandridge Bridge,246,22489,2,1
2332055,"August 07, 2018 10:00:00 PM",2018,August,7,Tuesday,22,33,Flinders St-Spring St (West),59,3961,8,2
1011590,"December 15, 2014 10:00:00 AM",2014,December,15,Monday,10,21,Bourke St-Russell St (West),374,19095,12,1
154924,"May 04, 2010 09:00:00 PM",2010,May,4,Tuesday,21,10,Victoria Point,80,8826,5,2
4290558,"May 02, 2022 01:00:00 AM",2022,May,2,Monday,1,20,Chinatown-Lt Bourke St (South),17,9613,5,1
1888931,"July 03, 2017 09:00:00 AM",2017,July,3,Monday,9,27,QV Market-Peel St,79,4195,7,1
2584262,"March 04, 2019 06:00:00 PM",2019,March,4,Monday,18,57,Bourke St Bridge,1671,7217,3,1
3145203,"May 10, 2020 01:00:00 AM",2020,May,10,Sunday,1,61,Swanston St - RMIT Building 14,11,2350,5,7
2195128,"April 12, 2018 07:00:00 AM",2018,April,12,Thursday,7,18,Collins Place (North),733,19958,4,4
4266717,"April 08, 2022 05:00:00 PM",2022,April,8,Friday,17,63,231 Bourke St,892,2097,4,5
528974,"October 18, 2012 11:00:00 AM",2012,October,18,Thursday,11,7,Birrarung Marr,2657,19635,10,4
370822,"October 13, 2011 06:00:00 PM",2011,October,13,Thursday,18,5,Princes Bridge,1642,52415,10,4
3313172,"September 07, 2020 10:00:00 PM",2020,September,7,Monday,22,68,Flinders Ln -Degraves St (North),0,787,9,1
3690915,"May 18, 2021 12:00:00 AM",2021,May,18,Tuesday,0,76,Macaulay Rd-Bellair St,0,221,5,2
3943148,"October 20, 2021 03:00:00 AM",2021,October,20,Wednesday,3,57,Bourke St Bridge,2,7217,10,3
1929358,"August 14, 2017 10:00:00 AM",2017,August,14,Monday,10,10,Victoria Point,230,8826,8,1
852416,"May 23, 2014 02:00:00 PM",2014,May,23,Friday,14,18,Collins Place (North),491,19958,5,5
1378297,"January 18, 2016 05:00:00 PM",2016,January,18,Monday,17,44,Tin Alley-Swanston St (West),157,2369,1,1
4511332,"September 11, 2022 07:00:00 AM",2022,September,11,Sunday,7,76,Macaulay Rd - Bellair St,6,268,9,7
4140878,"February 25, 2022 01:00:00 PM",2022,February,25,Friday,13,3,Melbourne Central,1428,36815,2,5
3088843,"March 30, 2020 04:00:00 AM",2020,March,30,Monday,4,49,QVM-Therry St (South),9,3064,3,1
1173748,"June 18, 2015 07:00:00 PM",2015,June,18,Thursday,19,34,Flinders St-Spark La,137,3015,6,4
3035860,"February 20, 2020 08:00:00 PM",2020,February,20,Thursday,20,40,Lonsdale St-Spring St (West),241,6131,2,4
3928641,"October 11, 2021 12:00:00 PM",2021,October,11,Monday,12,39,Alfred Place,48,5676,10,1
3389514,"October 30, 2020 02:00:00 PM",2020,October,30,Friday,14,19,Chinatown-Swanston St (North),403,9047,10,5
4514911,"September 10, 2022 10:00:00 AM",2022,September,10,Saturday,10,85,Macaulay Rd (North),165,234,9,6
4101766,"January 31, 2022 09:00:00 PM",2022,January,31,Monday,21,27,QV Market-Peel St,69,4195,1,1
2764451,"July 28, 2019 07:00:00 AM",2019,July,28,Sunday,7,21,Bourke St-Russell St (West),119,19095,7,7
4170224,"February 07, 2022 06:00:00 AM",2022,February,7,Monday,6,63,231 Bourke St,107,2097,2,1
2711431,"June 16, 2019 12:00:00 PM",2019,June,16,Sunday,12,5,Princes Bridge,3228,52415,6,7
2482823,"December 09, 2018 01:00:00 PM",2018,December,9,Sunday,13,10,Victoria Point,72,8826,12,7
2161321,"March 13, 2018 10:00:00 PM",2018,March,13,Tuesday,22,26,QV Market-Elizabeth St (West),297,17253,3,2
1190698,"July 06, 2015 04:00:00 AM",2015,July,6,Monday,4,14,Sandridge Bridge,29,22489,7,1
1813200,"April 10, 2017 09:00:00 PM",2017,April,10,Monday,21,21,Bourke St-Russell St (West),570,19095,4,1
85265,"November 24, 2009 03:00:00 PM",2009,November,24,Tuesday,15,11,Waterfront City,121,3858,11,2
853465,"May 24, 2014 11:00:00 PM",2014,May,24,Saturday,23,11,Waterfront City,71,3858,5,6
747318,"January 03, 2014 04:00:00 AM",2014,January,3,Friday,4,24,Spencer St-Collins St (North),14,28852,1,5
2024178,"November 12, 2017 01:00:00 PM",2017,November,12,Sunday,13,48,QVM-Queen St (East),740,3752,11,7
2585171,"March 05, 2019 12:00:00 PM",2019,March,5,Tuesday,12,47,Melbourne Central-Elizabeth St (East),2144,25243,3,2
989926,"November 17, 2014 02:00:00 AM",2014,November,17,Monday,2,20,Chinatown-Lt Bourke St (South),38,9613,11,1
1294151,"October 23, 2015 02:00:00 PM",2015,October,23,Friday,14,18,Collins Place (North),493,19958,10,5
2158584,"March 11, 2018 12:00:00 PM",2018,March,11,Sunday,12,26,QV Market-Elizabeth St (West),1893,17253,3,7
203591,"August 26, 2010 06:00:00 PM",2010,August,26,Thursday,18,5,Princes Bridge,1397,52415,8,4
1063024,"February 17, 2015 08:00:00 AM",2015,February,17,Tuesday,8,22,Flinders St-Elizabeth St (East),2607,44664,2,2
13791,"June 06, 2009 12:00:00 AM",2009,June,6,Saturday,0,16,Australia on Collins,112,16700,6,6
2222732,"May 06, 2018 12:00:00 PM",2018,May,6,Sunday,12,48,QVM-Queen St (East),848,3752,5,7
2704166,"June 10, 2019 05:00:00 PM",2019,June,10,Monday,17,31,Lygon St (West),362,7422,6,1
2973040,"January 05, 2020 02:00:00 PM",2020,January,5,Sunday,14,46,Pelham St (S),31,40,1,7
2853723,"October 06, 2019 12:00:00 PM",2019,October,6,Sunday,12,27,QV Market-Peel St,483,4195,10,7
2153749,"March 07, 2018 05:00:00 AM",2018,March,7,Wednesday,5,47,Melbourne Central-Elizabeth St (East),73,25243,3,3
3193044,"June 12, 2020 09:00:00 PM",2020,June,12,Friday,21,64,Royal Pde-Grattan St,49,271,6,5
3875408,"September 09, 2021 11:00:00 PM",2021,September,9,Thursday,23,28,The Arts Centre,14,18152,9,4
3310570,"September 06, 2020 04:00:00 AM",2020,September,6,Sunday,4,23,Spencer St-Collins St (South),10,7263,9,7
1945475,"August 30, 2017 09:00:00 AM",2017,August,30,Wednesday,9,25,Melbourne Convention Exhibition Centre,600,21974,8,3
366595,"October 03, 2011 08:00:00 AM",2011,October,3,Monday,8,4,Town Hall (West),896,66031,10,1
1253049,"September 10, 2015 10:00:00 AM",2015,September,10,Thursday,10,11,Waterfront City,87,3858,9,4
1960954,"September 15, 2017 02:00:00 AM",2017,September,15,Friday,2,1,Bourke Street Mall (North),55,39294,9,5
4155951,"February 09, 2022 02:00:00 PM",2022,February,9,Wednesday,14,37,Lygon St (East),111,5038,2,3
4348258,"June 23, 2022 03:00:00 AM",2022,June,23,Thursday,3,29,St Kilda Rd-Alexandra Gardens,0,11995,6,4
3707859,"June 01, 2021 07:00:00 AM",2021,June,1,Tuesday,7,43,Monash Rd-Swanston St (West),22,5218,6,2
226326,"October 21, 2010 11:00:00 AM",2010,October,21,Thursday,11,12,New Quay,147,9339,10,4
957706,"October 07, 2014 12:00:00 AM",2014,October,7,Tuesday,0,23,Spencer St-Collins St (South),10,7263,10,2
2784063,"August 12, 2019 08:00:00 AM",2019,August,12,Monday,8,37,Lygon St (East),103,5038,8,1
237023,"November 17, 2010 02:00:00 AM",2010,November,17,Wednesday,2,17,Collins Place (South),7,20168,11,3
3842884,"August 21, 2021 11:00:00 AM",2021,August,21,Saturday,11,36,Queen St (West),63,5556,8,6
1192897,"July 08, 2015 12:00:00 PM",2015,July,8,Wednesday,12,31,Lygon St (West),388,7422,7,3
1202548,"July 18, 2015 08:00:00 PM",2015,July,18,Saturday,20,8,Webb Bridge,43,10114,7,6
1156860,"June 01, 2015 03:00:00 PM",2015,June,1,Monday,15,39,Alfred Place,210,5676,6,1
1777207,"March 03, 2017 12:00:00 AM",2017,March,3,Friday,0,11,Waterfront City,21,3858,3,5
4447273,"August 17, 2022 07:00:00 PM",2022,August,17,Wednesday,19,43,Monash Rd-Swanston St (West),123,5218,8,3
839015,"May 05, 2014 08:00:00 AM",2014,May,5,Monday,8,27,QV Market-Peel St,140,4195,5,1
3858527,"August 30, 2021 10:00:00 PM",2021,August,30,Monday,22,6,Flinders Street Station Underpass,53,53444,8,1
1565102,"July 22, 2016 01:00:00 AM",2016,July,22,Friday,1,33,Flinders St-Spring St (West),10,3961,7,5
1447102,"March 27, 2016 03:00:00 AM",2016,March,27,Sunday,3,6,Flinders Street Station Underpass,239,53444,3,7
904134,"July 29, 2014 10:00:00 AM",2014,July,29,Tuesday,10,23,Spencer St-Collins St (South),361,7263,7,2
1941588,"August 26, 2017 02:00:00 PM",2017,August,26,Saturday,14,15,State Library,3330,50017,8,6
3264761,"August 03, 2020 10:00:00 PM",2020,August,3,Monday,22,22,Flinders St-Elizabeth St (East),89,44664,8,1
4421751,"August 30, 2022 09:00:00 AM",2022,August,30,Tuesday,9,59,Swanston St - RMIT Building 80,551,4148,8,2
208225,"September 07, 2010 12:00:00 AM",2010,September,7,Tuesday,0,16,Australia on Collins,2,16700,9,2
974884,"October 28, 2014 08:00:00 PM",2014,October,28,Tuesday,20,29,St Kilda Rd-Alexandra Gardens,203,11995,10,2
3356803,"October 07, 2020 08:00:00 PM",2020,October,7,Wednesday,20,4,Town Hall (West),92,66031,10,3
3487193,"January 03, 2021 03:00:00 PM",2021,January,3,Sunday,15,55,Elizabeth St-La Trobe St (East),1113,8520,1,7
1235728,"August 23, 2015 07:00:00 AM",2015,August,23,Sunday,7,1,Bourke Street Mall (North),86,39294,8,7
3371356,"October 18, 2020 03:00:00 AM",2020,October,18,Sunday,3,9,Southern Cross Station,1,19152,10,7
2047253,"December 03, 2017 12:00:00 PM",2017,December,3,Sunday,12,18,Collins Place (North),183,19958,12,7
3111115,"April 15, 2020 03:00:00 PM",2020,April,15,Wednesday,15,3,Melbourne Central,424,36815,4,3
3485862,"January 02, 2021 07:00:00 PM",2021,January,2,Saturday,19,47,Melbourne Central-Elizabeth St (East),529,25243,1,6
1893592,"July 08, 2017 07:00:00 AM",2017,July,8,Saturday,7,43,Monash Rd-Swanston St (West),13,5218,7,6
1807597,"April 04, 2017 11:00:00 PM",2017,April,4,Tuesday,23,35,Southbank,438,39528,4,2
1409394,"February 18, 2016 02:00:00 PM",2016,February,18,Thursday,14,43,Monash Rd-Swanston St (West),348,5218,2,4
15814,"June 10, 2009 11:00:00 PM",2009,June,10,Wednesday,23,16,Australia on Collins,64,16700,6,3
1656740,"October 23, 2016 10:00:00 PM",2016,October,23,Sunday,22,34,Flinders St-Spark La,33,3015,10,7
976302,"October 30, 2014 05:00:00 PM",2014,October,30,Thursday,17,20,Chinatown-Lt Bourke St (South),581,9613,10,4
3763217,"July 04, 2021 01:00:00 PM",2021,July,4,Sunday,13,5,Princes Bridge,2609,52415,7,7
118137,"February 08, 2010 05:00:00 PM",2010,February,8,Monday,17,15,State Library,1450,50017,2,1
4354642,"June 19, 2022 03:00:00 AM",2022,June,19,Sunday,3,46,Pelham St (South),3,950,6,7
1878717,"June 21, 2017 08:00:00 PM",2017,June,21,Wednesday,20,33,Flinders St-Spring St (West),74,3961,6,3
186635,"July 17, 2010 08:00:00 AM",2010,July,17,Saturday,8,11,Waterfront City,28,3858,7,6
2726668,"June 28, 2019 05:00:00 PM",2019,June,28,Friday,17,49,QVM-Therry St (South),162,3064,6,5
2507992,"December 30, 2018 07:00:00 AM",2018,December,30,Sunday,7,37,Lygon St (East),3,5038,12,7
3362738,"October 12, 2020 12:00:00 AM",2020,October,12,Monday,0,49,QVM-Therry St (South),55,3064,10,1
2850158,"October 03, 2019 04:00:00 PM",2019,October,3,Thursday,16,9,Southern Cross Station,2715,19152,10,4
4104429,"January 18, 2022 08:00:00 PM",2022,January,18,Tuesday,20,31,Lygon St (West),133,7422,1,2
2521334,"January 10, 2019 03:00:00 PM",2019,January,10,Thursday,15,47,Melbourne Central-Elizabeth St (East),1783,25243,1,4
886363,"July 05, 2014 07:00:00 PM",2014,July,5,Saturday,19,14,Sandridge Bridge,327,22489,7,6
2520969,"January 10, 2019 08:00:00 AM",2019,January,10,Thursday,8,29,St Kilda Rd-Alexandra Gardens,514,11995,1,4
3185906,"June 07, 2020 06:00:00 PM",2020,June,7,Sunday,18,59,Swanston St - RMIT Building 80,0,4148,6,7
1069466,"February 24, 2015 03:00:00 PM",2015,February,24,Tuesday,15,38,Flinders St-Swanston St (West),4514,25944,2,2
3611876,"March 24, 2021 11:00:00 PM",2021,March,24,Wednesday,23,10,Victoria Point,7,8826,3,3
178462,"June 28, 2010 10:00:00 AM",2010,June,28,Monday,10,10,Victoria Point,216,8826,6,1
1762310,"February 14, 2017 11:00:00 PM",2017,February,14,Tuesday,23,36,Queen St (West),59,5556,2,2
3978094,"November 09, 2021 11:00:00 PM",2021,November,9,Tuesday,23,72,Flinders St-ACMI,25,1442,11,2
4315109,"May 12, 2022 12:00:00 AM",2022,May,12,Thursday,0,65,Swanston St - City Square,48,2073,5,4
1327385,"November 27, 2015 02:00:00 PM",2015,November,27,Friday,14,22,Flinders St-Elizabeth St (East),2780,44664,11,5
3185411,"June 07, 2020 10:00:00 AM",2020,June,7,Sunday,10,25,Melbourne Convention Exhibition Centre,710,21974,6,7
4185328,"March 28, 2022 02:00:00 PM",2022,March,28,Monday,14,53,Collins St (North),917,10269,3,1
652871,"August 06, 2013 05:00:00 PM",2013,August,6,Tuesday,17,16,Australia on Collins,1213,16700,8,2
1113436,"April 15, 2015 03:00:00 PM",2015,April,15,Wednesday,15,34,Flinders St-Spark La,217,3015,4,3
1039259,"January 20, 2015 12:00:00 PM",2015,January,20,Tuesday,12,26,QV Market-Elizabeth St (West),1883,17253,1,2
4407289,"July 14, 2022 08:00:00 PM",2022,July,14,Thursday,20,62,La Trobe St (North),221,1047,7,4
2251552,"May 31, 2018 07:00:00 PM",2018,May,31,Thursday,19,18,Collins Place (North),295,19958,5,4
3959795,"October 30, 2021 04:00:00 AM",2021,October,30,Saturday,4,41,Flinders La-Swanston St (West),91,18345,10,6
1878284,"June 21, 2017 09:00:00 AM",2017,June,21,Wednesday,9,2,Bourke Street Mall (South),657,51884,6,3
1705531,"December 14, 2016 11:00:00 PM",2016,December,14,Wednesday,23,15,State Library,406,50017,12,3
3526824,"January 28, 2021 02:00:00 PM",2021,January,28,Thursday,14,55,Elizabeth St-La Trobe St (East),1009,8520,1,4
4030809,"December 03, 2021 06:00:00 AM",2021,December,3,Friday,6,5,Princes Bridge,205,52415,12,5
684927,"October 07, 2013 10:00:00 AM",2013,October,7,Monday,10,11,Waterfront City,72,3858,10,1
2672767,"May 16, 2019 01:00:00 PM",2019,May,16,Thursday,13,47,Melbourne Central-Elizabeth St (East),1835,25243,5,4
4300204,"May 31, 2022 11:00:00 PM",2022,May,31,Tuesday,23,40,Lonsdale St-Spring St (West),17,6131,5,2
596385,"March 24, 2013 11:00:00 PM",2013,March,24,Sunday,23,2,Bourke Street Mall (South),121,51884,3,7
4371744,"June 11, 2022 05:00:00 PM",2022,June,11,Saturday,17,85,Macaulay Rd (North),69,234,6,6
3327173,"September 17, 2020 09:00:00 AM",2020,September,17,Thursday,9,8,Webb Bridge,91,10114,9,4
4237068,"April 12, 2022 09:00:00 AM",2022,April,12,Tuesday,9,66,State Library - New,597,3945,4,2
2991534,"January 19, 2020 03:00:00 AM",2020,January,19,Sunday,3,50,Faraday St-Lygon St (West),9,4434,1,7
4164116,"February 13, 2022 07:00:00 PM",2022,February,13,Sunday,19,52,Elizabeth St-Lonsdale St (South),350,1701,2,7
2592676,"March 11, 2019 05:00:00 PM",2019,March,11,Monday,17,42,Grattan St-Swanston St (West),1266,4073,3,1
1961838,"September 15, 2017 11:00:00 PM",2017,September,15,Friday,23,3,Melbourne Central,1402,36815,9,5
9001,"May 25, 2009 07:00:00 AM",2009,May,25,Monday,7,2,Bourke Street Mall (South),190,51884,5,1
1827398,"April 26, 2017 07:00:00 AM",2017,April,26,Wednesday,7,35,Southbank,1348,39528,4,3
2265985,"June 13, 2018 07:00:00 AM",2018,June,13,Wednesday,7,53,Collins St (North),383,10269,6,3
1378389,"January 18, 2016 08:00:00 PM",2016,January,18,Monday,20,7,Birrarung Marr,1438,19635,1,1
47720,"August 28, 2009 04:00:00 AM",2009,August,28,Friday,4,13,Flagstaff Station,10,16612,8,5
2085796,"January 06, 2018 07:00:00 AM",2018,January,6,Saturday,7,20,Chinatown-Lt Bourke St (South),67,9613,1,6
2655111,"May 02, 2019 06:00:00 AM",2019,May,2,Thursday,6,54,Lincoln-Swanston (West),34,504,5,4
4121256,"January 13, 2022 11:00:00 PM",2022,January,13,Thursday,23,61,Swanston St - RMIT Building 14,67,2350,1,4
962979,"October 13, 2014 04:00:00 PM",2014,October,13,Monday,16,15,State Library,1646,50017,10,1
1057595,"February 11, 2015 01:00:00 AM",2015,February,11,Wednesday,1,39,Alfred Place,1,5676,2,3
4169701,"February 13, 2022 11:00:00 AM",2022,February,13,Sunday,11,62,La Trobe St (North),200,1047,2,7
3222029,"July 03, 2020 02:00:00 PM",2020,July,3,Friday,14,18,Collins Place (North),125,19958,7,5
337109,"July 23, 2011 01:00:00 AM",2011,July,23,Saturday,1,13,Flagstaff Station,21,16612,7,6
1909044,"July 24, 2017 03:00:00 AM",2017,July,24,Monday,3,14,Sandridge Bridge,2,22489,7,1
710388,"November 12, 2013 06:00:00 AM",2013,November,12,Tuesday,6,2,Bourke Street Mall (South),96,51884,11,2
2109614,"January 27, 2018 07:00:00 PM",2018,January,27,Saturday,19,36,Queen St (West),242,5556,1,6
1879047,"June 22, 2017 05:00:00 AM",2017,June,22,Thursday,5,29,St Kilda Rd-Alexandra Gardens,47,11995,6,4
874866,"June 20, 2014 11:00:00 PM",2014,June,20,Friday,23,30,Lonsdale St (South),603,11717,6,5
1158213,"June 03, 2015 12:00:00 AM",2015,June,3,Wednesday,0,39,Alfred Place,17,5676,6,3
914415,"August 12, 2014 11:00:00 AM",2014,August,12,Tuesday,11,27,QV Market-Peel St,246,4195,8,2
2345724,"August 19, 2018 02:00:00 AM",2018,August,19,Sunday,2,34,Flinders St-Spark La,13,3015,8,7
2072034,"December 25, 2017 03:00:00 AM",2017,December,25,Monday,3,19,Chinatown-Swanston St (North),65,9047,12,1
1219895,"August 06, 2015 08:00:00 AM",2015,August,6,Thursday,8,7,Birrarung Marr,408,19635,8,4
1160030,"June 04, 2015 09:00:00 PM",2015,June,4,Thursday,21,9,Southern Cross Station,77,19152,6,4
704340,"November 03, 2013 08:00:00 PM",2013,November,3,Sunday,20,15,State Library,715,50017,11,7
3791650,"July 21, 2021 02:00:00 PM",2021,July,21,Wednesday,14,22,Flinders St-Elizabeth St (East),858,44664,7,3
2440661,"November 04, 2018 12:00:00 PM",2018,November,4,Sunday,12,47,Melbourne Central-Elizabeth St (East),1555,25243,11,7
4295746,"May 01, 2022 05:00:00 AM",2022,May,1,Sunday,5,57,Bourke St Bridge,5,7217,5,7
712897,"November 15, 2013 07:00:00 PM",2013,November,15,Friday,19,4,Town Hall (West),2775,66031,11,5
1215542,"August 01, 2015 05:00:00 PM",2015,August,1,Saturday,17,15,State Library,1959,50017,8,6
4408442,"July 31, 2022 09:00:00 PM",2022,July,31,Sunday,21,63,231 Bourke St,222,2097,7,7
3341922,"September 27, 2020 07:00:00 AM",2020,September,27,Sunday,7,1,Bourke Street Mall (North),40,39294,9,7
4257544,"April 16, 2022 12:00:00 PM",2022,April,16,Saturday,12,44,Tin Alley-Swanston St (West),51,2369,4,6
1224976,"August 11, 2015 04:00:00 PM",2015,August,11,Tuesday,16,38,Flinders St-Swanston St (West),4547,25944,8,2
1034890,"January 14, 2015 07:00:00 PM",2015,January,14,Wednesday,19,17,Collins Place (South),319,20168,1,3
2298215,"July 10, 2018 09:00:00 PM",2018,July,10,Tuesday,21,30,Lonsdale St (South),623,11717,7,2
334408,"July 16, 2011 10:00:00 AM",2011,July,16,Saturday,10,15,State Library,420,50017,7,6
4235317,"April 29, 2022 10:00:00 AM",2022,April,29,Friday,10,2,Bourke Street Mall (South),749,51884,4,5
3093131,"April 02, 2020 07:00:00 AM",2020,April,2,Thursday,7,14,Sandridge Bridge,84,22489,4,4
329624,"July 04, 2011 05:00:00 PM",2011,July,4,Monday,17,8,Webb Bridge,383,10114,7,1
1016843,"December 22, 2014 10:00:00 AM",2014,December,22,Monday,10,2,Bourke Street Mall (South),2329,51884,12,1
4422532,"August 09, 2022 10:00:00 PM",2022,August,9,Tuesday,22,2,Bourke Street Mall (South),122,51884,8,2
4245004,"April 04, 2022 12:00:00 AM",2022,April,4,Monday,0,19,Chinatown-Swanston St (North),91,9047,4,1
1344724,"December 15, 2015 09:00:00 AM",2015,December,15,Tuesday,9,31,Lygon St (West),167,7422,12,2
4039524,"December 29, 2021 09:00:00 AM",2021,December,29,Wednesday,9,29,St Kilda Rd-Alexandra Gardens,156,11995,12,3
1751237,"February 02, 2017 12:00:00 PM",2017,February,2,Thursday,12,37,Lygon St (East),363,5038,2,4
4010874,"November 29, 2021 05:00:00 PM",2021,November,29,Monday,17,12,New Quay,253,9339,11,1
2397027,"September 29, 2018 05:00:00 PM",2018,September,29,Saturday,17,8,Webb Bridge,149,10114,9,6
2016022,"November 05, 2017 04:00:00 AM",2017,November,5,Sunday,4,31,Lygon St (West),35,7422,11,7
248085,"December 15, 2010 07:00:00 PM",2010,December,15,Wednesday,19,11,Waterfront City,97,3858,12,3
42081,"August 14, 2009 08:00:00 AM",2009,August,14,Friday,8,18,Collins Place (North),1912,19958,8,5
514358,"September 14, 2012 07:00:00 AM",2012,September,14,Friday,7,16,Australia on Collins,331,16700,9,5
4397792,"July 22, 2022 03:00:00 AM",2022,July,22,Friday,3,44,Tin Alley-Swanston St (West),5,2369,7,5
4170301,"February 10, 2022 11:00:00 AM",2022,February,10,Thursday,11,63,231 Bourke St,408,2097,2,4
1200254,"July 16, 2015 09:00:00 AM",2015,July,16,Thursday,9,15,State Library,586,50017,7,4
2263208,"June 10, 2018 10:00:00 PM",2018,June,10,Sunday,22,7,Birrarung Marr,44,19635,6,7
2035071,"November 22, 2017 01:00:00 PM",2017,November,22,Wednesday,13,5,Princes Bridge,1928,52415,11,3
2500131,"December 23, 2018 05:00:00 PM",2018,December,23,Sunday,17,27,QV Market-Peel St,195,4195,12,7
1480638,"April 29, 2016 10:00:00 PM",2016,April,29,Friday,22,31,Lygon St (West),767,7422,4,5
3208590,"June 23, 2020 11:00:00 PM",2020,June,23,Tuesday,23,3,Melbourne Central,127,36815,6,2
1694964,"December 03, 2016 08:00:00 PM",2016,December,3,Saturday,20,32,City Square,2475,7715,12,6
4025064,"December 08, 2021 09:00:00 PM",2021,December,8,Wednesday,21,8,Webb Bridge,58,10114,12,3
3341208,"September 26, 2020 07:00:00 PM",2020,September,26,Saturday,19,42,Grattan St-Swanston St (West),25,4073,9,6
4443516,"August 16, 2022 06:00:00 AM",2022,August,16,Tuesday,6,29,St Kilda Rd-Alexandra Gardens,64,11995,8,2
1137220,"May 11, 2015 03:00:00 PM",2015,May,11,Monday,15,29,St Kilda Rd-Alexandra Gardens,385,11995,5,1
3939619,"October 18, 2021 01:00:00 AM",2021,October,18,Monday,1,24,Spencer St-Collins St (North),13,28852,10,1
3373973,"October 19, 2020 11:00:00 PM",2020,October,19,Monday,23,3,Melbourne Central,48,36815,10,1
1800845,"March 28, 2017 04:00:00 PM",2017,March,28,Tuesday,16,19,Chinatown-Swanston St (North),945,9047,3,2
2671109,"May 15, 2019 04:00:00 AM",2019,May,15,Wednesday,4,57,Bourke St Bridge,5,7217,5,3
3369280,"October 16, 2020 03:00:00 PM",2020,October,16,Friday,15,68,Flinders Ln -Degraves St (North),83,787,10,5
426893,"February 24, 2012 06:00:00 AM",2012,February,24,Friday,6,17,Collins Place (South),202,20168,2,5
3604674,"March 20, 2021 08:00:00 AM",2021,March,20,Saturday,8,51,QVM-Franklin St (North),138,2358,3,6
276456,"February 23, 2011 10:00:00 PM",2011,February,23,Wednesday,22,9,Southern Cross Station,40,19152,2,3
367412,"October 05, 2011 09:00:00 AM",2011,October,5,Wednesday,9,12,New Quay,104,9339,10,3
3832211,"August 15, 2021 01:00:00 AM",2021,August,15,Sunday,1,42,Grattan St-Swanston St (West),6,4073,8,7
2425812,"October 23, 2018 04:00:00 AM",2018,October,23,Tuesday,4,34,Flinders St-Spark La,4,3015,10,2
1875672,"June 18, 2017 10:00:00 AM",2017,June,18,Sunday,10,21,Bourke St-Russell St (West),349,19095,6,7
4157583,"February 21, 2022 02:00:00 PM",2022,February,21,Monday,14,36,Queen St (West),258,5556,2,1
3457107,"December 15, 2020 09:00:00 AM",2020,December,15,Tuesday,9,47,Melbourne Central-Elizabeth St (East),604,25243,12,2
4447349,"August 20, 2022 11:00:00 PM",2022,August,20,Saturday,23,43,Monash Rd-Swanston St (West),43,5218,8,6
3194097,"June 13, 2020 04:00:00 PM",2020,June,13,Saturday,16,3,Melbourne Central,1550,36815,6,6
795452,"March 07, 2014 02:00:00 PM",2014,March,7,Friday,14,21,Bourke St-Russell St (West),847,19095,3,5
1910265,"July 25, 2017 09:00:00 AM",2017,July,25,Tuesday,9,3,Melbourne Central,740,36815,7,2
432664,"March 08, 2012 03:00:00 PM",2012,March,8,Thursday,15,10,Victoria Point,262,8826,3,4
3586788,"March 08, 2021 08:00:00 PM",2021,March,8,Monday,20,48,QVM-Queen St (East),67,3752,3,1
3920525,"October 06, 2021 04:00:00 PM",2021,October,6,Wednesday,16,29,St Kilda Rd-Alexandra Gardens,155,11995,10,3
446912,"April 10, 2012 03:00:00 PM",2012,April,10,Tuesday,15,2,Bourke Street Mall (South),3329,51884,4,2
1280965,"October 09, 2015 12:00:00 PM",2015,October,9,Friday,12,12,New Quay,373,9339,10,5
2044925,"December 01, 2017 10:00:00 AM",2017,December,1,Friday,10,45,Little Collins St-Swanston St (East),798,10394,12,5
479260,"June 24, 2012 12:00:00 PM",2012,June,24,Sunday,12,4,Town Hall (West),2806,66031,6,7
2397838,"September 30, 2018 08:00:00 AM",2018,September,30,Sunday,8,52,Elizabeth St-Lonsdale St (South),110,1701,9,7
4152744,"February 15, 2022 11:00:00 PM",2022,February,15,Tuesday,23,28,The Arts Centre,130,18152,2,2
4329924,"June 02, 2022 07:00:00 AM",2022,June,2,Thursday,7,66,State Library - New,174,3945,6,4
3332814,"September 21, 2020 04:00:00 AM",2020,September,21,Monday,4,11,Waterfront City,2,3858,9,1
1954294,"September 08, 2017 10:00:00 AM",2017,September,8,Friday,10,11,Waterfront City,18,3858,9,5
2491857,"December 16, 2018 10:00:00 PM",2018,December,16,Sunday,22,19,Chinatown-Swanston St (North),514,9047,12,7
322440,"June 17, 2011 02:00:00 AM",2011,June,17,Friday,2,15,State Library,60,50017,6,5
683447,"October 05, 2013 02:00:00 AM",2013,October,5,Saturday,2,17,Collins Place (South),20,20168,10,6
1709314,"December 18, 2016 11:00:00 PM",2016,December,18,Sunday,23,7,Birrarung Marr,189,19635,12,7
1883014,"June 26, 2017 06:00:00 PM",2017,June,26,Monday,18,1,Bourke Street Mall (North),2266,39294,6,1
97865,"December 23, 2009 07:00:00 PM",2009,December,23,Wednesday,19,11,Waterfront City,148,3858,12,3
4503546,"September 02, 2022 11:00:00 AM",2022,September,2,Friday,11,62,La Trobe St (North),286,1047,9,5
4359720,"June 20, 2022 05:00:00 PM",2022,June,20,Monday,17,61,Swanston St - RMIT Building 14,610,2350,6,1
3761091,"July 03, 2021 06:00:00 AM",2021,July,3,Saturday,6,65,Swanston St - City Square,35,2073,7,6
711282,"November 13, 2013 11:00:00 AM",2013,November,13,Wednesday,11,27,QV Market-Peel St,82,4195,11,3
4283339,"May 11, 2022 06:00:00 AM",2022,May,11,Wednesday,6,26,QV Market-Elizabeth St (West),102,17253,5,3
1001341,"December 02, 2014 02:00:00 AM",2014,December,2,Tuesday,2,11,Waterfront City,0,3858,12,2
2900114,"November 11, 2019 09:00:00 AM",2019,November,11,Monday,9,2,Bourke Street Mall (South),683,51884,11,1
3291179,"August 23, 2020 12:00:00 PM",2020,August,23,Sunday,12,56,Lonsdale St - Elizabeth St (North),63,2480,8,7
2554181,"February 07, 2019 02:00:00 PM",2019,February,7,Thursday,14,18,Collins Place (North),575,19958,2,4
988855,"November 15, 2014 05:00:00 PM",2014,November,15,Saturday,17,10,Victoria Point,96,8826,11,6
3295229,"August 26, 2020 10:00:00 AM",2020,August,26,Wednesday,10,45,Little Collins St-Swanston St (East),102,10394,8,3
3300085,"August 29, 2020 10:00:00 PM",2020,August,29,Saturday,22,19,Chinatown-Swanston St (North),23,9047,8,6
2957057,"December 24, 2019 05:00:00 PM",2019,December,24,Tuesday,17,24,Spencer St-Collins St (North),1836,28852,12,2
3111071,"April 15, 2020 02:00:00 PM",2020,April,15,Wednesday,14,21,Bourke St-Russell St (West),226,19095,4,3
1980274,"October 03, 2017 07:00:00 AM",2017,October,3,Tuesday,7,35,Southbank,1569,39528,10,2
2453457,"November 15, 2018 02:00:00 AM",2018,November,15,Thursday,2,56,Lonsdale St - Elizabeth St (North),22,2480,11,4
2300181,"July 12, 2018 12:00:00 PM",2018,July,12,Thursday,12,48,QVM-Queen St (East),626,3752,7,4
2537982,"January 24, 2019 03:00:00 PM",2019,January,24,Thursday,15,17,Collins Place (South),728,20168,1,4
2737583,"July 07, 2019 08:00:00 AM",2019,July,7,Sunday,8,37,Lygon St (East),25,5038,7,7
200192,"August 18, 2010 10:00:00 AM",2010,August,18,Wednesday,10,6,Flinders Street Station Underpass,763,53444,8,3
3881709,"September 13, 2021 05:00:00 PM",2021,September,13,Monday,17,79,Flinders St (South),266,3382,9,1
3089441,"March 30, 2020 03:00:00 PM",2020,March,30,Monday,15,53,Collins St (North),336,10269,3,1
3074197,"March 19, 2020 04:00:00 PM",2020,March,19,Thursday,16,5,Princes Bridge,1099,52415,3,4
2160454,"March 13, 2018 04:00:00 AM",2018,March,13,Tuesday,4,1,Bourke Street Mall (North),22,39294,3,2
3247712,"July 22, 2020 07:00:00 AM",2020,July,22,Wednesday,7,63,231 Bourke St,60,2097,7,3
740505,"December 25, 2013 04:00:00 AM",2013,December,25,Wednesday,4,7,Birrarung Marr,9,19635,12,3
3554688,"February 15, 2021 04:00:00 PM",2021,February,15,Monday,16,39,Alfred Place,30,5676,2,1
1529946,"June 17, 2016 02:00:00 AM",2016,June,17,Friday,2,18,Collins Place (North),8,19958,6,5
4201336,"March 13, 2022 02:00:00 PM",2022,March,13,Sunday,14,57,Bourke St Bridge,251,7217,3,7
548229,"December 02, 2012 01:00:00 AM",2012,December,2,Sunday,1,2,Bourke Street Mall (South),354,51884,12,7
1303302,"November 02, 2015 12:00:00 PM",2015,November,2,Monday,12,4,Town Hall (West),5339,66031,11,1
623328,"May 26, 2013 07:00:00 AM",2013,May,26,Sunday,7,17,Collins Place (South),47,20168,5,7
2403739,"October 05, 2018 02:00:00 AM",2018,October,5,Friday,2,44,Tin Alley-Swanston St (West),7,2369,10,5
2117791,"February 04, 2018 12:00:00 AM",2018,February,4,Sunday,0,6,Flinders Street Station Underpass,1127,53444,2,7
353098,"August 31, 2011 06:00:00 AM",2011,August,31,Wednesday,6,5,Princes Bridge,293,52415,8,3
2153646,"March 07, 2018 03:00:00 AM",2018,March,7,Wednesday,3,37,Lygon St (East),4,5038,3,3
3709952,"June 02, 2021 01:00:00 PM",2021,June,2,Wednesday,13,48,QVM-Queen St (East),138,3752,6,3
3143993,"May 09, 2020 05:00:00 AM",2020,May,9,Saturday,5,22,Flinders St-Elizabeth St (East),63,44664,5,6
1955387,"September 09, 2017 01:00:00 PM",2017,September,9,Saturday,13,11,Waterfront City,34,3858,9,6
3150565,"May 13, 2020 08:00:00 PM",2020,May,13,Wednesday,20,52,Elizabeth St-Lonsdale St (South),50,1701,5,3
2309678,"July 20, 2018 12:00:00 PM",2018,July,20,Friday,12,43,Monash Rd-Swanston St (West),362,5218,7,5
3363344,"October 12, 2020 11:00:00 AM",2020,October,12,Monday,11,15,State Library,203,50017,10,1
2656468,"May 03, 2019 08:00:00 AM",2019,May,3,Friday,8,60,Flinders La - Swanston St (West) Temp,2044,2044,5,5
1307095,"November 06, 2015 02:00:00 PM",2015,November,6,Friday,14,14,Sandridge Bridge,502,22489,11,5
1229804,"August 16, 2015 09:00:00 PM",2015,August,16,Sunday,21,37,Lygon St (East),174,5038,8,7
4061015,"December 03, 2021 08:00:00 PM",2021,December,3,Friday,20,78,Harbour Esplanade (West) - Bike Path,43,262,12,5
1209497,"July 26, 2015 06:00:00 AM",2015,July,26,Sunday,6,15,State Library,62,50017,7,7
1228828,"August 15, 2015 08:00:00 PM",2015,August,15,Saturday,20,10,Victoria Point,99,8826,8,6
3171420,"May 28, 2020 11:00:00 AM",2020,May,28,Thursday,11,7,Birrarung Marr,125,19635,5,4
1718482,"December 28, 2016 12:00:00 PM",2016,December,28,Wednesday,12,15,State Library,1268,50017,12,3
1133440,"May 07, 2015 11:00:00 AM",2015,May,7,Thursday,11,10,Victoria Point,247,8826,5,4
2743635,"July 12, 2019 01:00:00 AM",2019,July,12,Friday,1,36,Queen St (West),44,5556,7,5
1036513,"January 16, 2015 10:00:00 PM",2015,January,16,Friday,22,6,Flinders Street Station Underpass,1191,53444,1,5
628689,"June 08, 2013 03:00:00 AM",2013,June,8,Saturday,3,5,Princes Bridge,85,52415,6,6
2027575,"November 15, 2017 03:00:00 PM",2017,November,15,Wednesday,15,42,Grattan St-Swanston St (West),530,4073,11,3
4142695,"February 17, 2022 06:00:00 AM",2022,February,17,Thursday,6,24,Spencer St-Collins St (North),320,28852,2,4
3980295,"November 11, 2021 07:00:00 AM",2021,November,11,Thursday,7,28,The Arts Centre,384,18152,11,4
1258802,"September 16, 2015 10:00:00 AM",2015,September,16,Wednesday,10,4,Town Hall (West),1697,66031,9,3
2226735,"May 10, 2018 12:00:00 AM",2018,May,10,Thursday,0,17,Collins Place (South),29,20168,5,4
4377670,"July 05, 2022 03:00:00 PM",2022,July,5,Tuesday,15,24,Spencer St-Collins St (North),1277,28852,7,2
3617487,"March 28, 2021 12:00:00 PM",2021,March,28,Sunday,12,12,New Quay,418,9339,3,7
3741669,"June 21, 2021 04:00:00 PM",2021,June,21,Monday,16,4,Town Hall (West),1449,66031,6,1
3451897,"December 12, 2020 12:00:00 AM",2020,December,12,Saturday,0,14,Sandridge Bridge,206,22489,12,6
1793574,"March 20, 2017 03:00:00 PM",2017,March,20,Monday,15,17,Collins Place (South),700,20168,3,1
4415765,"July 28, 2022 11:00:00 PM",2022,July,28,Thursday,23,78,Harbour Esplanade (West) - Bike Path,6,262,7,4
2750603,"July 17, 2019 01:00:00 PM",2019,July,17,Wednesday,13,4,Town Hall (West),2980,66031,7,3
1817434,"April 15, 2017 01:00:00 PM",2017,April,15,Saturday,13,26,QV Market-Elizabeth St (West),1935,17253,4,6
3086880,"March 28, 2020 06:00:00 PM",2020,March,28,Saturday,18,59,Swanston St - RMIT Building 80,72,4148,3,6
1698762,"December 07, 2016 08:00:00 PM",2016,December,7,Wednesday,20,42,Grattan St-Swanston St (West),130,4073,12,3
1161233,"June 06, 2015 02:00:00 AM",2015,June,6,Saturday,2,24,Spencer St-Collins St (North),27,28852,6,6
3068832,"March 15, 2020 09:00:00 PM",2020,March,15,Sunday,21,17,Collins Place (South),112,20168,3,7
2828116,"September 15, 2019 04:00:00 PM",2019,September,15,Sunday,16,8,Webb Bridge,196,10114,9,7
2681552,"May 23, 2019 06:00:00 PM",2019,May,23,Thursday,18,12,New Quay,369,9339,5,4
3290605,"August 23, 2020 02:00:00 AM",2020,August,23,Sunday,2,63,231 Bourke St,6,2097,8,7
4062695,"December 11, 2021 08:00:00 PM",2021,December,11,Saturday,20,79,Flinders St (South),1146,3382,12,6
1105143,"April 06, 2015 02:00:00 AM",2015,April,6,Monday,2,30,Lonsdale St (South),565,11717,4,1
231703,"November 03, 2010 03:00:00 PM",2010,November,3,Wednesday,15,17,Collins Place (South),697,20168,11,3
95096,"December 17, 2009 09:00:00 AM",2009,December,17,Thursday,9,14,Sandridge Bridge,334,22489,12,4
4128447,"January 03, 2022 02:00:00 PM",2022,January,3,Monday,14,73,Bourke St - Spencer St (South),96,225,1,1
674335,"September 20, 2013 06:00:00 PM",2013,September,20,Friday,18,19,Chinatown-Swanston St (North),1207,9047,9,5
2024647,"November 13, 2017 12:00:00 AM",2017,November,13,Monday,0,6,Flinders Street Station Underpass,204,53444,11,1
2688977,"May 29, 2019 04:00:00 PM",2019,May,29,Wednesday,16,21,Bourke St-Russell St (West),864,19095,5,3
2227331,"May 10, 2018 12:00:00 PM",2018,May,10,Thursday,12,39,Alfred Place,1206,5676,5,4
477878,"June 21, 2012 07:00:00 AM",2012,June,21,Thursday,7,8,Webb Bridge,189,10114,6,4
1832232,"May 01, 2017 02:00:00 PM",2017,May,1,Monday,14,53,Collins St (North),1660,10269,5,1
2518091,"January 07, 2019 08:00:00 PM",2019,January,7,Monday,20,50,Faraday St-Lygon St (West),523,4434,1,1
4167175,"February 01, 2022 06:00:00 AM",2022,February,1,Tuesday,6,55,Elizabeth St-La Trobe St (East),285,8520,2,2
853480,"May 24, 2014 11:00:00 PM",2014,May,24,Saturday,23,26,QV Market-Elizabeth St (West),228,17253,5,6
4107011,"January 05, 2022 10:00:00 AM",2022,January,5,Wednesday,10,40,Lonsdale St-Spring St (West),117,6131,1,3
1101957,"April 02, 2015 10:00:00 AM",2015,April,2,Thursday,10,9,Southern Cross Station,446,19152,4,4
4346702,"June 15, 2022 08:00:00 AM",2022,June,15,Wednesday,8,40,Lonsdale St-Spring St (West),551,6131,6,3
4227149,"March 18, 2022 02:00:00 AM",2022,March,18,Friday,2,78,Harbour Esplanade (West) - Bike Path,1,262,3,5
955827,"October 04, 2014 02:00:00 PM",2014,October,4,Saturday,14,25,Melbourne Convention Exhibition Centre,1785,21974,10,6
3331813,"September 20, 2020 12:00:00 PM",2020,September,20,Sunday,12,18,Collins Place (North),20,19958,9,7
734196,"December 16, 2013 09:00:00 AM",2013,December,16,Monday,9,28,The Arts Centre,671,18152,12,1
1105334,"April 06, 2015 08:00:00 AM",2015,April,6,Monday,8,2,Bourke Street Mall (South),196,51884,4,1
769702,"February 01, 2014 10:00:00 AM",2014,February,1,Saturday,10,16,Australia on Collins,1045,16700,2,6
4478478,"September 02, 2022 01:00:00 AM",2022,September,2,Friday,1,11,Waterfront City,2,3858,9,5
165160,"May 28, 2010 02:00:00 PM",2010,May,28,Friday,14,4,Town Hall (West),3271,66031,5,5
4467836,"August 08, 2022 02:00:00 PM",2022,August,8,Monday,14,86,Queensberry St - Errol St (South),112,313,8,1
2500600,"December 24, 2018 02:00:00 AM",2018,December,24,Monday,2,52,Elizabeth St-Lonsdale St (South),44,1701,12,1
4131525,"January 07, 2022 08:00:00 PM",2022,January,7,Friday,20,78,Harbour Esplanade (West) - Bike Path,47,262,1,5
656912,"August 17, 2013 06:00:00 AM",2013,August,17,Saturday,6,7,Birrarung Marr,27,19635,8,6
3690287,"May 17, 2021 12:00:00 PM",2021,May,17,Monday,12,31,Lygon St (West),172,7422,5,1
1252053,"September 09, 2015 09:00:00 AM",2015,September,9,Wednesday,9,15,State Library,621,50017,9,3
4206924,"March 10, 2022 10:00:00 AM",2022,March,10,Thursday,10,48,QVM-Queen St (East),252,3752,3,4
1771927,"February 25, 2017 08:00:00 AM",2017,February,25,Saturday,8,39,Alfred Place,100,5676,2,6
995337,"November 24, 2014 03:00:00 AM",2014,November,24,Monday,3,24,Spencer St-Collins St (North),17,28852,11,1
3983763,"November 13, 2021 08:00:00 AM",2021,November,13,Saturday,8,71,Westwood Place,2,186,11,6
12311,"June 02, 2009 09:00:00 AM",2009,June,2,Tuesday,9,15,State Library,616,50017,6,2
2978371,"January 09, 2020 01:00:00 PM",2020,January,9,Thursday,13,6,Flinders Street Station Underpass,2605,53444,1,4
282179,"March 10, 2011 10:00:00 AM",2011,March,10,Thursday,10,10,Victoria Point,178,8826,3,4
610605,"April 26, 2013 09:00:00 PM",2013,April,26,Friday,21,2,Bourke Street Mall (South),584,51884,4,5
3029610,"February 16, 2020 06:00:00 AM",2020,February,16,Sunday,6,58,Bourke St - Spencer St (North),101,3666,2,7
1812040,"April 09, 2017 02:00:00 PM",2017,April,9,Sunday,14,39,Alfred Place,136,5676,4,7
2241224,"May 22, 2018 07:00:00 PM",2018,May,22,Tuesday,19,30,Lonsdale St (South),763,11717,5,2
3110503,"April 15, 2020 04:00:00 AM",2020,April,15,Wednesday,4,20,Chinatown-Lt Bourke St (South),2,9613,4,3
1672272,"November 09, 2016 10:00:00 AM",2016,November,9,Wednesday,10,26,QV Market-Elizabeth St (West),556,17253,11,3
2317121,"July 26, 2018 05:00:00 PM",2018,July,26,Thursday,17,34,Flinders St-Spark La,312,3015,7,4
1687154,"November 25, 2016 11:00:00 AM",2016,November,25,Friday,11,37,Lygon St (East),258,5038,11,5
3664332,"April 26, 2021 07:00:00 PM",2021,April,26,Monday,19,62,La Trobe St (North),117,1047,4,1
125124,"February 24, 2010 09:00:00 PM",2010,February,24,Wednesday,21,18,Collins Place (North),120,19958,2,3
3461922,"December 18, 2020 11:00:00 AM",2020,December,18,Friday,11,68,Flinders Ln -Degraves St (North),422,787,12,5
3081902,"March 25, 2020 05:00:00 AM",2020,March,25,Wednesday,5,2,Bourke Street Mall (South),9,51884,3,3
377243,"October 29, 2011 11:00:00 AM",2011,October,29,Saturday,11,17,Collins Place (South),300,20168,10,6
2262014,"June 09, 2018 09:00:00 PM",2018,June,9,Saturday,21,15,State Library,1092,50017,6,6
731173,"December 12, 2013 12:00:00 AM",2013,December,12,Thursday,0,16,Australia on Collins,51,16700,12,4
4004610,"November 25, 2021 09:00:00 PM",2021,November,25,Thursday,21,18,Collins Place (North),58,19958,11,4
4210380,"March 30, 2022 10:00:00 AM",2022,March,30,Wednesday,10,35,Southbank,969,39528,3,3
1228461,"August 15, 2015 10:00:00 AM",2015,August,15,Saturday,10,37,Lygon St (East),203,5038,8,6
905586,"July 31, 2014 11:00:00 AM",2014,July,31,Thursday,11,2,Bourke Street Mall (South),1865,51884,7,4
3428924,"November 26, 2020 06:00:00 PM",2020,November,26,Thursday,18,44,Tin Alley-Swanston St (West),58,2369,11,4
1526231,"June 13, 2016 09:00:00 AM",2016,June,13,Monday,9,43,Monash Rd-Swanston St (West),100,5218,6,1
1951553,"September 05, 2017 01:00:00 PM",2017,September,5,Tuesday,13,34,Flinders St-Spark La,279,3015,9,2
1748281,"January 30, 2017 07:00:00 AM",2017,January,30,Monday,7,2,Bourke Street Mall (South),253,51884,1,1
3394881,"November 03, 2020 07:00:00 AM",2020,November,3,Tuesday,7,70,Errol Street (East),0,145,11,2
310284,"May 18, 2011 07:00:00 AM",2011,May,18,Wednesday,7,14,Sandridge Bridge,397,22489,5,3
1457897,"April 06, 2016 10:00:00 PM",2016,April,6,Wednesday,22,42,Grattan St-Swanston St (West),113,4073,4,3
